role,timing,tau,term,estimate_raw,std_error_raw,statistic,p_value,conf_low_raw,conf_high_raw,estimate,std_error,conf_low,conf_high,return_unit,inference
Actor1,reaction,0.05,(Intercept),-0.02670607226838107,0.0020315203628682643,-13.145855073131182,0,-0.03068785217960287,-0.022724292357159274,-2.6706072268381074,0.20315203628682643,-3.068785217960287,-2.2724292357159275,percent,bootstrap_xy_R500
Actor1,reaction,0.05,goldstein_a1,0.0030161639853083563,0.002225672394888445,1.3551697869980242,0.1755572955950997,-0.0013461539086729955,0.007378481879289708,0.3016163985308356,0.2225672394888445,-0.13461539086729954,0.7378481879289708,percent,bootstrap_xy_R500
Actor1,reaction,0.05,event_count_c,-2.115292907641715e-6,1.381584310794818e-6,-1.5310632084586995,0.12595408079366788,-4.823198156799558e-6,5.926123415161283e-7,-2.115292907641715e-4,1.3815843107948178e-4,-4.823198156799558e-4,5.9261234151612834e-5,percent,bootstrap_xy_R500
Actor1,reaction,0.05,return_vix,-0.0449834922233959,0.013709687798581869,-3.2811463604626354,0.0010564111555537714,-0.07185448030861635,-0.018112504138175438,-4.49834922233959,1.3709687798581869,-7.185448030861635,-1.8112504138175438,percent,bootstrap_xy_R500
Actor1,reaction,0.05,return_usdtry,0.14173527298851873,0.31084376353614585,0.45596949212087806,0.648474618283184,-0.46751850354232716,0.7509890495193646,14.173527298851873,31.084376353614584,-46.751850354232715,75.09890495193646,percent,bootstrap_xy_R500
Actor1,reaction,0.05,return_bist_lag1,0.1892752557930731,0.09183156389141033,2.061113279273875,0.03945565225463454,0.00928539056590888,0.36926512102023734,18.92752557930731,9.183156389141033,0.928539056590888,36.926512102023736,percent,bootstrap_xy_R500
Actor1,reaction,0.05,goldstein_a1:event_count_c,-6.396464491848949e-7,1.3996100995968165e-6,-0.4570176003796749,0.6477212605769926,-3.3828822443946553e-6,2.1035893460248652e-06,-6.396464491848949e-5,1.3996100995968165e-4,-3.3828822443946556e-4,2.1035893460248653e-4,percent,bootstrap_xy_R500
Actor1,reaction,0.1,(Intercept),-0.018560606098647202,0.00171010187535217,-10.853509002102534,0,-0.021912405774337455,-0.015208806422956949,-1.85606060986472,0.171010187535217,-2.1912405774337453,-1.5208806422956949,percent,bootstrap_xy_R500
Actor1,reaction,0.1,goldstein_a1,0.0019040544657555909,0.0015706775412839835,1.2122503924001367,0.2255979001974333,-0.0011744735151610168,0.0049825824466721985,0.19040544657555908,0.15706775412839835,-0.11744735151610168,0.49825824466721985,percent,bootstrap_xy_R500
Actor1,reaction,0.1,event_count_c,-2.0194110639687678e-6,1.2045786266309987e-6,-1.6764460362514622,0.09384881128411493,-4.380385172165525e-6,3.4156304422798953e-7,-2.0194110639687677e-4,1.2045786266309988e-4,-4.380385172165525e-4,3.415630442279896e-5,percent,bootstrap_xy_R500
Actor1,reaction,0.1,return_vix,-0.05290649647265762,0.012662565746166513,-4.178181383869586,3.099327594613399e-5,-0.07772512533514399,-0.028087867610171253,-5.290649647265762,1.2662565746166512,-7.772512533514399,-2.8087867610171253,percent,bootstrap_xy_R500
Actor1,reaction,0.1,return_usdtry,0.05149312378706141,0.21512531954510924,0.23936338082353859,0.8108548878376245,-0.37015250252135273,0.4731387500954755,5.149312378706141,21.512531954510923,-37.015250252135274,47.31387500954755,percent,bootstrap_xy_R500
Actor1,reaction,0.1,return_bist_lag1,0.18204041930238213,0.05192908174325011,3.505558218849966,4.6838766390777664e-4,0.08025941908561192,0.28382141951915235,18.204041930238212,5.1929081743250105,8.025941908561192,28.382141951915234,percent,bootstrap_xy_R500
Actor1,reaction,0.1,goldstein_a1:event_count_c,5.164274731701e-7,9.716159541558257e-7,0.5315139906474574,0.5951374112009502,-1.3879397969753184e-6,2.4207947433155184e-6,5.1642747317009997e-5,9.716159541558257e-5,-1.3879397969753185e-4,2.4207947433155184e-4,percent,bootstrap_xy_R500
Actor1,reaction,0.15000000000000002,(Intercept),-0.013720016143020963,0.001035618123804936,-13.2481421748517,0,-0.015749827665678638,-0.011690204620363288,-1.3720016143020963,0.1035618123804936,-1.5749827665678637,-1.1690204620363287,percent,bootstrap_xy_R500
Actor1,reaction,0.15000000000000002,goldstein_a1,0.0016764629476161857,0.0011404662816861385,1.4699802830975373,0.14176631391786243,-5.588509644886457e-4,0.003911776859721017,0.16764629476161858,0.11404662816861386,-0.055885096448864566,0.39117768597210173,percent,bootstrap_xy_R500
Actor1,reaction,0.15000000000000002,event_count_c,-2.2291707568827976e-6,1.0141733467641822e-6,-2.1980174927641136,0.02809256438318042,-4.216950516540595e-6,-2.413909972250005e-7,-2.2291707568827977e-4,1.0141733467641822e-4,-4.2169505165405954e-4,-2.4139099722500054e-5,percent,bootstrap_xy_R500
Actor1,reaction,0.15000000000000002,return_vix,-0.0438386916882529,0.010824348427738356,-4.05000744210269,5.3700293602076954e-5,-0.06505441460662008,-0.02262296876988572,-4.3838691688252895,1.0824348427738357,-6.5054414606620075,-2.262296876988572,percent,bootstrap_xy_R500
Actor1,reaction,0.15000000000000002,return_usdtry,0.018713973541610668,0.1643047266214234,0.11389796219758043,0.9093331606991222,-0.3033232906363792,0.3407512377196005,1.8713973541610667,16.43047266214234,-30.33232906363792,34.07512377196005,percent,bootstrap_xy_R500
Actor1,reaction,0.15000000000000002,return_bist_lag1,0.1300164812016582,0.04171484968026072,3.1167913152802615,0.0018612624534695144,0.0482553758283472,0.2117775865749692,13.001648120165822,4.171484968026072,4.82553758283472,21.17775865749692,percent,bootstrap_xy_R500
Actor1,reaction,0.15000000000000002,goldstein_a1:event_count_c,8.618190870189634e-7,9.220531389061555e-7,0.9346739907434743,0.3500992471457194,-9.454050652371014e-7,2.6690432392750282e-6,8.618190870189634e-5,9.220531389061556e-5,-9.454050652371014e-5,2.669043239275028e-4,percent,bootstrap_xy_R500
Actor1,reaction,0.2,(Intercept),-0.011104479110223142,8.241933049227932e-4,-13.473148888613407,0,-0.012719897987871816,-0.009489060232574467,-1.1104479110223142,0.08241933049227931,-1.2719897987871815,-0.9489060232574467,percent,bootstrap_xy_R500
Actor1,reaction,0.2,goldstein_a1,0.001379818335523318,9.816050362493021e-4,1.405675688865231,0.16001718016282918,-5.441275355253141e-4,0.0033037642065719504,0.1379818335523318,0.09816050362493021,-0.05441275355253141,0.330376420657195,percent,bootstrap_xy_R500
Actor1,reaction,0.2,event_count_c,-1.5345888117858666e-6,8.967913238853162e-7,-1.7111994406204956,0.08724069868081208,-3.292299806601086e-6,2.23122183029353e-7,-1.5345888117858668e-4,8.967913238853162e-5,-3.292299806601086e-4,2.23122183029353e-5,percent,bootstrap_xy_R500
Actor1,reaction,0.2,return_vix,-0.04572751155002379,0.008988480820624605,-5.087345955625704,4.0651466193253327e-7,-0.06334493395844801,-0.028110089141599563,-4.572751155002379,0.8988480820624605,-6.334493395844801,-2.8110089141599564,percent,bootstrap_xy_R500
Actor1,reaction,0.2,return_usdtry,0.04480006660179066,0.14763209179622086,0.3034575074884732,0.7615812035821019,-0.24455883331880224,0.3341589665223835,4.480006660179066,14.763209179622086,-24.455883331880223,33.41589665223835,percent,bootstrap_xy_R500
Actor1,reaction,0.2,return_bist_lag1,0.12614633060231853,0.03283901742628907,3.841355207580994,1.2719901359958818e-4,0.06178185644679195,0.1905108047578451,12.614633060231853,3.283901742628907,6.1781856446791945,19.05108047578451,percent,bootstrap_xy_R500
Actor1,reaction,0.2,goldstein_a1:event_count_c,4.745345641698373e-7,8.698286624071904e-7,0.5455494681637598,0.5854527239707648,-1.2303296141482557e-6,2.1793987424879305e-6,4.745345641698373e-5,8.698286624071904e-5,-1.2303296141482557e-4,2.1793987424879304e-4,percent,bootstrap_xy_R500
Actor1,reaction,0.25,(Intercept),-0.008814152354805295,9.223611213835499e-4,-9.556075327182034,0,-0.010621980152717052,-0.007006324556893537,-0.8814152354805295,0.09223611213835499,-1.0621980152717052,-0.7006324556893537,percent,bootstrap_xy_R500
Actor1,reaction,0.25,goldstein_a1,0.0013627622493293918,9.825828090126096e-4,1.3869184732621385,0.16566237286947239,-5.631000563353229e-4,0.0032886245549941066,0.13627622493293917,0.09825828090126096,-0.056310005633532285,0.3288624554994107,percent,bootstrap_xy_R500
Actor1,reaction,0.25,event_count_c,-1.5417558007846055e-6,1.0782271109816373e-6,-1.4298989378786473,0.15294385595372173,-3.655080938308615e-6,5.715693367394035e-7,-1.5417558007846055e-4,1.0782271109816372e-4,-3.655080938308615e-4,5.7156933673940353e-5,percent,bootstrap_xy_R500
Actor1,reaction,0.25,return_vix,-0.04245525804289363,0.008236483147638205,-5.154537110303879,2.86317669351277e-7,-0.058598765012264506,-0.026311751073522748,-4.245525804289363,0.8236483147638205,-5.85987650122645,-2.631175107352275,percent,bootstrap_xy_R500
Actor1,reaction,0.25,return_usdtry,0.02411570296042922,0.11121085144215893,0.21684667141472128,0.8283558517266534,-0.19385756586620229,0.24208897178706074,2.411570296042922,11.121085144215893,-19.38575658662023,24.208897178706074,percent,bootstrap_xy_R500
Actor1,reaction,0.25,return_bist_lag1,0.11140793435820426,0.0314324450343567,3.544361065021563,4.050339624779298e-4,0.049800342090865125,0.1730155266255434,11.140793435820425,3.14324450343567,4.980034209086512,17.30155266255434,percent,bootstrap_xy_R500
Actor1,reaction,0.25,goldstein_a1:event_count_c,3.100347300866974e-7,1.052137774798601e-6,0.2946712279635088,0.7682837796939244,-1.7521553085185606e-6,2.3722247686919556e-6,3.100347300866974e-5,1.052137774798601e-4,-1.7521553085185607e-4,2.3722247686919557e-4,percent,bootstrap_xy_R500
Actor1,reaction,0.3,(Intercept),-0.006176421310114888,9.984344361983445e-4,-6.18610605382596,7.839793259023509e-10,-0.008133352805063644,-0.004219489815166133,-0.6176421310114888,0.09984344361983445,-0.8133352805063644,-0.4219489815166133,percent,bootstrap_xy_R500
Actor1,reaction,0.3,goldstein_a1,7.120950070570387e-4,0.001074747946248666,0.6625693117558935,0.5077031268569454,-0.0013944109675903464,0.002818600981704424,0.07120950070570387,0.1074747946248666,-0.13944109675903463,0.2818600981704424,percent,bootstrap_xy_R500
Actor1,reaction,0.3,event_count_c,-1.186912870229674e-6,1.1498621620394342e-6,-1.0322218692060667,0.30212626472397863,-3.4406427078269648e-6,1.066816967367617e-6,-1.186912870229674e-4,1.1498621620394342e-4,-3.440642707826965e-4,1.0668169673676171e-4,percent,bootstrap_xy_R500
Actor1,reaction,0.3,return_vix,-0.04028884874483494,0.008022621427051338,-5.021905758756816,5.696444089764441e-7,-0.056013186741855556,-0.02456451074781432,-4.028884874483494,0.8022621427051337,-5.601318674185555,-2.4564510747814317,percent,bootstrap_xy_R500
Actor1,reaction,0.3,return_usdtry,0.07033773076451415,0.09964999832009763,0.7058477867563423,0.48038692341525646,-0.12497626594287721,0.2656517274719055,7.033773076451415,9.964999832009763,-12.497626594287722,26.56517274719055,percent,bootstrap_xy_R500
Actor1,reaction,0.3,return_bist_lag1,0.10851768826483936,0.03458526510689982,3.137685599038242,0.0017343341637812149,0.04073056865531571,0.176304807874363,10.851768826483935,3.458526510689982,4.073056865531571,17.6304807874363,percent,bootstrap_xy_R500
Actor1,reaction,0.3,goldstein_a1:event_count_c,9.629768728736983e-7,1.2164256431717784e-6,0.7916446667161479,0.42868679750587635,-1.4212173877429874e-6,3.347171133490384e-6,9.629768728736983e-5,1.2164256431717784e-4,-1.4212173877429873e-4,3.347171133490384e-4,percent,bootstrap_xy_R500
Actor1,reaction,0.35000000000000003,(Intercept),-0.003795509064197335,8.681300693074837e-4,-4.372051145774793,1.3112682824889532e-5,-0.005497044000040003,-0.0020939741283546665,-0.3795509064197335,0.08681300693074838,-0.5497044000040003,-0.20939741283546665,percent,bootstrap_xy_R500
Actor1,reaction,0.35000000000000003,goldstein_a1,8.378887078721534e-4,0.0010200646466414366,0.8214074574889959,0.41153821828128323,-0.0011614379995450621,0.002837215415289369,0.08378887078721534,0.10200646466414366,-0.11614379995450622,0.2837215415289369,percent,bootstrap_xy_R500
Actor1,reaction,0.35000000000000003,event_count_c,-2.918074549855147e-7,1.0731428434269758e-6,-0.2719185584406046,0.7857201899065172,-2.395167428102387e-6,1.8115525181313577e-6,-2.9180745498551466e-5,1.0731428434269758e-4,-2.3951674281023872e-4,1.8115525181313578e-4,percent,bootstrap_xy_R500
Actor1,reaction,0.35000000000000003,return_vix,-0.038101603240644745,0.007306595149826758,-5.2146865207863815,2.0847066251050705e-7,-0.05242252973430519,-0.0237806767469843,-3.8101603240644746,0.7306595149826758,-5.242252973430519,-2.37806767469843,percent,bootstrap_xy_R500
Actor1,reaction,0.35000000000000003,return_usdtry,0.030841071251413277,0.09336056175675042,0.3303436769346915,0.7411841179994498,-0.15214562979181753,0.2138277722946441,3.084107125141328,9.336056175675042,-15.214562979181753,21.38277722946441,percent,bootstrap_xy_R500
Actor1,reaction,0.35000000000000003,return_bist_lag1,0.06709790565127997,0.03321773287734779,2.0199423572653306,0.04355796854818128,0.0019911492116782975,0.13220466209088166,6.709790565127998,3.321773287734779,0.19911492116782975,13.220466209088165,percent,bootstrap_xy_R500
Actor1,reaction,0.35000000000000003,goldstein_a1:event_count_c,2.859253188806947e-7,1.2664862673557527e-6,0.22576266813983464,0.821415231023829,-2.1963877651365805e-6,2.76823840289797e-6,2.859253188806947e-5,1.2664862673557526e-4,-2.1963877651365806e-4,2.76823840289797e-4,percent,bootstrap_xy_R500
Actor1,reaction,0.4,(Intercept),-0.002021352599759107,7.066534900286805e-4,-2.8604579589312826,0.00428595633564699,-0.003406393440215321,-6.363117593028932e-4,-0.2021352599759107,0.07066534900286806,-0.3406393440215321,-0.06363117593028932,percent,bootstrap_xy_R500
Actor1,reaction,0.4,goldstein_a1,6.592058170875317e-4,9.05232126645183e-4,0.7282174347154116,0.4665884712569328,-0.001115049151137027,0.0024334607853120907,0.06592058170875317,0.09052321266451831,-0.11150491511370271,0.24334607853120907,percent,bootstrap_xy_R500
Actor1,reaction,0.4,event_count_c,-7.787785348344829e-7,8.663552940892407e-7,-0.8989135752361008,0.36883575214803654,-2.4768349112493947e-6,9.192778415804288e-7,-7.787785348344829e-5,8.663552940892406e-5,-2.476834911249395e-4,9.192778415804288e-5,percent,bootstrap_xy_R500
Actor1,reaction,0.4,return_vix,-0.03476748086721443,0.005773380798333639,-6.022031471966877,2.138362154013862e-9,-0.04608330723194836,-0.023451654502480497,-3.476748086721443,0.5773380798333638,-4.608330723194836,-2.3451654502480497,percent,bootstrap_xy_R500
Actor1,reaction,0.4,return_usdtry,0.02397844058372688,0.08498350951667302,0.28215404047325815,0.7778623741331481,-0.14258923806895224,0.19054611923640602,2.397844058372688,8.498350951667302,-14.258923806895224,19.054611923640604,percent,bootstrap_xy_R500
Actor1,reaction,0.4,return_bist_lag1,0.05258564903364936,0.02776793283395893,1.8937545458673641,0.05844023774794849,-0.0018394993209101401,0.10701079738820886,5.2585649033649355,2.776793283395893,-0.183949932091014,10.701079738820885,percent,bootstrap_xy_R500
Actor1,reaction,0.4,goldstein_a1:event_count_c,1.292527820012563e-6,1.0868676459744637e-6,1.1892228320530311,0.23453079274439603,-8.377327660973858e-7,3.4227884061225116e-6,1.292527820012563e-4,1.0868676459744637e-4,-8.377327660973859e-5,3.4227884061225114e-4,percent,bootstrap_xy_R500
Actor1,reaction,0.45,(Intercept),-8.669027640331213e-4,6.397008118821958e-4,-1.3551690851891023,0.17555751909741524,-0.002120716355322225,3.8691082725598243e-4,-0.08669027640331213,0.06397008118821958,-0.21207163553222252,0.03869108272559824,percent,bootstrap_xy_R500
Actor1,reaction,0.45,goldstein_a1,0.001051561830603203,8.23893188544175e-4,1.276332715483812,0.202025621793525,-5.632688189433799e-4,0.0026663924801497863,0.1051561830603203,0.0823893188544175,-0.056326881894337995,0.2666392480149786,percent,bootstrap_xy_R500
Actor1,reaction,0.45,event_count_c,-1.9607297283108767e-7,7.629834133412006e-7,-0.25698195976824634,0.7972261804621068,-1.6915204629798406e-6,1.2993745173176653e-6,-1.9607297283108768e-5,7.629834133412006e-5,-1.6915204629798405e-4,1.2993745173176652e-4,percent,bootstrap_xy_R500
Actor1,reaction,0.45,return_vix,-0.0357147135642466,0.005941907891009552,-6.010647458585653,2.2904602658968543e-9,-0.04736085303062532,-0.024068574097867883,-3.5714713564246603,0.5941907891009552,-4.7360853030625325,-2.406857409786788,percent,bootstrap_xy_R500
Actor1,reaction,0.45,return_usdtry,0.012475619508293925,0.08052206537670906,0.154934171769301,0.8768930153031675,-0.14534762863005582,0.17029886764664368,1.2475619508293925,8.052206537670905,-14.534762863005582,17.02988676466437,percent,bootstrap_xy_R500
Actor1,reaction,0.45,return_bist_lag1,0.048030426941706054,0.028645685788342402,1.6767071766615702,0.09379769954502803,-0.00811511720344505,0.10417597108685717,4.803042694170605,2.8645685788342403,-0.811511720344505,10.417597108685717,percent,bootstrap_xy_R500
Actor1,reaction,0.45,goldstein_a1:event_count_c,9.492138287246981e-7,1.0125169171779486e-6,0.9374794757704527,0.34865534247323793,-1.0353193289440812e-6,2.9337469863934772e-6,9.492138287246981e-5,1.0125169171779486e-4,-1.0353193289440812e-4,2.933746986393477e-4,percent,bootstrap_xy_R500
Actor1,reaction,0.5,(Intercept),6.419678140574473e-4,7.668877677242733e-4,0.8371079068877003,0.4026585922008987,-8.611322106821283e-4,0.002145067838797023,0.06419678140574474,0.07668877677242733,-0.08611322106821283,0.2145067838797023,percent,bootstrap_xy_R500
Actor1,reaction,0.5,goldstein_a1,0.0011178989670223153,8.742820668090816e-4,1.2786479437950462,0.20120895745947776,-5.956938839234845e-4,0.0028314918179681153,0.11178989670223152,0.08742820668090816,-0.05956938839234845,0.28314918179681153,percent,bootstrap_xy_R500
Actor1,reaction,0.5,event_count_c,-3.5980407140614756e-7,7.225324725933754e-7,-0.49797633331925967,0.6185700697164376,-1.7759677176891633e-6,1.056359574876868e-6,-3.598040714061476e-5,7.225324725933754e-5,-1.7759677176891632e-4,1.0563595748768681e-4,percent,bootstrap_xy_R500
Actor1,reaction,0.5,return_vix,-0.03007267232787373,0.0062837574697779935,-4.785778647968125,1.8624390467625318e-6,-0.0423888369686386,-0.01775650768710886,-3.007267232787373,0.6283757469777993,-4.23888369686386,-1.775650768710886,percent,bootstrap_xy_R500
Actor1,reaction,0.5,return_usdtry,0.03493647575923013,0.07580915761210884,0.4608476978202143,0.6449713433104485,-0.11364947316050318,0.18352242467896346,3.493647575923013,7.580915761210884,-11.364947316050317,18.352242467896346,percent,bootstrap_xy_R500
Actor1,reaction,0.5,return_bist_lag1,0.036198301046416546,0.02778146912562868,1.302965688485612,0.19277645257388043,-0.018253378439815664,0.09064998053264875,3.6198301046416548,2.778146912562868,-1.8253378439815664,9.064998053264874,percent,bootstrap_xy_R500
Actor1,reaction,0.5,goldstein_a1:event_count_c,9.195142392537043e-7,9.895617505146335e-7,0.9292136026635022,0.35292042603172247,-1.0200267917549775e-6,2.8590552702623863e-6,9.195142392537044e-5,9.895617505146335e-5,-1.0200267917549775e-4,2.859055270262386e-4,percent,bootstrap_xy_R500
Actor1,reaction,0.55,(Intercept),0.002267526641254649,8.517974891202977e-4,2.6620489849018685,0.007845474171881861,5.980035625788654e-4,0.003937049719930433,0.2267526641254649,0.08517974891202977,0.05980035625788654,0.3937049719930433,percent,bootstrap_xy_R500
Actor1,reaction,0.55,goldstein_a1,9.992147713889729e-4,9.013918032752148e-4,1.1085243595052867,0.26780423964499,-7.675131630304481e-4,0.002765942705808394,0.09992147713889729,0.09013918032752148,-0.07675131630304481,0.2765942705808394,percent,bootstrap_xy_R500
Actor1,reaction,0.55,event_count_c,2.5184789342751103e-7,7.719549591857099e-7,0.32624687545653003,0.7442808118875057,-1.2611838265764803e-6,1.7648796134315026e-6,2.5184789342751103e-5,7.719549591857099e-5,-1.2611838265764804e-4,1.7648796134315026e-4,percent,bootstrap_xy_R500
Actor1,reaction,0.55,return_vix,-0.030497188043724116,0.0059747146663430804,-5.104375647513626,3.7210402537013465e-7,-0.042207628789756556,-0.018786747297691676,-3.0497188043724117,0.5974714666343081,-4.2207628789756555,-1.8786747297691677,percent,bootstrap_xy_R500
Actor1,reaction,0.55,return_usdtry,0.08168207342711428,0.075157122871892,1.0868174606197245,0.27728336577819146,-0.06562588740179404,0.2289900342560226,8.168207342711428,7.515712287189199,-6.562588740179404,22.89900342560226,percent,bootstrap_xy_R500
Actor1,reaction,0.55,return_bist_lag1,0.030592792419234956,0.027435483111158798,1.1150812360505507,0.2649852941071238,-0.023180754478636285,0.0843663393171062,3.0592792419234955,2.74354831111588,-2.3180754478636283,8.43663393171062,percent,bootstrap_xy_R500
Actor1,reaction,0.55,goldstein_a1:event_count_c,6.409453926164649e-7,9.150088781841986e-7,0.7004799711762332,0.4837308080387932,-1.1524720086245643e-6,2.4343627938574938e-6,6.409453926164649e-5,9.150088781841986e-5,-1.1524720086245643e-4,2.4343627938574938e-4,percent,bootstrap_xy_R500
Actor1,reaction,0.6000000000000001,(Intercept),0.004412390462932174,7.891832091023405e-4,5.591085076367836,2.6544024311903058e-8,0.0028655913730915865,0.005959189552772762,0.4412390462932174,0.07891832091023405,0.28655913730915866,0.5959189552772761,percent,bootstrap_xy_R500
Actor1,reaction,0.6000000000000001,goldstein_a1,5.758150138404598e-4,8.217702624389935e-4,0.7007007191175978,0.4835930441661067,-0.0010348547005399672,0.002186484728220887,0.05758150138404598,0.08217702624389935,-0.10348547005399672,0.2186484728220887,percent,bootstrap_xy_R500
Actor1,reaction,0.6000000000000001,event_count_c,3.99577140903067e-7,8.31866834979766e-7,0.4803378667125084,0.6310537042078403,-1.2308818556572744e-6,2.0300361374634085e-6,3.99577140903067e-5,8.31866834979766e-5,-1.2308818556572743e-4,2.0300361374634085e-4,percent,bootstrap_xy_R500
Actor1,reaction,0.6000000000000001,return_vix,-0.029673365541097136,0.006081794392233901,-4.879047798621457,1.173628265238591e-6,-0.04159368254987558,-0.01775304853231869,-2.9673365541097136,0.6081794392233901,-4.159368254987558,-1.775304853231869,percent,bootstrap_xy_R500
Actor1,reaction,0.6000000000000001,return_usdtry,0.0693110599680491,0.07511567584290521,0.9227243074135987,0.35629186509584,-0.07791566468404512,0.2165377846201433,6.931105996804909,7.511567584290521,-7.791566468404512,21.65377846201433,percent,bootstrap_xy_R500
Actor1,reaction,0.6000000000000001,return_bist_lag1,0.015634668114900635,0.02997506106908283,0.521589199730662,0.6020295344719848,-0.04311645158050171,0.07438578781030297,1.5634668114900636,2.997506106908283,-4.311645158050171,7.438578781030297,percent,bootstrap_xy_R500
Actor1,reaction,0.6000000000000001,goldstein_a1:event_count_c,7.972959953799712e-7,8.33569684437341e-7,0.9564839152207718,0.33897422228576435,-8.365005861172171e-7,2.4310925768771594e-6,7.972959953799712e-5,8.33569684437341e-5,-8.365005861172172e-5,2.4310925768771595e-4,percent,bootstrap_xy_R500
Actor1,reaction,0.6500000000000001,(Intercept),0.0062315084706991925,6.74905623461751e-4,9.233155353983136,0,0.00490869344871416,0.007554323492684225,0.6231508470699193,0.0674905623461751,0.490869344871416,0.7554323492684225,percent,bootstrap_xy_R500
Actor1,reaction,0.6500000000000001,goldstein_a1,7.512019126630525e-4,8.379185771273137e-4,0.8965094379915085,0.370117399278453,-8.911184985064824e-4,0.0023935223238325874,0.07512019126630524,0.08379185771273137,-0.08911184985064824,0.23935223238325873,percent,bootstrap_xy_R500
Actor1,reaction,0.6500000000000001,event_count_c,1.3022438937559505e-6,7.574012147906473e-7,1.7193580737996343,0.08574516995457482,-1.8226248723371832e-7,2.7867502747456194e-6,1.3022438937559505e-4,7.574012147906474e-5,-1.8226248723371832e-5,2.7867502747456194e-4,percent,bootstrap_xy_R500
Actor1,reaction,0.6500000000000001,return_vix,-0.030410203731219304,0.0049741557131950465,-6.113641286007497,1.2248349001708903e-9,-0.04015954892908159,-0.020660858533357015,-3.0410203731219303,0.49741557131950465,-4.01595489290816,-2.0660858533357014,percent,bootstrap_xy_R500
Actor1,reaction,0.6500000000000001,return_usdtry,0.06345652440412447,0.06914343232401654,0.9177520159363457,0.35888886589047675,-0.07206460295094794,0.19897765175919688,6.345652440412447,6.914343232401654,-7.206460295094794,19.897765175919687,percent,bootstrap_xy_R500
Actor1,reaction,0.6500000000000001,return_bist_lag1,0.014877600728957949,0.03203496726426525,0.46441754118955486,0.6424126501717298,-0.04791093510900194,0.07766613656691784,1.487760072895795,3.2034967264265255,-4.791093510900194,7.766613656691784,percent,bootstrap_xy_R500
Actor1,reaction,0.6500000000000001,goldstein_a1:event_count_c,-2.0950106425058967e-8,8.809431541115614e-7,-0.023781450967954143,0.9810299407113892,-1.7475986884837192e-6,1.7056984756336015e-6,-2.0950106425058965e-6,8.809431541115614e-5,-1.7475986884837194e-4,1.7056984756336015e-4,percent,bootstrap_xy_R500
Actor1,reaction,0.7000000000000001,(Intercept),0.007658714434835653,7.1536756108611e-4,10.705985078786316,0,0.006256594015106877,0.009060834854564428,0.7658714434835653,0.071536756108611,0.6256594015106878,0.9060834854564428,percent,bootstrap_xy_R500
Actor1,reaction,0.7000000000000001,goldstein_a1,0.0016862341261329793,8.092284462967951e-4,2.0837553769266917,0.03734288930359542,1.001463713912608e-4,0.0032723218808746977,0.16862341261329794,0.08092284462967951,0.01001463713912608,0.3272321880874698,percent,bootstrap_xy_R500
Actor1,reaction,0.7000000000000001,event_count_c,1.4626740256738796e-6,7.280199133503357e-7,2.0091126614142705,0.04469510863135784,3.5754995507221805e-8,2.889593055840537e-6,1.4626740256738795e-4,7.280199133503356e-5,3.5754995507221805e-6,2.889593055840537e-4,percent,bootstrap_xy_R500
Actor1,reaction,0.7000000000000001,return_vix,-0.03358144994960838,0.005571117973059342,-6.027775773552207,2.0653989629693115e-9,-0.04450084117680469,-0.022662058722412066,-3.3581449949608375,0.5571117973059342,-4.450084117680468,-2.2662058722412066,percent,bootstrap_xy_R500
Actor1,reaction,0.7000000000000001,return_usdtry,0.04769948843103902,0.07482434670670036,0.6374861997527822,0.5239006190069251,-0.09895623111409368,0.19435520797617173,4.7699488431039025,7.482434670670036,-9.895623111409368,19.435520797617173,percent,bootstrap_xy_R500
Actor1,reaction,0.7000000000000001,return_bist_lag1,-0.022523398392555294,0.035380750180211466,-0.6366003625653105,0.5244774613434073,-0.09186966874576977,0.04682287196065918,-2.252339839255529,3.5380750180211464,-9.186966874576976,4.682287196065918,percent,bootstrap_xy_R500
Actor1,reaction,0.7000000000000001,goldstein_a1:event_count_c,9.029471765763058e-8,8.441111629022749e-7,0.10697017362875967,0.9148262307950541,-1.564163161630828e-6,1.7447525969460894e-6,9.029471765763058e-6,8.441111629022749e-5,-1.5641631616308282e-4,1.7447525969460894e-4,percent,bootstrap_xy_R500
Actor1,reaction,0.7500000000000001,(Intercept),0.009955528081801904,8.038394943838985e-4,12.384970073450177,0,0.008380002672809462,0.011531053490794346,0.9955528081801903,0.08038394943838985,0.8380002672809462,1.1531053490794345,percent,bootstrap_xy_R500
Actor1,reaction,0.7500000000000001,goldstein_a1,0.00145014348322014,9.02770828576114e-4,1.606325146224944,0.108402433950193,-3.192873407890434e-4,0.0032195743072293234,0.145014348322014,0.0902770828576114,-0.03192873407890434,0.3219574307229323,percent,bootstrap_xy_R500
Actor1,reaction,0.7500000000000001,event_count_c,1.3957396382071805e-6,7.252501720850721e-7,1.9244940462330007,0.054472198280415496,-2.575069907956077e-8,2.8172299754939217e-6,1.3957396382071805e-4,7.252501720850722e-5,-2.575069907956077e-6,2.817229975493922e-4,percent,bootstrap_xy_R500
Actor1,reaction,0.7500000000000001,return_vix,-0.0342307297761615,0.005712466798995137,-5.992285116157336,2.5582860274653285e-9,-0.04542716470219196,-0.023034294850131032,-3.4230729776161497,0.5712466798995137,-4.5427164702191964,-2.303429485013103,percent,bootstrap_xy_R500
Actor1,reaction,0.7500000000000001,return_usdtry,0.12531692523476548,0.06990170969397504,1.7927590867719045,0.07320280345365537,-0.011690425765425588,0.2623242762349566,12.531692523476549,6.990170969397504,-1.1690425765425587,26.232427623495656,percent,bootstrap_xy_R500
Actor1,reaction,0.7500000000000001,return_bist_lag1,-0.038203934604504906,0.03529479384636065,-1.0824240756528523,0.27922940468861546,-0.10738173054337177,0.030973861334361967,-3.8203934604504908,3.5294793846360655,-10.738173054337178,3.0973861334361965,percent,bootstrap_xy_R500
Actor1,reaction,0.7500000000000001,goldstein_a1:event_count_c,1.276243313192348e-7,9.211635445987492e-7,0.13854687592399983,0.8898258916071302,-1.6778562160943138e-6,1.9331048787327833e-6,1.276243313192348e-5,9.211635445987493e-5,-1.6778562160943138e-4,1.9331048787327832e-4,percent,bootstrap_xy_R500
Actor1,reaction,0.8,(Intercept),0.012011739332180608,7.35038098288238e-4,16.341655432764142,0,0.010571064659535662,0.013452414004825554,1.2011739332180609,0.0735038098288238,1.0571064659535663,1.3452414004825555,percent,bootstrap_xy_R500
Actor1,reaction,0.8,goldstein_a1,0.0016918624892183546,9.562543806668678e-4,1.7692598574434681,0.0770435161352776,-1.823960968887063e-4,0.0035661210753254154,0.16918624892183545,0.09562543806668679,-0.01823960968887063,0.3566121075325415,percent,bootstrap_xy_R500
Actor1,reaction,0.8,event_count_c,1.665849116201352e-6,7.678738291125278e-7,2.1694307750098236,0.03019875348512202,1.6081641114079756e-7,3.1708818212619064e-6,1.665849116201352e-4,7.678738291125278e-5,1.6081641114079757e-5,3.1708818212619063e-4,percent,bootstrap_xy_R500
Actor1,reaction,0.8,return_vix,-0.03236455753373677,0.0070316892265813915,-4.602671774997017,4.504803148952519e-6,-0.046146668417836295,-0.018582446649637246,-3.236455753373677,0.7031689226581391,-4.614666841783629,-1.8582446649637245,percent,bootstrap_xy_R500
Actor1,reaction,0.8,return_usdtry,0.14785654177552895,0.0677642216653478,2.1819263638224227,0.02926196198868314,0.015038667311447262,0.28067441623961065,14.785654177552896,6.776422166534781,1.5038667311447262,28.067441623961066,percent,bootstrap_xy_R500
Actor1,reaction,0.8,return_bist_lag1,-0.0388700615215994,0.040890634151238545,-0.9505859307007607,0.3419600872039501,-0.11901570445802695,0.04127558141482815,-3.88700615215994,4.089063415123855,-11.901570445802696,4.127558141482815,percent,bootstrap_xy_R500
Actor1,reaction,0.8,goldstein_a1:event_count_c,4.0845752225299297e-7,1.0825368795290084e-6,0.3773151104382746,0.7059901495863661,-1.7133147616238633e-6,2.530229806129849e-6,4.0845752225299295e-5,1.0825368795290083e-4,-1.7133147616238634e-4,2.530229806129849e-4,percent,bootstrap_xy_R500
Actor1,reaction,0.8500000000000001,(Intercept),0.014522174316414995,0.0010746691550371956,13.513158210921542,0,0.012415822772542093,0.016628525860287898,1.4522174316414995,0.10746691550371956,1.2415822772542093,1.6628525860287897,percent,bootstrap_xy_R500
Actor1,reaction,0.8500000000000001,goldstein_a1,0.0026927051151868137,0.0011188538955098724,2.406663752964566,0.016213199444488513,4.997514799874639e-4,0.004885658750386164,0.26927051151868137,0.11188538955098723,0.049975147998746396,0.48856587503861637,percent,bootstrap_xy_R500
Actor1,reaction,0.8500000000000001,event_count_c,2.0851016944816028e-6,9.19122874437808e-7,2.2685777413134005,0.02342851010156055,2.836208605834992e-7,3.8865825283797066e-06,2.0851016944816028e-4,9.19122874437808e-5,2.8362086058349917e-5,3.8865825283797067e-4,percent,bootstrap_xy_R500
Actor1,reaction,0.8500000000000001,return_vix,-0.03196410272461001,0.008351223256375526,-3.827475537815115,1.3451710114509297e-4,-0.04833250030710604,-0.015595705142113982,-3.196410272461001,0.8351223256375526,-4.833250030710604,-1.5595705142113983,percent,bootstrap_xy_R500
Actor1,reaction,0.8500000000000001,return_usdtry,0.14906573627567032,0.07930527759568735,1.8796445935872566,0.06034053726034516,-0.006372607811876874,0.3045040803632175,14.906573627567033,7.930527759568736,-0.6372607811876874,30.450408036321754,percent,bootstrap_xy_R500
Actor1,reaction,0.8500000000000001,return_bist_lag1,-0.10228813851976878,0.043074593252915024,-2.374674507526465,0.017683333254634892,-0.18671434129548223,-0.01786193574405534,-10.228813851976879,4.307459325291503,-18.671434129548224,-1.7861935744055342,percent,bootstrap_xy_R500
Actor1,reaction,0.8500000000000001,goldstein_a1:event_count_c,2.4578753825632884e-7,1.1030378596155808e-6,0.22282783506813458,0.8236983234368158,-1.9161666665902096e-6,2.4077417431028672e-6,2.4578753825632884e-5,1.1030378596155809e-4,-1.9161666665902096e-4,0.00024077417431028671,percent,bootstrap_xy_R500
Actor1,reaction,0.9000000000000001,(Intercept),0.0190652197992826,8.813571187360876e-4,21.6316625735356,0,0.01733775984655987,0.02079267975200533,1.90652197992826,0.08813571187360876,1.7337759846559868,2.079267975200533,percent,bootstrap_xy_R500
Actor1,reaction,0.9000000000000001,goldstein_a1,0.0020477372638753066,9.448953947783744e-4,2.167157629502051,0.03037191543761031,1.9574229010969261e-4,0.0038997322376409203,0.20477372638753066,0.09448953947783745,0.019574229010969262,0.38997322376409205,percent,bootstrap_xy_R500
Actor1,reaction,0.9000000000000001,event_count_c,2.880487103160262e-6,1.0474017785625707e-6,2.7501262286506467,0.006025198980760482,8.275796171776236e-7,4.9333945891429e-6,2.880487103160262e-4,1.0474017785625707e-4,8.275796171776236e-5,4.9333945891429e-4,percent,bootstrap_xy_R500
Actor1,reaction,0.9000000000000001,return_vix,-0.03789492688319281,0.010940718869374179,-3.463659685952651,5.471161726946505e-4,-0.059338735867166204,-0.016451117899219422,-3.789492688319281,1.094071886937418,-5.93387358671662,-1.6451117899219423,percent,bootstrap_xy_R500
Actor1,reaction,0.9000000000000001,return_usdtry,0.21687532950785302,0.0965167363241516,2.247023032145191,0.024776192299911237,0.02770252631251588,0.4060481327031902,21.6875329507853,9.65167363241516,2.770252631251588,40.60481327031902,percent,bootstrap_xy_R500
Actor1,reaction,0.9000000000000001,return_bist_lag1,-0.09349877873222139,0.04274018159079275,-2.1876083641245745,0.02884433001233644,-0.17726953465017517,-0.0097280228142676,-9.34987787322214,4.274018159079275,-17.726953465017516,-0.9728022814267601,percent,bootstrap_xy_R500
Actor1,reaction,0.9000000000000001,goldstein_a1:event_count_c,6.829730738179407e-7,1.1024900405793162e-6,0.6194823070320568,0.5356880472357952,-1.4779074057175192e-6,2.8438535533534003e-6,6.829730738179406e-5,1.1024900405793162e-4,-1.4779074057175192e-4,2.8438535533534005e-4,percent,bootstrap_xy_R500
Actor1,reaction,0.95,(Intercept),0.02595096353703126,0.002082881135520025,12.459166821611346,0,0.02186851651141201,0.03003341056265051,2.595096353703126,0.2082881135520025,2.1868516511412013,3.003341056265051,percent,bootstrap_xy_R500
Actor1,reaction,0.95,goldstein_a1,0.0022063105232074803,0.0018981467047377901,1.1623498424544902,0.24526903741689798,-0.0015140570180785882,0.005926678064493549,0.22063105232074803,0.189814670473779,-0.1514057018078588,0.5926678064493549,percent,bootstrap_xy_R500
Actor1,reaction,0.95,event_count_c,3.145625726088663e-6,1.1994807409059296e-6,2.6224895647035336,0.008812951609701969,7.94643473913041e-7,5.496607978264285e-6,3.145625726088663e-4,1.1994807409059297e-4,7.94643473913041e-5,5.496607978264285e-4,percent,bootstrap_xy_R500
Actor1,reaction,0.95,return_vix,-0.036084629218170544,0.01662900424965508,-2.169981357658202,0.030156939593431353,-0.06867747754749451,-0.0034917808888465865,-3.6084629218170545,1.6629004249655082,-6.867747754749451,-0.3491780888846586,percent,bootstrap_xy_R500
Actor1,reaction,0.95,return_usdtry,0.09274875498762346,0.10867068898273302,0.8534845583095599,0.3935200990555878,-0.12024579541853327,0.3057433053937802,9.274875498762345,10.867068898273303,-12.024579541853326,30.57433053937802,percent,bootstrap_xy_R500
Actor1,reaction,0.95,return_bist_lag1,-0.08770474391722119,0.04721679063354095,-1.8574905820667784,0.06342744623718644,-0.18024965355896144,0.004840165724519077,-8.77047439172212,4.721679063354095,-18.024965355896143,0.4840165724519077,percent,bootstrap_xy_R500
Actor1,reaction,0.95,goldstein_a1:event_count_c,7.250576011757917e-7,1.1333643723079805e-6,0.6397391861712454,0.5224349805613762,-1.49633656854785e-6,2.9464517708994336e-6,7.250576011757917e-5,1.1333643723079805e-4,-1.49633656854785e-4,2.9464517708994336e-4,percent,bootstrap_xy_R500
Actor1,prediction,0.05,(Intercept),-0.02543130656303956,0.001751806023104929,-14.517193243784323,0,-0.02886484636832522,-0.0219977667577539,-2.543130656303956,0.1751806023104929,-2.886484636832522,-2.19977667577539,percent,bootstrap_xy_R500
Actor1,prediction,0.05,goldstein_a1_lag1,6.296635009846353e-4,0.002093072899106973,0.30083209297358277,0.7635821655857595,-0.003472759381265032,0.004732086383234303,0.06296635009846353,0.2093072899106973,-0.3472759381265032,0.4732086383234303,percent,bootstrap_xy_R500
Actor1,prediction,0.05,event_count_c,-8.402979746475864e-7,1.6042469886866574e-6,-0.523795887150463,0.6004940685192117,-3.984622072473435e-6,2.3040261231782618e-6,-8.402979746475865e-5,1.6042469886866573e-4,-3.984622072473435e-4,2.3040261231782618e-4,percent,bootstrap_xy_R500
Actor1,prediction,0.05,return_vix,-0.05216266183101492,0.014273413193652952,-3.654533160590518,2.660863703110028e-4,-0.08013855169057471,-0.024186771971455138,-5.216266183101492,1.427341319365295,-8.013855169057472,-2.418677197145514,percent,bootstrap_xy_R500
Actor1,prediction,0.05,return_usdtry,0.03427811688957003,0.3084991287971452,0.11111252412031848,0.9115412476657201,-0.5703801755528345,0.6389364093319746,3.427811688957003,30.84991287971452,-57.038017555283446,63.89364093319746,percent,bootstrap_xy_R500
Actor1,prediction,0.05,return_bist_lag1,0.2550695511894531,0.08899856161222663,2.865996332624005,0.004212107392218556,0.08063237042948893,0.42950673194941735,25.506955118945314,8.899856161222663,8.063237042948893,42.950673194941736,percent,bootstrap_xy_R500
Actor1,prediction,0.05,goldstein_a1_lag1:event_count_c,9.76489259214598e-7,1.8084013514709737e-6,0.5399737499755299,0.5892913269327065,-2.5679773896685104e-6,4.520955908097706e-6,9.76489259214598e-5,1.8084013514709735e-4,-2.5679773896685105e-4,4.5209559080977064e-4,percent,bootstrap_xy_R500
Actor1,prediction,0.1,(Intercept),-0.01741770223180221,0.0016940321683010147,-10.281801348123654,0,-0.020738005281672196,-0.014097399181932221,-1.741770223180221,0.16940321683010146,-2.0738005281672196,-1.4097399181932222,percent,bootstrap_xy_R500
Actor1,prediction,0.1,goldstein_a1_lag1,7.559949615577776e-4,0.00161301675179442,0.4686838873289827,0.6393603427206023,-0.0024055178719592854,0.003917507795074841,0.07559949615577775,0.161301675179442,-0.24055178719592854,0.3917507795074841,percent,bootstrap_xy_R500
Actor1,prediction,0.1,event_count_c,-3.757356045795382e-8,1.2072220168041014e-6,-0.031123985426825564,0.9751745972281447,-2.4037287133939925e-6,2.3285815924780846e-6,-3.7573560457953816e-6,1.2072220168041014e-4,-2.4037287133939924e-4,2.3285815924780847e-4,percent,bootstrap_xy_R500
Actor1,prediction,0.1,return_vix,-0.04962631628084786,0.01288319131735033,-3.852020439533024,1.218357012062743e-4,-0.07487737126285451,-0.024375261298841214,-4.962631628084786,1.288319131735033,-7.4877371262854515,-2.4375261298841213,percent,bootstrap_xy_R500
Actor1,prediction,0.1,return_usdtry,0.08081737130114099,0.2014554290385968,0.4011675023444377,0.6883511203700405,-0.3140352696145088,0.4756700122167907,8.0817371301141,20.14554290385968,-31.40352696145088,47.56700122167907,percent,bootstrap_xy_R500
Actor1,prediction,0.1,return_bist_lag1,0.20639926480563642,0.059680331672433834,3.4584135010927164,5.578095045866149e-4,0.0894258147276661,0.32337271488360675,20.63992648056364,5.968033167243384,8.94258147276661,32.33727148836068,percent,bootstrap_xy_R500
Actor1,prediction,0.1,goldstein_a1_lag1:event_count_c,-5.074875587922402e-7,1.0525408224697771e-6,-0.48215475158619064,0.629762885089916,-2.570467570833003e-6,1.5554924532485227e-6,-5.0748755879224016e-5,1.0525408224697771e-4,-2.570467570833003e-4,1.5554924532485225e-4,percent,bootstrap_xy_R500
Actor1,prediction,0.15000000000000002,(Intercept),-0.012496997859056554,0.0010810617317613535,-11.559929920648871,0,-0.014615878853308808,-0.0103781168648043,-1.2496997859056553,0.10810617317613534,-1.4615878853308808,-1.03781168648043,percent,bootstrap_xy_R500
Actor1,prediction,0.15000000000000002,goldstein_a1_lag1,-2.56455528833884e-4,0.0011084009146318393,-0.2313743388772527,0.8170539958340797,-0.0024289213215122887,0.0019160102638445208,-0.025645552883388403,0.11084009146318392,-0.24289213215122887,0.1916010263844521,percent,bootstrap_xy_R500
Actor1,prediction,0.15000000000000002,event_count_c,5.97172651104825e-8,1.0616660207948942e-6,0.05624863557917281,0.9551508577826946,-2.02114813564751e-6,2.140582665868475e-6,5.9717265110482505e-6,1.0616660207948941e-4,-2.0211481356475098e-4,2.1405826658684753e-4,percent,bootstrap_xy_R500
Actor1,prediction,0.15000000000000002,return_vix,-0.05034356075162965,0.009975579407741929,-5.046680367514153,5.016050810269235e-7,-0.06989569639080383,-0.03079142511245547,-5.034356075162965,0.9975579407741929,-6.989569639080383,-3.079142511245547,percent,bootstrap_xy_R500
Actor1,prediction,0.15000000000000002,return_usdtry,0.014806417198471908,0.15439996612155896,0.0958965054876685,0.9236149464344714,-0.28781751639978365,0.3174303507967275,1.4806417198471908,15.439996612155896,-28.781751639978363,31.743035079672747,percent,bootstrap_xy_R500
Actor1,prediction,0.15000000000000002,return_bist_lag1,0.1141192637661155,0.04061203351640632,2.809986446997636,0.00501550306657772,0.034519678073959115,0.1937188494582719,11.41192637661155,4.061203351640632,3.4519678073959117,19.37188494582719,percent,bootstrap_xy_R500
Actor1,prediction,0.15000000000000002,goldstein_a1_lag1:event_count_c,-6.406593741040117e-7,7.765859773744263e-7,-0.8249690218075127,0.4095138661339428,-2.1627678897578875e-6,8.814491415498639e-7,-6.406593741040117e-5,7.765859773744263e-5,-2.1627678897578875e-4,8.81449141549864e-5,percent,bootstrap_xy_R500
Actor1,prediction,0.2,(Intercept),-0.00973283045872537,8.916044415801128e-4,-10.916085659551811,0,-0.01148037516422239,-0.00798528575322835,-0.973283045872537,0.08916044415801128,-1.148037516422239,-0.7985285753228349,percent,bootstrap_xy_R500
Actor1,prediction,0.2,goldstein_a1_lag1,-5.256676171289366e-4,0.0010824523196405825,-0.4856265791951735,0.6272993671414695,-0.0026472741636244784,0.0015959389293666052,-0.05256676171289366,0.10824523196405825,-0.26472741636244784,0.15959389293666051,percent,bootstrap_xy_R500
Actor1,prediction,0.2,event_count_c,9.041604550562623e-7,1.0120365435662855e-6,0.8934069236967651,0.37177552521953294,-1.0794311703336568e-6,2.8877520804461817e-6,9.041604550562623e-5,1.0120365435662855e-4,-1.0794311703336568e-4,2.8877520804461817e-4,percent,bootstrap_xy_R500
Actor1,prediction,0.2,return_vix,-0.04543921804463002,0.009416375404474337,-4.8255529429125,1.5311174390575388e-6,-0.06389531383739971,-0.02698312225186032,-4.543921804463002,0.9416375404474338,-6.389531383739971,-2.698312225186032,percent,bootstrap_xy_R500
Actor1,prediction,0.2,return_usdtry,0.06901591183576959,0.14430011090539568,0.4782803797082109,0.6325169120676088,-0.21381230553880592,0.35184412921034514,6.901591183576959,14.430011090539569,-21.38123055388059,35.184412921034514,percent,bootstrap_xy_R500
Actor1,prediction,0.2,return_bist_lag1,0.1275149549674741,0.03925586549711676,3.248303237049753,0.0011853612985834872,0.050573458593125245,0.20445645134182294,12.751495496747408,3.9255865497116758,5.057345859312525,20.445645134182293,percent,bootstrap_xy_R500
Actor1,prediction,0.2,goldstein_a1_lag1:event_count_c,-7.066925687630742e-7,8.202962711908661e-7,-0.8615089371759942,0.3890886898803756,-2.3144732602971718e-6,9.010881227710233e-7,-7.066925687630741e-5,8.202962711908661e-5,-2.314473260297172e-4,9.010881227710234e-5,percent,bootstrap_xy_R500
Actor1,prediction,0.25,(Intercept),-0.007143492344859582,0.0010260387172051208,-6.962205446124008,4.8974158062264905e-12,-0.009154528230581618,-0.005132456459137546,-0.7143492344859582,0.10260387172051208,-0.9154528230581618,-0.5132456459137547,percent,bootstrap_xy_R500
Actor1,prediction,0.25,goldstein_a1_lag1,-4.745611182281119e-4,0.0012011954741236793,-0.3950740145556438,0.6928416615901134,-0.002828904247510523,0.0018797820110542994,-0.04745611182281119,0.12011954741236792,-0.2828904247510523,0.18797820110542993,percent,bootstrap_xy_R500
Actor1,prediction,0.25,event_count_c,3.1692052658170285e-7,9.247436662450042e-7,0.3427117569440449,0.7318609615677276,-1.4955770592585054e-6,2.1294181124219113e-6,3.1692052658170285e-5,9.247436662450042e-5,-1.4955770592585055e-4,2.1294181124219112e-4,percent,bootstrap_xy_R500
Actor1,prediction,0.25,return_vix,-0.04298320981199513,0.008523978185718381,-5.0426231596899145,5.121889352643905e-7,-0.059690207056003156,-0.026276212567987105,-4.298320981199513,0.8523978185718382,-5.9690207056003155,-2.6276212567987107,percent,bootstrap_xy_R500
Actor1,prediction,0.25,return_usdtry,0.08426581561177146,0.12348083919502081,0.6824201727256268,0.4950734633562759,-0.15775662921046932,0.32628826043401227,8.426581561177146,12.34808391950208,-15.775662921046932,32.628826043401226,percent,bootstrap_xy_R500
Actor1,prediction,0.25,return_bist_lag1,0.13209765046093272,0.039909891548071834,3.309897505028794,9.543454002545193e-4,0.05387426302671193,0.2103210378951535,13.209765046093272,3.9909891548071834,5.387426302671193,21.03210378951535,percent,bootstrap_xy_R500
Actor1,prediction,0.25,goldstein_a1_lag1:event_count_c,-5.105621793709507e-7,8.091220878390294e-7,-0.6310075908748698,0.5281269424986341,-2.0964414715354482e-06,1.075317112793547e-6,-5.1056217937095075e-5,8.091220878390294e-5,-2.0964414715354482e-4,1.075317112793547e-4,percent,bootstrap_xy_R500
Actor1,prediction,0.3,(Intercept),-0.005113890988111977,9.056457277592109e-4,-5.646679304461574,1.9365655301584184e-8,-0.00688895661452003,-0.003338825361703924,-0.5113890988111978,0.09056457277592109,-0.688895661452003,-0.3338825361703924,percent,bootstrap_xy_R500
Actor1,prediction,0.3,goldstein_a1_lag1,-6.17257896017138e-4,9.999043611015346e-4,-0.6173169355288561,0.5371147623751491,-0.002577070443776146,0.0013425546517418698,-0.06172578960171381,0.09999043611015346,-0.2577070443776146,0.134255465174187,percent,bootstrap_xy_R500
Actor1,prediction,0.3,event_count_c,4.002603432788734e-7,7.834871564658507e-7,0.5108703314095988,0.6095133197432889,-1.1353744833941941e-6,1.935895169951941e-6,4.002603432788734e-5,7.834871564658507e-5,-1.1353744833941942e-4,1.935895169951941e-4,percent,bootstrap_xy_R500
Actor1,prediction,0.3,return_vix,-0.04213057293961742,0.007379738507371417,-5.708952003859534,1.3556309852447157e-8,-0.05659486041406539,-0.02766628546516944,-4.213057293961741,0.7379738507371417,-5.659486041406539,-2.766628546516944,percent,bootstrap_xy_R500
Actor1,prediction,0.3,return_usdtry,0.07750695927861093,0.09863746521504388,0.7857760650036433,0.43211666024759343,-0.11582247254287506,0.27083639110009694,7.750695927861092,9.863746521504387,-11.582247254287505,27.083639110009695,percent,bootstrap_xy_R500
Actor1,prediction,0.3,return_bist_lag1,0.11081543458463876,0.033322606693792445,3.3255331914139297,9.027477977867626e-4,0.045503125464805574,0.17612774370447193,11.081543458463877,3.3322606693792443,4.550312546480558,17.61277437044719,percent,bootstrap_xy_R500
Actor1,prediction,0.3,goldstein_a1_lag1:event_count_c,-6.014954592866568e-7,7.601157140074914e-7,-0.7913209110168833,0.4288756714076014,-2.09132225874134e-6,8.883313401680265e-7,-6.014954592866568e-5,7.601157140074915e-5,-2.0913222587413402e-4,8.883313401680264e-5,percent,bootstrap_xy_R500
Actor1,prediction,0.35000000000000003,(Intercept),-0.003208047798382196,8.680607396576782e-4,-3.6956489930039886,2.268189809071508e-4,-0.004909446848111246,-0.0015066487486531468,-0.32080477983821964,0.08680607396576782,-0.4909446848111246,-0.15066487486531469,percent,bootstrap_xy_R500
Actor1,prediction,0.35000000000000003,goldstein_a1_lag1,-2.302371094331455e-4,0.0010509064652193597,-0.219084302031663,0.8266127115075168,-0.0022900137812630907,0.0018295395623967995,-0.02302371094331455,0.10509064652193596,-0.22900137812630908,0.18295395623967994,percent,bootstrap_xy_R500
Actor1,prediction,0.35000000000000003,event_count_c,6.497369203335803e-7,7.401621579590527e-7,0.8778305042305676,0.38016933887476556,-8.00980909266163e-7,2.1004547499333237e-6,6.497369203335803e-5,7.401621579590526e-5,-8.00980909266163e-5,2.1004547499333236e-4,percent,bootstrap_xy_R500
Actor1,prediction,0.35000000000000003,return_vix,-0.039303157937411834,0.006426123121728334,-6.116153891374723,1.2063008369977979e-9,-0.051898359255999366,-0.026707956618824302,-3.9303157937411832,0.6426123121728333,-5.189835925599937,-2.6707956618824302,percent,bootstrap_xy_R500
Actor1,prediction,0.35000000000000003,return_usdtry,0.04212368097208097,0.09688305257766049,0.43478895277700963,0.6637750752294937,-0.14776710208013358,0.2320144640242955,4.212368097208097,9.688305257766048,-14.776710208013357,23.20144640242955,percent,bootstrap_xy_R500
Actor1,prediction,0.35000000000000003,return_bist_lag1,0.07880261386473435,0.03221173487535398,2.446394587862706,0.014537804139302946,0.015667613509040543,0.14193761422042817,7.8802613864734345,3.221173487535398,1.5667613509040543,14.193761422042817,percent,bootstrap_xy_R500
Actor1,prediction,0.35000000000000003,goldstein_a1_lag1:event_count_c,-9.493120655604033e-7,8.108035447337683e-7,-1.1708287065667862,0.24184441145156566,-2.5384870132385894e-6,6.398628821177825e-7,-9.493120655604034e-5,8.108035447337683e-5,-2.5384870132385894e-4,6.398628821177825e-5,percent,bootstrap_xy_R500
Actor1,prediction,0.4,(Intercept),-0.0013664468048264625,7.002978302732422e-4,-1.9512366678236064,0.05120563962883029,-0.0027390305521620174,6.1369425090921585e-6,-0.13664468048264625,0.07002978302732422,-0.27390305521620173,6.136942509092158e-4,percent,bootstrap_xy_R500
Actor1,prediction,0.4,goldstein_a1_lag1,-3.5053736763428754e-4,8.679008081800481e-4,-0.40389104875861315,0.6863475661120497,-0.002051622951667182,0.0013505482163986067,-0.03505373676342875,0.08679008081800481,-0.2051622951667182,0.13505482163986068,percent,bootstrap_xy_R500
Actor1,prediction,0.4,event_count_c,3.91559929448308e-7,6.733707687675728e-7,0.5814923183626681,0.5609917450730764,-9.282467773361347e-7,1.7113666362327508e-6,3.91559929448308e-5,6.733707687675729e-5,-9.282467773361347e-5,1.7113666362327508e-4,percent,bootstrap_xy_R500
Actor1,prediction,0.4,return_vix,-0.035057157533857214,0.00573801757572514,-6.109628817131477,1.2554761674721249e-9,-0.046303671982278485,-0.02381064308543594,-3.5057157533857213,0.5738017575725141,-4.630367198227849,-2.381064308543594,percent,bootstrap_xy_R500
Actor1,prediction,0.4,return_usdtry,0.05489885393176647,0.08827727451509985,0.6218911292098852,0.5341032956044283,-0.11812460411782924,0.22792231198136217,5.489885393176647,8.827727451509986,-11.812460411782924,22.792231198136218,percent,bootstrap_xy_R500
Actor1,prediction,0.4,return_bist_lag1,0.06081418028280714,0.02936102542889925,2.071255325536056,0.03849714826650574,0.003266570442164614,0.11836179012344966,6.081418028280714,2.936102542889925,0.32665704421646136,11.836179012344965,percent,bootstrap_xy_R500
Actor1,prediction,0.4,goldstein_a1_lag1:event_count_c,-8.384841657053433e-7,7.625823880434305e-7,-1.0995325604839303,0.27170355545200264,-2.3331456462704673e-6,6.561773148597804e-7,-8.384841657053433e-5,7.625823880434305e-5,-2.3331456462704673e-4,6.561773148597804e-5,percent,bootstrap_xy_R500
Actor1,prediction,0.45,(Intercept),-4.891753404140784e-4,6.503353212749764e-4,-0.7521894081580172,0.45204934322439394,-0.0017638325701130322,7.854818892848752e-4,-0.04891753404140784,0.06503353212749764,-0.17638325701130322,0.07854818892848753,percent,bootstrap_xy_R500
Actor1,prediction,0.45,goldstein_a1_lag1,4.848063536917146e-5,8.397761684709134e-4,0.05773042530778919,0.9539706673249713,-0.001597480654833819,0.0016944419255721618,0.004848063536917146,0.08397761684709135,-0.15974806548338188,0.16944419255721618,percent,bootstrap_xy_R500
Actor1,prediction,0.45,event_count_c,5.206137425024348e-7,6.432234411848116e-7,0.8093824154534373,0.4184172360626355,-7.401042022197961e-7,1.7813316872246656e-6,5.2061374250243475e-5,6.432234411848116e-5,-7.40104202219796e-5,1.7813316872246655e-4,percent,bootstrap_xy_R500
Actor1,prediction,0.45,return_vix,-0.035153050039566314,0.00605956340830798,-5.801251290046678,7.938464108292465e-9,-0.04702979431984995,-0.023276305759282676,-3.515305003956631,0.605956340830798,-4.702979431984995,-2.3276305759282674,percent,bootstrap_xy_R500
Actor1,prediction,0.45,return_usdtry,0.029051661662212507,0.078397301964813,0.37056966163518923,0.7110078179467871,-0.12460705018882096,0.18271037351324598,2.9051661662212505,7.8397301964813,-12.460705018882095,18.271037351324598,percent,bootstrap_xy_R500
Actor1,prediction,0.45,return_bist_lag1,0.055399898603468244,0.027896277924511607,1.9859243858045321,0.0472145112237754,7.231938714254982e-4,0.11007660333551099,5.539989860346824,2.7896277924511605,0.07231938714254982,11.0076603335511,percent,bootstrap_xy_R500
Actor1,prediction,0.45,goldstein_a1_lag1:event_count_c,-1.058063676345149e-6,7.868375093133291e-7,-1.3447041654998353,0.17891403477040546,-2.600265194599274e-6,4.841378419089759e-7,-1.0580636763451491e-4,7.868375093133291e-5,-2.6002651945992745e-4,4.8413784190897594e-5,percent,bootstrap_xy_R500
Actor1,prediction,0.5,(Intercept),0.0012344966786275073,6.46097325805799e-4,1.9106977065535273,0.05622449577915134,-3.1854079951858716e-5,0.0025008474372068736,0.12344966786275073,0.06460973258057989,-0.0031854079951858716,0.25008474372068734,percent,bootstrap_xy_R500
Actor1,prediction,0.5,goldstein_a1_lag1,1.6738360516338385e-4,7.583257552228501e-4,0.2207278389406603,0.8253329082113283,-0.0013189348750734023,0.0016537020854001702,0.016738360516338386,0.075832575522285,-0.13189348750734023,0.16537020854001702,percent,bootstrap_xy_R500
Actor1,prediction,0.5,event_count_c,4.7146818503365464e-7,6.579308889686699e-7,0.7165922636231563,0.4737317594525021,-8.180763573449382e-7,1.7610127274122476e-6,4.7146818503365466e-5,6.579308889686698e-5,-8.180763573449383e-5,1.7610127274122477e-4,percent,bootstrap_xy_R500
Actor1,prediction,0.5,return_vix,-0.030845146423028453,0.006133477322966163,-5.028981897027977,5.493783512555694e-7,-0.04286676197604213,-0.018823530870014774,-3.084514642302845,0.6133477322966163,-4.286676197604213,-1.8823530870014773,percent,bootstrap_xy_R500
Actor1,prediction,0.5,return_usdtry,0.04707974445528381,0.0782047171991665,0.6020064535926176,0.54725632618815645,-0.10620150125508251,0.20036099016565015,4.707974445528381,7.820471719916649,-10.620150125508252,20.036099016565014,percent,bootstrap_xy_R500
Actor1,prediction,0.5,return_bist_lag1,0.03315775190477994,0.028081519766211795,1.180767714170369,0.2378729544673457,-0.02188202683699518,0.08819753064655506,3.3157751904779937,2.8081519766211795,-2.188202683699518,8.819753064655506,percent,bootstrap_xy_R500
Actor1,prediction,0.5,goldstein_a1_lag1:event_count_c,-7.739235457391204e-7,7.962098199192941e-7,-0.9720095461992259,0.3311947665603632,-2.334494792780937e-6,7.866477013026961e-7,-7.739235457391204e-5,7.962098199192941e-5,-2.334494792780937e-4,7.86647701302696e-5,percent,bootstrap_xy_R500
Actor1,prediction,0.55,(Intercept),0.002694393635137271,6.821265791168793e-4,3.9499906873964505,8.159883755132213e-5,0.0013574255400681879,0.004031361730206354,0.2694393635137271,0.06821265791168793,0.13574255400681878,0.4031361730206354,percent,bootstrap_xy_R500
Actor1,prediction,0.55,goldstein_a1_lag1,4.3000964055884877e-4,7.586943978971107e-4,0.5667758213988604,0.5709471049888968,-0.001057031379319488,0.0019170506604371858,0.043000964055884876,0.07586943978971107,-0.10570313793194881,0.1917050660437186,percent,bootstrap_xy_R500
Actor1,prediction,0.55,event_count_c,4.1026992767793974e-7,6.58973878131042e-7,0.6225890604974094,0.5336445569927128,-8.813188734589026e-7,1.7018587288147821e-6,4.1026992767793974e-5,6.58973878131042e-5,-8.813188734589026e-5,1.7018587288147822e-4,percent,bootstrap_xy_R500
Actor1,prediction,0.55,return_vix,-0.02845892488972281,0.005538272125131141,-5.138592731943255,3.112911448610589e-7,-0.03931393825497985,-0.017603911524465773,-2.845892488972281,0.5538272125131141,-3.931393825497985,-1.7603911524465772,percent,bootstrap_xy_R500
Actor1,prediction,0.55,return_usdtry,0.07808592915250574,0.07543495195803751,1.0351425582658673,0.3007609440249941,-0.06976657668524779,0.22593843499025928,7.808592915250574,7.543495195803751,-6.976657668524779,22.59384349902593,percent,bootstrap_xy_R500
Actor1,prediction,0.55,return_bist_lag1,0.004099332596769459,0.02658178862030911,0.15421583006786355,0.877459281071836,-0.0480009730990364,0.056199638292575314,0.40993325967694594,2.658178862030911,-4.80009730990364,5.619963829257531,percent,bootstrap_xy_R500
Actor1,prediction,0.55,goldstein_a1_lag1:event_count_c,-8.342727990721376e-7,8.038607171624526e-7,-1.0378325265315074,0.29950703122210065,-2.4098398047105448e-6,7.412942065662695e-7,-8.342727990721375e-5,8.038607171624526e-5,-2.4098398047105448e-4,7.412942065662696e-5,percent,bootstrap_xy_R500
Actor1,prediction,0.6000000000000001,(Intercept),0.004118051031451863,6.791472701407807e-4,6.063561192844419,1.6628138865826259e-9,0.002786922381975933,0.0054491796809277935,0.4118051031451863,0.06791472701407807,0.2786922381975933,0.5449179680927794,percent,bootstrap_xy_R500
Actor1,prediction,0.6000000000000001,goldstein_a1_lag1,9.319654749782681e-4,8.337324371338265e-4,1.1178232169809097,0.2638126540355874,-7.02150101804032e-4,0.002566081051760568,0.09319654749782681,0.08337324371338266,-0.0702150101804032,0.2566081051760568,percent,bootstrap_xy_R500
Actor1,prediction,0.6000000000000001,event_count_c,1.6952086627045872e-7,6.594978935868706e-7,0.2570453490737784,0.797177276255802,-1.1230950051598075e-6,1.462136737700725e-6,1.695208662704587e-5,6.594978935868706e-5,-1.1230950051598075e-4,1.462136737700725e-4,percent,bootstrap_xy_R500
Actor1,prediction,0.6000000000000001,return_vix,-0.031709992174347036,0.006350622661838863,-4.993209935915986,6.596988750828814e-7,-0.044157212591551205,-0.019262771757142867,-3.1709992174347037,0.6350622661838863,-4.415721259155121,-1.9262771757142867,percent,bootstrap_xy_R500
Actor1,prediction,0.6000000000000001,return_usdtry,0.07128063957670028,0.08251343892575105,0.8638670319006034,0.3877922255450308,-0.09044570071777178,0.23300697987117233,7.128063957670028,8.251343892575106,-9.044570071777178,23.300697987117232,percent,bootstrap_xy_R500
Actor1,prediction,0.6000000000000001,return_bist_lag1,0.011669534542970029,0.026661265170642004,0.4376962033977259,0.6616664221098392,-0.0405865451914883,0.06392561427742835,1.1669534542970028,2.6661265170642006,-4.0586545191488295,6.392561427742835,percent,bootstrap_xy_R500
Actor1,prediction,0.6000000000000001,goldstein_a1_lag1:event_count_c,-9.902901596275257e-7,7.890965458445691e-7,-1.2549670440739533,0.20967654913950717,-2.536919389482881e-6,5.563390702278298e-7,-9.902901596275257e-5,7.890965458445691e-5,-2.536919389482881e-4,5.563390702278298e-5,percent,bootstrap_xy_R500
Actor1,prediction,0.6500000000000001,(Intercept),0.006098531681607285,7.56031675029628e-4,8.066502876838184,1.3322676295501878e-15,0.004616709598549215,0.007580353764665356,0.6098531681607285,0.0756031675029628,0.46167095985492146,0.7580353764665356,percent,bootstrap_xy_R500
Actor1,prediction,0.6500000000000001,goldstein_a1_lag1,6.706740399639618e-4,8.865140508179062e-4,0.7565295094253629,0.4494447162217363,-0.0010668934996391343,0.0024082415795670577,0.06706740399639619,0.08865140508179062,-0.10668934996391342,0.24082415795670578,percent,bootstrap_xy_R500
Actor1,prediction,0.6500000000000001,event_count_c,-1.0843924764699806e-7,7.021970267958914e-7,-0.15442852007192884,0.877291615589169,-1.484745420166945e-6,1.2678669248729488e-6,-1.0843924764699807e-5,7.021970267958913e-5,-1.484745420166945e-4,1.2678669248729487e-4,percent,bootstrap_xy_R500
Actor1,prediction,0.6500000000000001,return_vix,-0.031775624335863256,0.0051478120576941774,-6.172646549589902,8.521512384618291e-10,-0.041865335968943845,-0.021685912702782667,-3.1775624335863255,0.5147812057694178,-4.186533596894384,-2.1685912702782666,percent,bootstrap_xy_R500
Actor1,prediction,0.6500000000000001,return_usdtry,0.07820030333450574,0.08405671882590608,0.930327812301003,0.3523436797161428,-0.08655086556427018,0.24295147223328167,7.820030333450574,8.405671882590608,-8.655086556427017,24.29514722332817,percent,bootstrap_xy_R500
Actor1,prediction,0.6500000000000001,return_bist_lag1,0.0036172723345546665,0.03398927711311485,0.10642392665535487,0.9152595373982206,-0.06300171080715043,0.07023625547625977,0.36172723345546665,3.398927711311485,-6.300171080715043,7.023625547625977,percent,bootstrap_xy_R500
Actor1,prediction,0.6500000000000001,goldstein_a1_lag1:event_count_c,-6.209398918593642e-7,8.509009296666823e-7,-0.7297440515226618,0.46565495709891414,-2.2887057140060613e-6,1.0468259302873332e-6,-6.209398918593641e-5,8.509009296666823e-5,-2.2887057140060613e-4,1.0468259302873332e-4,percent,bootstrap_xy_R500
Actor1,prediction,0.7000000000000001,(Intercept),0.007981250961667396,8.911622430922123e-4,8.956002146111505,0,0.006234572965206659,0.009727928958128131,0.7981250961667395,0.08911622430922123,0.623457296520666,0.9727928958128131,percent,bootstrap_xy_R500
Actor1,prediction,0.7000000000000001,goldstein_a1_lag1,0.0010870425930144582,9.892192515246522e-4,1.098889443709303,0.2719839205282528,-8.518271399738601e-4,0.0030259123260027764,0.10870425930144581,0.09892192515246521,-0.085182713997386,0.30259123260027765,percent,bootstrap_xy_R500
Actor1,prediction,0.7000000000000001,event_count_c,-5.523640273949802e-8,8.454885869506592e-7,-0.065330749098238855,0.9479189356026423,-1.7123940331627897e-6,1.601921227683794e-6,-5.5236402739498016e-6,8.454885869506592e-5,-1.7123940331627898e-4,1.601921227683794e-4,percent,bootstrap_xy_R500
Actor1,prediction,0.7000000000000001,return_vix,-0.031433373443274376,0.006123437815777758,-5.133288585422162,3.2004825900600054e-07,-0.04343531156219878,-0.01943143532434997,-3.1433373443274375,0.6123437815777758,-4.3435311562198775,-1.943143532434997,percent,bootstrap_xy_R500
Actor1,prediction,0.7000000000000001,return_usdtry,0.06609275151035432,0.08543087835979732,0.7736400793165288,0.4392595433245363,-0.10135177007484841,0.23353727309555705,6.6092751510354315,8.543087835979732,-10.135177007484842,23.353727309555705,percent,bootstrap_xy_R500
Actor1,prediction,0.7000000000000001,return_bist_lag1,-0.03336549871272873,0.03901770160070882,-0.8551374720678727,0.39260486026726626,-0.109840193850118,0.043109196424660545,-3.336549871272873,3.901770160070882,-10.9840193850118,4.310919642466055,percent,bootstrap_xy_R500
Actor1,prediction,0.7000000000000001,goldstein_a1_lag1:event_count_c,-5.91165453803298e-7,9.498854985139794e-7,-0.6223544361169104,0.5337987494519063,-2.4529410308906973e-6,1.2706101232841016e-6,-5.91165453803298e-5,9.498854985139794e-5,-2.4529410308906974e-4,1.2706101232841017e-4,percent,bootstrap_xy_R500
Actor1,prediction,0.7500000000000001,(Intercept),0.009777253948383567,7.709174885741129e-4,12.682620505169176,0,0.008266255670778306,0.011288252225988829,0.9777253948383567,0.0770917488574113,0.8266255670778306,1.1288252225988828,percent,bootstrap_xy_R500
Actor1,prediction,0.7500000000000001,goldstein_a1_lag1,0.0013980244074626926,9.670357506327425e-4,1.4456801690609156,0.14846549508259188,-4.973656637774827e-4,0.003293414478702868,0.13980244074626927,0.09670357506327425,-0.049736566377748266,0.3293414478702868,percent,bootstrap_xy_R500
Actor1,prediction,0.7500000000000001,event_count_c,1.8401014910969066e-7,8.173865774394831e-7,0.22512010129419363,0.8219149922798124,-1.418067542671696e-6,1.7860878408910775e-6,1.8401014910969065e-5,8.17386577439483e-5,-1.418067542671696e-4,1.7860878408910774e-4,percent,bootstrap_xy_R500
Actor1,prediction,0.7500000000000001,return_vix,-0.02776948214356543,0.006425727386535923,-4.321609130470102,1.6457252614010542e-5,-0.04036390782117584,-0.01517505646595502,-2.7769482143565427,0.6425727386535923,-4.036390782117584,-1.5175056465955021,percent,bootstrap_xy_R500
Actor1,prediction,0.7500000000000001,return_usdtry,0.1206315653770241,0.0687320277025603,1.7550997607557928,0.07943628376155498,-0.014083208919994095,0.2553463396740423,12.06315653770241,6.8732027702560305,-1.4083208919994095,25.53463396740423,percent,bootstrap_xy_R500
Actor1,prediction,0.7500000000000001,return_bist_lag1,-0.030643978657495515,0.03382882466214586,-0.9058540745515715,0.36515138497714905,-0.0969484749953014,0.035660517680310366,-3.0643978657495516,3.382882466214586,-9.694847499530141,3.566051768031037,percent,bootstrap_xy_R500
Actor1,prediction,0.7500000000000001,goldstein_a1_lag1:event_count_c,-6.805392470784341e-7,1.0444594741752967e-6,-0.651570753968972,0.5147729990899288,-2.7276798164620156e-6,1.3666013223051471e-6,-6.805392470784341e-5,1.0444594741752968e-4,-2.7276798164620154e-4,1.3666013223051471e-4,percent,bootstrap_xy_R500
Actor1,prediction,0.8,(Intercept),0.012232105312687671,9.726286845160859e-4,12.57633617784318,0,0.010325753091036142,0.0141384575343392,1.223210531268767,0.09726286845160859,1.0325753091036143,1.41384575343392,percent,bootstrap_xy_R500
Actor1,prediction,0.8,goldstein_a1_lag1,0.0012871864111315505,0.0011144551756354386,1.1549916401057803,0.24826871553046082,-8.97145733113909e-4,0.00347151855537701,0.12871864111315506,0.11144551756354386,-0.0897145733113909,0.347151855537701,percent,bootstrap_xy_R500
Actor1,prediction,0.8,event_count_c,4.456092209474068e-7,8.26939257054022e-7,0.5388657233844398,0.5900555199869708,-1.1751917228784763e-6,2.0664101647732897e-6,4.456092209474068e-5,8.26939257054022e-5,-1.1751917228784763e-4,2.0664101647732897e-4,percent,bootstrap_xy_R500
Actor1,prediction,0.8,return_vix,-0.02699549738655878,0.008538189135547634,-3.1617356980494327,0.0015981421870663315,-0.04373034809223214,-0.010260646680885416,-2.699549738655878,0.8538189135547634,-4.373034809223214,-1.0260646680885417,percent,bootstrap_xy_R500
Actor1,prediction,0.8,return_usdtry,0.14005504250084935,0.06637191572922274,2.1101551908224465,0.03500203117516376,0.009966087671572782,0.27014399733012595,14.005504250084936,6.637191572922275,0.9966087671572782,27.014399733012596,percent,bootstrap_xy_R500
Actor1,prediction,0.8,return_bist_lag1,-0.03044085374737606,0.043295563298039054,-0.703094068503661,0.48210084280439824,-0.1153001578115326,0.05441845031678048,-3.044085374737606,4.329556329803905,-11.53001578115326,5.441845031678048,percent,bootstrap_xy_R500
Actor1,prediction,0.8,goldstein_a1_lag1:event_count_c,-8.199783146393963e-7,1.0335766059661805e-6,-0.7933406289443693,0.42769866115775823,-2.84578846233311e-6,1.2058318330543176e-6,-8.199783146393963e-5,1.0335766059661805e-4,-2.84578846233311e-4,1.2058318330543175e-4,percent,bootstrap_xy_R500
Actor1,prediction,0.8500000000000001,(Intercept),0.014999066198863696,0.001068622914550435,14.035882999171639,0,0.012904565286344843,0.01709356711138255,1.4999066198863698,0.10686229145504349,1.2904565286344845,1.709356711138255,percent,bootstrap_xy_R500
Actor1,prediction,0.8500000000000001,goldstein_a1_lag1,0.0016682838597483877,0.0011341204490976193,1.4709935448882734,0.14149223687911938,-5.545922204829459e-4,0.0038911599399797216,0.16682838597483876,0.11341204490976194,-0.05545922204829459,0.38911599399797214,percent,bootstrap_xy_R500
Actor1,prediction,0.8500000000000001,event_count_c,1.32331471392368e-6,8.717820015263445e-7,1.5179422282253787,0.12922927031167997,-3.8537800906795523e-7,3.032007436915315e-6,1.32331471392368e-4,8.717820015263444e-5,-3.853780090679552e-5,3.0320074369153153e-4,percent,bootstrap_xy_R500
Actor1,prediction,0.8500000000000001,return_vix,-0.025418213507515202,0.010241988895779756,-2.481765384259385,0.013176749366928142,-0.04549251174324352,-0.005343915271786879,-2.5418213507515204,1.0241988895779757,-4.549251174324352,-0.5343915271786879,percent,bootstrap_xy_R500
Actor1,prediction,0.8500000000000001,return_usdtry,0.14131452893803828,0.08380553743158237,1.686219470323252,0.09195121308986787,-0.02294432442786315,0.3055733823039397,14.131452893803829,8.380553743158236,-2.2944324427863148,30.55733823039397,percent,bootstrap_xy_R500
Actor1,prediction,0.8500000000000001,return_bist_lag1,-0.08832410748428769,0.051186524040181466,-1.725534388991782,0.08462698455975715,-0.18864969460304337,0.012001479634467974,-8.832410748428769,5.118652404018147,-18.864969460304337,1.2001479634467973,percent,bootstrap_xy_R500
Actor1,prediction,0.8500000000000001,goldstein_a1_lag1:event_count_c,-1.567958237931721e-6,9.923354544409394e-7,-1.580068746828234,0.11429153521485391,-3.5129357286359624e-6,3.770192527725202e-7,-1.567958237931721e-4,9.923354544409393e-5,-3.512935728635962e-4,3.770192527725202e-5,percent,bootstrap_xy_R500
Actor1,prediction,0.9000000000000001,(Intercept),0.01951386540283882,0.0011477067556850823,17.002483697319285,0,0.01726436016169606,0.02176337064398158,1.951386540283882,0.11477067556850823,1.726436016169606,2.176337064398158,percent,bootstrap_xy_R500
Actor1,prediction,0.9000000000000001,goldstein_a1_lag1,0.001493348363147637,0.0011467292481765494,1.3022676150645478,0.19301495815719538,-7.542409632783997e-4,0.003740937689573674,0.14933483631476369,0.11467292481765494,-0.07542409632783997,0.3740937689573674,percent,bootstrap_xy_R500
Actor1,prediction,0.9000000000000001,event_count_c,9.143230512179401e-7,8.648067537079329e-7,1.0572570661569212,0.29055610494892603,-7.806981860496083e-7,2.6093442884854887e-6,9.143230512179402e-5,8.648067537079329e-5,-7.806981860496082e-5,2.6093442884854884e-4,percent,bootstrap_xy_R500
Actor1,prediction,0.9000000000000001,return_vix,-0.032459645144352456,0.011409461485174847,-2.844976091687558,0.004498808758960138,-0.05482218965529516,-0.010097100633409756,-3.2459645144352454,1.1409461485174848,-5.4822189655295155,-1.0097100633409757,percent,bootstrap_xy_R500
Actor1,prediction,0.9000000000000001,return_usdtry,0.16740651195202363,0.09645112524025029,1.7356615750726643,0.08281889870000891,-0.021637693518866935,0.35645071742291423,16.740651195202364,9.645112524025029,-2.1637693518866934,35.64507174229142,percent,bootstrap_xy_R500
Actor1,prediction,0.9000000000000001,return_bist_lag1,-0.08551923694802768,0.04727956413954765,-1.8087991821501148,0.07067246676797079,-0.17818718266154107,0.007148708765485706,-8.551923694802769,4.7279564139547645,-17.818718266154107,0.7148708765485706,percent,bootstrap_xy_R500
Actor1,prediction,0.9000000000000001,goldstein_a1_lag1:event_count_c,-1.211669895224572e-6,9.025458274389251e-7,-1.3425023510028529,0.17962626187970043,-2.9806597170048653e-6,5.573199265557212e-7,-1.211669895224572e-4,9.025458274389251e-5,-2.9806597170048654e-4,5.573199265557212e-5,percent,bootstrap_xy_R500
Actor1,prediction,0.95,(Intercept),0.026725498596645487,0.0019066091454835081,14.017292773379628,0,0.022988544671497812,0.030462452521793162,2.6725498596645485,0.19066091454835082,2.298854467149781,3.046245252179316,percent,bootstrap_xy_R500
Actor1,prediction,0.95,goldstein_a1_lag1,6.355016625564808e-4,0.0016434953277094562,0.386676890309254,0.6990475619164565,-0.0025857491797540533,0.0038567525048670147,0.06355016625564808,0.1643495327709456,-0.2585749179754053,0.3856752504867015,percent,bootstrap_xy_R500
Actor1,prediction,0.95,event_count_c,1.4447505366879255e-6,1.2868503746584566e-6,1.1227028138927009,0.26173452003453446,-1.0774761976426494e-6,3.966977271018501e-6,1.4447505366879256e-4,1.2868503746584566e-4,-1.0774761976426494e-4,3.966977271018501e-4,percent,bootstrap_xy_R500
Actor1,prediction,0.95,return_vix,-0.04004724064558117,0.01752071063574672,-2.2857086951641437,0.02240337485189392,-0.07438783349164474,-0.0057066477995176,-4.004724064558117,1.7520710635746721,-7.438783349164474,-0.57066477995176,percent,bootstrap_xy_R500
Actor1,prediction,0.95,return_usdtry,0.13766709241485153,0.10549012139744195,1.305023547145049,0.19207509472665274,-0.06909354552413469,0.3444277303538378,13.766709241485152,10.549012139744194,-6.909354552413468,34.44277303538378,percent,bootstrap_xy_R500
Actor1,prediction,0.95,return_bist_lag1,-0.07976304161864092,0.05100022631031967,-1.563974268139693,0.11802411887024178,-0.17972348518686748,0.020197401949585622,-7.976304161864093,5.100022631031967,-17.972348518686747,2.0197401949585623,percent,bootstrap_xy_R500
Actor1,prediction,0.95,goldstein_a1_lag1:event_count_c,-9.88063279422292e-7,9.917748201564405e-7,-0.9962576779943223,0.3192777024517386,-2.9319419269289153e-6,9.558153680843313e-7,-9.880632794222922e-5,9.917748201564405e-5,-2.931941926928915e-4,9.558153680843313e-5,percent,bootstrap_xy_R500
Actor2,reaction,0.05,(Intercept),-0.027680396202045737,0.002948435901947404,-9.388162782770076,0,-0.03345933056986265,-0.021901461834228825,-2.768039620204574,0.2948435901947404,-3.345933056986265,-2.1901461834228826,percent,bootstrap_xy_R500
Actor2,reaction,0.05,goldstein_a2,0.0015152207111921252,0.0022138038679660505,0.6844421645103755,0.49379644171262393,-0.0028238348700213335,0.005854276292405584,0.1515220711192125,0.22138038679660504,-0.28238348700213334,0.5854276292405585,percent,bootstrap_xy_R500
Actor2,reaction,0.05,event_count_c,-2.0713054462793964e-6,1.942685532441417e-6,-1.066207274255211,0.28649295135827546,-5.878969089864573e-6,1.7363581973057805e-6,-2.0713054462793965e-4,1.9426855324414168e-4,-5.878969089864574e-4,1.7363581973057804e-4,percent,bootstrap_xy_R500
Actor2,reaction,0.05,return_vix,-0.04800237987343096,0.014740639209437708,-3.2564652856232574,0.001152010202943643,-0.07689403272392886,-0.01911072702293305,-4.800237987343095,1.474063920943771,-7.6894032723928865,-1.911072702293305,percent,bootstrap_xy_R500
Actor2,reaction,0.05,return_usdtry,0.14546389970293405,0.31075687686909975,0.46809551302128666,0.6397808912387162,-0.46361957896050143,0.7545473783663695,14.546389970293404,31.075687686909976,-46.36195789605014,75.45473783663695,percent,bootstrap_xy_R500
Actor2,reaction,0.05,return_bist_lag1,0.19139119060279902,0.09865604897145006,1.9399843455943129,0.05255945195413325,-0.0019746653812430792,0.3847570465868411,19.139119060279903,9.865604897145005,-0.19746653812430792,38.475704658684116,percent,bootstrap_xy_R500
Actor2,reaction,0.05,goldstein_a2:event_count_c,-1.1377399486381258e-6,1.8275426132122755e-6,-0.6225518028486996,0.5336689838291764,-4.719723470534186e-6,2.444243573257934e-6,-1.1377399486381258e-4,1.8275426132122755e-4,-4.7197234705341864e-4,2.444243573257934e-4,percent,bootstrap_xy_R500
Actor2,reaction,0.1,(Intercept),-0.01845159379628263,0.0020765471011287224,-8.885709255645168,0,-0.022521626114494923,-0.014381561478070334,-1.8451593796282628,0.20765471011287223,-2.252162611449492,-1.4381561478070335,percent,bootstrap_xy_R500
Actor2,reaction,0.1,goldstein_a2,0.0010612653558659594,0.0011700749324460654,0.9070063176615216,0.3645418485424883,-0.0012320815117283287,0.0033546122234602476,0.10612653558659593,0.11700749324460653,-0.12320815117283286,0.33546122234602477,percent,bootstrap_xy_R500
Actor2,reaction,0.1,event_count_c,-1.9715468026634435e-6,1.4879282460852005e-6,-1.325028144233879,0.1853535239683699,-4.887886164990437e-6,9.447925596635496e-7,-1.9715468026634434e-4,1.4879282460852005e-4,-4.887886164990436e-4,9.447925596635495e-5,percent,bootstrap_xy_R500
Actor2,reaction,0.1,return_vix,-0.05451609147182718,0.01223644571786164,-4.455222760662403,8.970270646502243e-6,-0.078499525078836,-0.030532657864818364,-5.451609147182718,1.223644571786164,-7.849952507883599,-3.053265786481836,percent,bootstrap_xy_R500
Actor2,reaction,0.1,return_usdtry,-0.017776584656905094,0.21718051797911467,-0.08185165420138925,0.934775053483152,-0.4434503998959698,0.40789723058215965,-1.7776584656905094,21.718051797911468,-44.34503998959698,40.78972305821596,percent,bootstrap_xy_R500
Actor2,reaction,0.1,return_bist_lag1,0.18441651659150143,0.054011613259214206,3.4143863784709407,6.554409939987238e-4,0.07855375460344159,0.29027927857956126,18.441651659150143,5.401161325921421,7.855375460344159,29.027927857956126,percent,bootstrap_xy_R500
Actor2,reaction,0.1,goldstein_a2:event_count_c,3.328680464104132e-7,9.343262869268437e-7,0.35626531230890673,0.7216894796944757,-1.4984114759662005e-6,2.164147568787027e-6,3.3286804641041316e-5,9.343262869268437e-5,-1.4984114759662004e-4,2.164147568787027e-4,percent,bootstrap_xy_R500
Actor2,reaction,0.15000000000000002,(Intercept),-0.01409709139381275,0.0013834923628630066,-10.189497081603077,0,-0.016808736425024243,-0.011385446362601259,-1.409709139381275,0.13834923628630066,-1.6808736425024242,-1.138544636260126,percent,bootstrap_xy_R500
Actor2,reaction,0.15000000000000002,goldstein_a2,0.0011277017124512194,9.97065592177288e-4,1.1310205881126254,0.2582181784375839,-8.265468482162649e-4,0.003081950273118704,0.11277017124512194,0.0997065592177288,-0.08265468482162648,0.3081950273118704,percent,bootstrap_xy_R500
Actor2,reaction,0.15000000000000002,event_count_c,-2.674003744237471e-6,1.3693677775119544e-6,-1.9527286884871418,0.05102821603499086,-5.357964588160902e-6,9.957099685959709e-9,-2.674003744237471e-4,1.3693677775119544e-4,-5.357964588160902e-4,9.95709968595971e-7,percent,bootstrap_xy_R500
Actor2,reaction,0.15000000000000002,return_vix,-0.04311889781780092,0.01098951732984006,-3.9236389118491397,9.096554654752786e-5,-0.06465835178428744,-0.0215794438513144,-4.311889781780092,1.098951732984006,-6.465835178428744,-2.15794438513144,percent,bootstrap_xy_R500
Actor2,reaction,0.15000000000000002,return_usdtry,0.05619341469514208,0.16549379729477393,0.33954997476462273,0.734240612515181,-0.2681744280026148,0.3805612573928989,5.619341469514208,16.549379729477394,-26.81744280026148,38.05612573928989,percent,bootstrap_xy_R500
Actor2,reaction,0.15000000000000002,return_bist_lag1,0.13630824411239326,0.04065006768900764,3.353210753674906,8.17694783671552e-4,0.05663411144193828,0.21598237678284823,13.630824411239326,4.065006768900764,5.6634111441938275,21.598237678284825,percent,bootstrap_xy_R500
Actor2,reaction,0.15000000000000002,goldstein_a2:event_count_c,8.072380806353127e-7,8.895179599143939e-7,0.907500598091353,0.3642806069597162,-9.362171207968994e-7,2.5506932820675246e-6,8.072380806353127e-5,8.89517959914394e-5,-9.362171207968994e-5,2.550693282067525e-4,percent,bootstrap_xy_R500
Actor2,reaction,0.2,(Intercept),-0.010808718196310683,0.0012814715513482292,-8.434614240900542,0,-0.013320402436953212,-0.008297033955668155,-1.0808718196310683,0.12814715513482292,-1.3320402436953211,-0.8297033955668155,percent,bootstrap_xy_R500
Actor2,reaction,0.2,goldstein_a2,3.9193020140959806e-4,8.957362575493217e-4,0.43755089526228913,0.6617717138176988,-0.0013637128633870723,0.0021475732662062687,0.03919302014095981,0.08957362575493216,-0.13637128633870724,0.21475732662062685,percent,bootstrap_xy_R500
Actor2,reaction,0.2,event_count_c,-2.423825389295953e-6,1.6178229818178934e-6,-1.4982018530682397,0.13428069234667017,-5.5947584336590235e-6,7.47107655067118e-7,-2.4238253892959528e-4,1.6178229818178934e-4,-5.594758433659023e-4,7.471076550671179e-5,percent,bootstrap_xy_R500
Actor2,reaction,0.2,return_vix,-0.044208611314553815,0.009164567988399125,-4.8238620053356405,1.5438819198632103e-6,-0.062171164571816095,-0.026246058057291532,-4.420861131455381,0.9164567988399125,-6.21711645718161,-2.624605805729153,percent,bootstrap_xy_R500
Actor2,reaction,0.2,return_usdtry,0.06285011168288501,0.15037171774809263,0.4179649778834971,0.6760295548416617,-0.2318784551033765,0.35757867846914654,6.285011168288501,15.037171774809263,-23.187845510337652,35.75786784691466,percent,bootstrap_xy_R500
Actor2,reaction,0.2,return_bist_lag1,0.12738308984064395,0.03339405277882768,3.8145441849875343,1.4169090909210702e-4,0.061930746394141686,0.1928354332871462,12.738308984064394,3.3394052778827685,6.193074639414169,19.283543328714618,percent,bootstrap_xy_R500
Actor2,reaction,0.2,goldstein_a2:event_count_c,6.832199327436364e-7,9.86304348620558e-7,0.6927070064115458,0.48859530387157246,-1.2499365905526573e-6,2.61637645603993e-6,6.832199327436365e-5,9.86304348620558e-5,-1.2499365905526574e-4,2.61637645603993e-4,percent,bootstrap_xy_R500
Actor2,reaction,0.25,(Intercept),-0.008400812921824962,0.0012770496749075703,-6.57829768637073,6.452927081568305e-11,-0.0109038302846438,-0.005897795559006125,-0.8400812921824963,0.12770496749075702,-1.09038302846438,-0.5897795559006125,percent,bootstrap_xy_R500
Actor2,reaction,0.25,goldstein_a2,5.607691809213972e-4,8.930856342393842e-4,0.6279007963205998,0.5301597263881521,-0.0011896786621877957,0.00231121702403059,0.05607691809213972,0.08930856342393842,-0.11896786621877957,0.231121702403059,percent,bootstrap_xy_R500
Actor2,reaction,0.25,event_count_c,-2.959391983542158e-6,1.8348906537559766e-6,-1.6128437830801277,0.10697827820488603,-6.555777664903872e-6,6.369936978195559e-7,-2.959391983542158e-4,1.8348906537559765e-4,-6.555777664903872e-4,6.36993697819556e-5,percent,bootstrap_xy_R500
Actor2,reaction,0.25,return_vix,-0.04518736137108483,0.008512116081050559,-5.308593179512637,1.2618789235752104e-7,-0.061871108889943925,-0.02850361385222574,-4.518736137108483,0.8512116081050559,-6.187110888994392,-2.8503613852225738,percent,bootstrap_xy_R500
Actor2,reaction,0.25,return_usdtry,0.03142450804100368,0.11463577143090393,0.2741248010874566,0.7840245708521216,-0.193261603963568,0.2561106200455754,3.1424508041003683,11.463577143090394,-19.3261603963568,25.61106200455754,percent,bootstrap_xy_R500
Actor2,reaction,0.25,return_bist_lag1,0.1129912411818017,0.033728079098001316,3.3500645220111993,8.269725288077012e-4,0.046884206149719124,0.1790982762138843,11.29912411818017,3.3728079098001316,4.688420614971912,17.90982762138843,percent,bootstrap_xy_R500
Actor2,reaction,0.25,goldstein_a2:event_count_c,1.0749245836785238e-6,1.1583966718903376e-6,0.9279417057754497,0.3535796289895239,-1.1955328932265377e-6,3.3453820605835853e-6,1.0749245836785238e-4,1.1583966718903376e-4,-1.1955328932265378e-4,3.3453820605835853e-4,percent,bootstrap_xy_R500
Actor2,reaction,0.3,(Intercept),-0.006043296208371716,0.0013608278680395391,-4.440896861612571,9.58084992119801e-6,-0.008710518829729213,-0.003376073587014219,-0.6043296208371716,0.13608278680395391,-0.8710518829729212,-0.33760735870142194,percent,bootstrap_xy_R500
Actor2,reaction,0.3,goldstein_a2,2.9445450165000526e-4,9.127670949475926e-4,0.32259543894591386,0.7470443571208407,-0.0014945690044472762,0.002083478007747287,0.029445450165000525,0.09127670949475926,-0.14945690044472762,0.2083478007747287,percent,bootstrap_xy_R500
Actor2,reaction,0.3,event_count_c,-2.1839271369000853e-6,2.054265674780633e-6,-1.063118156386125,0.2878909296569587,-6.210287859470125e-6,1.8424335856699549e-6,-2.1839271369000852e-4,2.054265674780633e-4,-6.210287859470125e-4,1.842433585669955e-4,percent,bootstrap_xy_R500
Actor2,reaction,0.3,return_vix,-0.041009658707706384,0.0076610028890373005,-5.353040496354617,9.921939314594397e-8,-0.05602522437021949,-0.025994093045193276,-4.100965870770638,0.76610028890373,-5.602522437021949,-2.5994093045193276,percent,bootstrap_xy_R500
Actor2,reaction,0.3,return_usdtry,0.0764161409472466,0.09811872042902328,0.7788130604752861,0.43620653962938194,-0.11589655109363904,0.2687288329881322,7.64161409472466,9.811872042902328,-11.589655109363903,26.87288329881322,percent,bootstrap_xy_R500
Actor2,reaction,0.3,return_bist_lag1,0.11315419562251315,0.03280819887094938,3.4489609157638825,5.775434404258206e-4,0.04885012583545237,0.17745826540957393,11.315419562251314,3.280819887094938,4.885012583545237,17.745826540957392,percent,bootstrap_xy_R500
Actor2,reaction,0.3,goldstein_a2:event_count_c,1.2725474686996582e-6,1.3930673700885305e-6,0.9134859490814051,0.36112647798575814,-1.4578645766738614e-6,4.002959514073178e-6,1.2725474686996581e-4,1.3930673700885305e-4,-1.4578645766738613e-4,4.002959514073178e-4,percent,bootstrap_xy_R500
Actor2,reaction,0.35000000000000003,(Intercept),-0.0034597331139098308,0.0011142583081949653,-3.104965059236938,0.0019368362100053993,-0.005643679397971963,-0.001275786829847699,-0.3459733113909831,0.11142583081949653,-0.5643679397971963,-0.1275786829847699,percent,bootstrap_xy_R500
Actor2,reaction,0.35000000000000003,goldstein_a2,2.327532291267677e-4,8.619543207952877e-4,0.2700296564579158,0.7871727244619842,-0.0014566772396319963,0.0019221836978855318,0.02327532291267677,0.08619543207952877,-0.14566772396319963,0.19221836978855317,percent,bootstrap_xy_R500
Actor2,reaction,0.35000000000000003,event_count_c,-2.261348418455593e-6,1.8324699490184498e-6,-1.2340439305249558,0.2173701729700166,-5.852989518531755e-6,1.3302926816205683e-6,-2.2613484184555931e-4,1.83246994901845e-4,-5.852989518531754e-4,1.3302926816205683e-4,percent,bootstrap_xy_R500
Actor2,reaction,0.35000000000000003,return_vix,-0.03816885739911002,0.007357114329626344,-5.188020151516193,2.400579919292767e-7,-0.05258880148517766,-0.023748913313042387,-3.8168857399110023,0.7357114329626344,-5.258880148517766,-2.3748913313042386,percent,bootstrap_xy_R500
Actor2,reaction,0.35000000000000003,return_usdtry,0.030893892256782535,0.09341125796278756,0.33072985987502496,0.7408924251022515,-0.15219217335028107,0.21397995786384616,3.0893892256782536,9.341125796278755,-15.219217335028107,21.397995786384616,percent,bootstrap_xy_R500
Actor2,reaction,0.35000000000000003,return_bist_lag1,0.07440443212508405,0.03192133044598208,2.3308687666071037,0.01988562661059179,0.011838624450959165,0.13697023979920891,7.440443212508405,3.1921330445982083,1.1838624450959165,13.69702397992089,percent,bootstrap_xy_R500
Actor2,reaction,0.35000000000000003,goldstein_a2:event_count_c,1.600132015344356e-6,1.3731932679893233e-6,1.1652635158103595,0.24408834195476814,-1.0913267899147178e-6,4.2915908206034295e-6,1.600132015344356e-4,1.3731932679893232e-4,-1.0913267899147178e-4,4.291590820603429e-4,percent,bootstrap_xy_R500
Actor2,reaction,0.4,(Intercept),-0.0019964506433796745,9.94347511406312e-4,-2.0077997083294163,0.04483466000618641,-0.003945371765736046,-4.7529521023302775e-5,-0.19964506433796744,0.0994347511406312,-0.3945371765736046,-0.0047529521023302775,percent,bootstrap_xy_R500
Actor2,reaction,0.4,goldstein_a2,3.668256342320718e-4,7.598244580175221e-4,0.4827768181997802,0.6293211361962374,-0.0011224303034822716,0.001856081571946415,0.03668256342320718,0.07598244580175222,-0.11224303034822716,0.1856081571946415,percent,bootstrap_xy_R500
Actor2,reaction,0.4,event_count_c,-1.1727270297819102e-6,1.5787521222256957e-6,-0.7428189728281227,0.45770178121410554,-4.267081189344274e-6,1.9216271297804536e-6,-1.1727270297819102e-4,1.5787521222256957e-4,-4.2670811893442734e-4,1.9216271297804537e-4,percent,bootstrap_xy_R500
Actor2,reaction,0.4,return_vix,-0.0355644748515712,0.005833339006175562,-6.09676118838975,1.3580574442784155e-9,-0.0469978193036753,-0.0241311303994671,-3.55644748515712,0.5833339006175562,-4.69978193036753,-2.41311303994671,percent,bootstrap_xy_R500
Actor2,reaction,0.4,return_usdtry,0.02501374650875568,0.08553552271412045,0.2924369398239071,0.7699909883801483,-0.1426358780109204,0.19266337102843176,2.501374650875568,8.553552271412045,-14.26358780109204,19.266337102843174,percent,bootstrap_xy_R500
Actor2,reaction,0.4,return_bist_lag1,0.05142469037951352,0.027641535765829797,1.8604136476050739,0.06301281779344836,-0.002752719721512885,0.10560210048053992,5.142469037951352,2.76415357658298,-0.2752719721512885,10.560210048053992,percent,bootstrap_xy_R500
Actor2,reaction,0.4,goldstein_a2:event_count_c,1.1745967913369618e-6,1.2631987317579458e-6,0.9298590647746455,0.3525861916257025,-1.3012727229086121e-6,3.650466305582536e-6,1.1745967913369618e-4,1.263198731757946e-4,-1.301272722908612e-4,3.650466305582536e-4,percent,bootstrap_xy_R500
Actor2,reaction,0.45,(Intercept),-0.0012544759403374584,8.777211377722153e-4,-1.4292420295602108,0.1531324832133356,-0.0029748093703710005,4.658574896960837e-4,-0.12544759403374584,0.08777211377722154,-0.29748093703710005,0.04658574896960837,percent,bootstrap_xy_R500
Actor2,reaction,0.45,goldstein_a2,8.024658178845041e-4,7.128038973810922e-4,1.125787640658024,0.2604264959484719,-5.946298209824367e-4,0.002199561456751445,0.08024658178845041,0.07128038973810923,-0.059462982098243675,0.2199561456751445,percent,bootstrap_xy_R500
Actor2,reaction,0.45,event_count_c,-8.381707736719933e-7,1.3810656327001833e-6,-0.6069014779791805,0.5440035497088207,-3.5450594137643526e-6,1.8687178664203662e-6,-8.381707736719933e-5,1.3810656327001834e-4,-3.5450594137643527e-4,1.868717866420366e-4,percent,bootstrap_xy_R500
Actor2,reaction,0.45,return_vix,-0.03583383073256499,0.005945232362100431,-6.027322154975456,2.0710713144467263e-9,-0.047486486162281835,-0.02418117530284815,-3.583383073256499,0.5945232362100431,-4.748648616228183,-2.418117530284815,percent,bootstrap_xy_R500
Actor2,reaction,0.45,return_usdtry,0.02206169777769533,0.08104421497943928,0.2722180452151005,0.7854899579235604,-0.13678496358200565,0.18090835913739634,2.206169777769533,8.104421497943928,-13.678496358200565,18.09083591373963,percent,bootstrap_xy_R500
Actor2,reaction,0.45,return_bist_lag1,0.050970473823423325,0.029979468185799846,1.7001793863563641,0.0892941184951539,-0.007789283820744376,0.10973023146759103,5.097047382342333,2.9979468185799845,-0.7789283820744376,10.973023146759104,percent,bootstrap_xy_R500
Actor2,reaction,0.45,goldstein_a2:event_count_c,1.09587886064861e-6,1.1584345613278095e-6,0.9459997976860276,0.34429342798833984,-1.1746528795538967e-6,3.3664106008511165e-6,1.0958788606486099e-4,1.1584345613278096e-4,-1.1746528795538966e-4,3.3664106008511163e-4,percent,bootstrap_xy_R500
Actor2,reaction,0.5,(Intercept),-3.744607818923746e-4,0.0010105267541913616,-0.3705599879856953,0.7110149913150743,-0.0023550932201074435,0.001606171656322694,-0.03744607818923746,0.10105267541913615,-0.23550932201074434,0.1606171656322694,percent,bootstrap_xy_R500
Actor2,reaction,0.5,goldstein_a2,0.001396664469707201,7.217408792775441e-4,1.9351328292575711,0.053152380245260256,-1.7947653676785372e-5,0.0028112765930911874,0.13966644697072012,0.07217408792775441,-0.0017947653676785372,0.28112765930911876,percent,bootstrap_xy_R500
Actor2,reaction,0.5,event_count_c,-9.076756118483625e-7,1.4225518642033483e-6,-0.638061524988177,0.523526151335389,-3.6958772656869247e-6,1.8805260419901999e-6,-9.076756118483625e-5,1.4225518642033483e-4,-3.6958772656869247e-4,1.8805260419902e-4,percent,bootstrap_xy_R500
Actor2,reaction,0.5,return_vix,-0.03047726392807089,0.0060798693029086946,-5.0128156395549714,5.967909491033652e-7,-0.04239380776177193,-0.018560720094369848,-3.047726392807089,0.6079869302908695,-4.2393807761771924,-1.8560720094369847,percent,bootstrap_xy_R500
Actor2,reaction,0.5,return_usdtry,0.04479284365339499,0.07567626224354868,0.5919008461231651,0.5540017233585779,-0.10353263034396042,0.19311831765075038,4.479284365339499,7.567626224354868,-10.353263034396042,19.311831765075038,percent,bootstrap_xy_R500
Actor2,reaction,0.5,return_bist_lag1,0.04206537660032192,0.02889336613049976,1.4558835550807567,0.1456236039707015,-0.014565621015457608,0.09869637421610145,4.2065376600321915,2.8893366130499762,-1.4565621015457608,9.869637421610145,percent,bootstrap_xy_R500
Actor2,reaction,0.5,goldstein_a2:event_count_c,1.2919052006292723e-6,1.1516061669010447e-6,1.1218290052282112,0.2621057168554599,-9.65242886496775e-7,3.5490532877553197e-6,1.2919052006292724e-4,1.1516061669010447e-4,-9.652428864967751e-5,3.5490532877553195e-4,percent,bootstrap_xy_R500
Actor2,reaction,0.55,(Intercept),0.0016291587210825824,0.001175302011012889,1.3861617744349424,0.1658932175744423,-6.744332205026798e-4,0.003932750662667845,0.16291587210825825,0.1175302011012889,-0.06744332205026798,0.3932750662667845,percent,bootstrap_xy_R500
Actor2,reaction,0.55,goldstein_a2,0.0011110515393807313,8.025274487597372e-4,1.3844405460496105,0.16641921145400862,-4.6190226018835365e-4,0.0026840053389498163,0.11110515393807313,0.08025274487597372,-0.046190226018835365,0.26840053389498164,percent,bootstrap_xy_R500
Actor2,reaction,0.55,event_count_c,3.288502177303226e-8,1.5736939698075956e-6,0.020896706986208304,0.9833306936918744,-3.0515551590498553e-6,3.11732520259592e-6,3.288502177303226e-6,1.5736939698075958e-4,-3.0515551590498555e-4,3.11732520259592e-4,percent,bootstrap_xy_R500
Actor2,reaction,0.55,return_vix,-0.029797108110192032,0.006035234509102378,-4.93719143228848,8.764886016976448e-7,-0.04162616774803269,-0.017968048472351374,-2.979710811019203,0.6035234509102377,-4.162616774803269,-1.7968048472351374,percent,bootstrap_xy_R500
Actor2,reaction,0.55,return_usdtry,0.07151534267457826,0.07473061571073783,0.956975156626502,0.33872628815130157,-0.07495666411846788,0.2179873494676244,7.151534267457826,7.473061571073783,-7.495666411846788,21.79873494676244,percent,bootstrap_xy_R500
Actor2,reaction,0.55,return_bist_lag1,0.031221485277031245,0.028587313919196555,1.092144766216242,0.27493608199279596,-0.024809650004594,0.08725262055865649,3.1221485277031245,2.8587313919196555,-2.4809650004594,8.725262055865649,percent,bootstrap_xy_R500
Actor2,reaction,0.55,goldstein_a2:event_count_c,8.138242777095887e-7,1.1207517084124139e-6,0.7261414563109619,0.4678596754944113,-1.3828490707787422e-6,3.0104976261979197e-6,8.138242777095887e-5,1.1207517084124138e-4,-1.3828490707787423e-4,3.01049762619792e-4,percent,bootstrap_xy_R500
Actor2,reaction,0.6000000000000001,(Intercept),0.0036118834777071392,0.0011459785255584667,3.151789843485042,0.0016532112913996144,0.0013657655676125443,0.005858001387801734,0.3611883477707139,0.11459785255584667,0.13657655676125444,0.5858001387801735,percent,bootstrap_xy_R500
Actor2,reaction,0.6000000000000001,goldstein_a2,9.745384156803324e-4,7.648021269174197e-4,1.2742360165867572,0.2027672874354738,-5.244737530778101e-4,0.0024735505844384748,0.09745384156803324,0.076480212691741975,-0.052447375307781006,0.24735505844384748,percent,bootstrap_xy_R500
Actor2,reaction,0.6000000000000001,event_count_c,5.871581484320131e-7,1.6905046713490403e-6,0.34732713750116695,0.7283918534448934,-2.726231007412106e-6,3.900547304276132e-6,5.871581484320131e-5,1.6905046713490404e-4,-2.7262310074121056e-4,3.9005473042761317e-4,percent,bootstrap_xy_R500
Actor2,reaction,0.6000000000000001,return_vix,-0.03138256158476359,0.005836533777607469,-5.376917667326176,8.713173471619484e-8,-0.042822167788874224,-0.01994295538065295,-3.138256158476359,0.5836533777607469,-4.282216778887422,-1.994295538065295,percent,bootstrap_xy_R500
Actor2,reaction,0.6000000000000001,return_usdtry,0.06421626164277106,0.07511677166558363,0.8548858027160547,0.3927440595784617,-0.08301261082177286,0.21144513410731497,6.4216261642771055,7.511677166558363,-8.301261082177286,21.1445134107315,percent,bootstrap_xy_R500
Actor2,reaction,0.6000000000000001,return_bist_lag1,0.00805728105784707,0.03077574593876361,0.26180619874751815,0.7935050065769507,-0.052263180982129606,0.06837774309782374,0.805728105784707,3.077574593876361,-5.2263180982129605,6.8377743097823735,percent,bootstrap_xy_R500
Actor2,reaction,0.6000000000000001,goldstein_a2:event_count_c,7.826390053811932e-7,1.098194577228489e-6,0.7126596885556813,0.47616166228355716,-1.3698223659866457e-6,2.935100376749032e-6,7.826390053811931e-5,1.0981945772284891e-4,-1.3698223659866458e-4,2.935100376749032e-4,percent,bootstrap_xy_R500
Actor2,reaction,0.6500000000000001,(Intercept),0.005328322986741494,0.0010250928454076855,5.1978930597475665,2.2785801156999241e-7,0.0033191410097424307,0.007337504963740558,0.5328322986741494,0.10250928454076855,0.33191410097424306,0.7337504963740558,percent,bootstrap_xy_R500
Actor2,reaction,0.6500000000000001,goldstein_a2,0.0010416094756595705,7.737269666352887e-4,1.3462235653866688,0.1784236551968419,-4.748953789455953e-4,0.0025581143302647364,0.10416094756595705,0.07737269666352888,-0.04748953789455953,0.25581143302647363,percent,bootstrap_xy_R500
Actor2,reaction,0.6500000000000001,event_count_c,4.7682530327587145e-7,1.4195031795977045e-6,0.3359099931082976,0.7369833695839638,-2.3054009287356294e-6,3.259051535287372e-6,4.7682530327587145e-5,1.4195031795977045e-4,-2.3054009287356295e-4,3.2590515352873717e-4,percent,bootstrap_xy_R500
Actor2,reaction,0.6500000000000001,return_vix,-0.02967250552601263,0.004948833852041653,-5.995858097715519,2.5038855433479057e-9,-0.039372219876014275,-0.01997279117601099,-2.967250552601263,0.4948833852041653,-3.9372219876014274,-1.997279117601099,percent,bootstrap_xy_R500
Actor2,reaction,0.6500000000000001,return_usdtry,0.06456224285678491,0.07139351940209918,0.9043151731064065,0.3659662518301887,-0.07536905517132947,0.2044935408848993,6.456224285678491,7.1393519402099175,-7.536905517132947,20.44935408848993,percent,bootstrap_xy_R500
Actor2,reaction,0.6500000000000001,return_bist_lag1,-0.005706857629779147,0.03473986218053081,-0.16427404346403626,0.8695364394214049,-0.07379698750361953,0.06238327224406124,-0.5706857629779147,3.473986218053081,-7.379698750361953,6.238327224406124,percent,bootstrap_xy_R500
Actor2,reaction,0.6500000000000001,goldstein_a2:event_count_c,9.441086621105739e-7,1.0372174792779284e-6,0.9102321171523513,0.36283903289262565,-1.0888375972741657e-6,2.9770549214953136e-6,9.441086621105739e-5,1.0372174792779284e-4,-1.0888375972741656e-4,2.9770549214953136e-4,percent,bootstrap_xy_R500
Actor2,reaction,0.7000000000000001,(Intercept),0.006494950227516,0.0010848892773133308,5.986740180159574,2.6449993306698616e-9,0.0043685672439818714,0.008621333211050129,0.6494950227516,0.10848892773133309,0.4368567243981871,0.8621333211050128,percent,bootstrap_xy_R500
Actor2,reaction,0.7000000000000001,goldstein_a2,0.0016299056332423215,7.903117180957798e-4,2.062357922731432,0.03933692967059366,8.08946657745932e-5,0.00317891660071005,0.16299056332423215,0.07903117180957799,0.00808946657745932,0.317891660071005,percent,bootstrap_xy_R500
Actor2,reaction,0.7000000000000001,event_count_c,9.923716600771085e-7,1.3477490104894977e-6,0.7363178546995799,0.46164665583573994,-1.649216400482307e-6,3.633959720636524e-6,9.923716600771085e-5,1.3477490104894978e-4,-1.649216400482307e-4,3.633959720636524e-4,percent,bootstrap_xy_R500
Actor2,reaction,0.7000000000000001,return_vix,-0.03271415197293865,0.005630905353023725,-5.809749928645411,7.552947822730971e-9,-0.04375072646486515,-0.02167757748101215,-3.271415197293865,0.5630905353023725,-4.375072646486515,-2.167757748101215,percent,bootstrap_xy_R500
Actor2,reaction,0.7000000000000001,return_usdtry,0.04720534677313316,0.07841388120838609,0.6020024266836662,0.5472589512453754,-0.10648586039530358,0.20089655394156988,4.720534677313315,7.841388120838609,-10.648586039530358,20.08965539415699,percent,bootstrap_xy_R500
Actor2,reaction,0.7000000000000001,return_bist_lag1,-0.026542040027067684,0.037770261655152876,-0.7027232236143812,0.4823318368322911,-0.10057175287116732,0.04748767281703195,-2.6542040027067686,3.7770261655152875,-10.057175287116731,4.748767281703195,percent,bootstrap_xy_R500
Actor2,reaction,0.7000000000000001,goldstein_a2:event_count_c,8.334176387892679e-7,9.904741142117648e-7,0.8414330337673843,0.40023279638991305,-1.1079116250657909e-6,2.774746902644327e-6,8.334176387892679e-5,9.904741142117648e-5,-1.1079116250657909e-4,2.774746902644327e-4,percent,bootstrap_xy_R500
Actor2,reaction,0.7500000000000001,(Intercept),0.009540937417709413,0.0010115254433779542,9.432226821549621,0,0.007558347548688623,0.011523527286730204,0.9540937417709413,0.10115254433779543,0.7558347548688623,1.1523527286730204,percent,bootstrap_xy_R500
Actor2,reaction,0.7500000000000001,goldstein_a2,0.001278852444989428,7.608862389969801e-4,1.6807406671925678,0.09301107874936987,-2.1248458344465303e-4,0.002770189473423509,0.12788524449894279,0.076088623899698,-0.0212484583444653,0.2770189473423509,percent,bootstrap_xy_R500
Actor2,reaction,0.7500000000000001,event_count_c,1.470245351871808e-6,1.2370750054800503e-6,1.188485213393569,0.23482101850146853,-9.544216588690902e-7,3.894912362612706e-6,1.470245351871808e-4,1.2370750054800504e-4,-9.544216588690903e-5,3.894912362612706e-4,percent,bootstrap_xy_R500
Actor2,reaction,0.7500000000000001,return_vix,-0.031563379397126536,0.0056884572117558135,-5.548671321970637,3.370122181323154e-8,-0.042712755532167926,-0.020414003262085142,-3.1563379397126536,0.5688457211755813,-4.2712755532167925,-2.0414003262085143,percent,bootstrap_xy_R500
Actor2,reaction,0.7500000000000001,return_usdtry,0.1039843150339737,0.07184290645503948,1.4473845806760182,0.14798774325557984,-0.03682778161790368,0.2447964116858511,10.39843150339737,7.184290645503948,-3.6827781617903677,24.479641168585108,percent,bootstrap_xy_R500
Actor2,reaction,0.7500000000000001,return_bist_lag1,-0.04200122778002072,0.03485590956450515,-1.2049958903609237,0.2283854525635307,-0.1103188105264508,0.02631635496640937,-4.200122778002072,3.485590956450515,-11.03188105264508,2.631635496640937,percent,bootstrap_xy_R500
Actor2,reaction,0.7500000000000001,goldstein_a2:event_count_c,6.089682143840415e-7,1.071879601190695e-6,0.5681311722954431,0.5700266812831876,-1.4919158039497208e-6,2.7098522327178037e-6,6.089682143840415e-5,1.071879601190695e-4,-1.491915803949721e-4,2.7098522327178036e-4,percent,bootstrap_xy_R500
Actor2,reaction,0.8,(Intercept),0.010592659780502545,9.414507993050185e-4,11.251421517005536,0,0.00874741621386471,0.01243790334714038,1.0592659780502545,0.09414507993050185,0.8747416213864709,1.243790334714038,percent,bootstrap_xy_R500
Actor2,reaction,0.8,goldstein_a2,0.0021211589849491987,7.824024635131956e-4,2.7110842358862595,0.006779029116344315,5.876501564633355e-4,0.003654667813435062,0.21211589849491988,0.07824024635131956,0.058765015646333546,0.3654667813435062,percent,bootstrap_xy_R500
Actor2,reaction,0.8,event_count_c,1.272032360600667e-6,1.3052098164124128e-6,0.9745807490914069,0.32991754325972433,-1.2861788795676618e-6,3.830243600768996e-6,1.272032360600667e-4,1.3052098164124127e-4,-1.2861788795676617e-4,3.830243600768996e-4,percent,bootstrap_xy_R500
Actor2,reaction,0.8,return_vix,-0.029147470442322278,0.006678929588867977,-4.36409308624895,1.3593236560804911e-5,-0.04223817243650351,-0.016056768448141044,-2.914747044232228,0.6678929588867977,-4.223817243650351,-1.6056768448141043,percent,bootstrap_xy_R500
Actor2,reaction,0.8,return_usdtry,0.1427692138175934,0.06715173921460184,2.1260687435262864,0.033652314356821256,0.011151804956973793,0.274386622678213,14.276921381759339,6.715173921460184,1.1151804956973792,27.4386622678213,percent,bootstrap_xy_R500
Actor2,reaction,0.8,return_bist_lag1,-0.05761753887348445,0.041147549867997416,-1.4002665786498407,0.16162996454809453,-0.13826673661475938,0.02303165886779049,-5.761753887348445,4.114754986799742,-13.826673661475938,2.3031658867790488,percent,bootstrap_xy_R500
Actor2,reaction,0.8,goldstein_a2:event_count_c,1.4397149873894702e-6,1.1813144587258676e-6,1.218739834050881,0.2231250009834862,-8.756613517132301e-7,3.7550913264921705e-6,1.43971498738947e-4,1.1813144587258676e-4,-8.756613517132301e-5,3.755091326492171e-4,percent,bootstrap_xy_R500
Actor2,reaction,0.8500000000000001,(Intercept),0.012622495723635326,0.001302516408581465,9.690853520518901,0,0.010069563562815655,0.015175427884454997,1.2622495723635325,0.1302516408581465,1.0069563562815655,1.5175427884454997,percent,bootstrap_xy_R500
Actor2,reaction,0.8500000000000001,goldstein_a2,0.0028734346949137422,9.417433662001283e-4,3.051186552561405,0.0023173718297762047,0.0010276176971614908,0.004719251692665994,0.28734346949137424,0.09417433662001283,0.10276176971614909,0.4719251692665994,percent,bootstrap_xy_R500
Actor2,reaction,0.8500000000000001,event_count_c,1.661771373242774e-6,1.6103788546405242e-6,1.0319133093769552,0.30227075709384055,-1.4945711818526532e-6,4.818113928338201e-6,1.661771373242774e-4,1.6103788546405242e-4,-1.4945711818526531e-4,4.818113928338201e-4,percent,bootstrap_xy_R500
Actor2,reaction,0.8500000000000001,return_vix,-0.03192462491343666,0.00842463394537111,-3.7894376325961967,1.5666079338716443e-4,-0.04843690744636403,-0.015412342380509283,-3.1924624913436657,0.842463394537111,-4.843690744636403,-1.5412342380509283,percent,bootstrap_xy_R500
Actor2,reaction,0.8500000000000001,return_usdtry,0.12395523889615181,0.07444985031468956,1.6649494709822732,0.0961212236842055,-0.021966467720639732,0.2698769455129434,12.395523889615182,7.444985031468956,-2.196646772063973,26.98769455129434,percent,bootstrap_xy_R500
Actor2,reaction,0.8500000000000001,return_bist_lag1,-0.09734320153941164,0.03890020692831722,-2.5023826150536777,0.012436472193726011,-0.1735876071189134,-0.02109879595990989,-9.734320153941164,3.890020692831722,-17.358760711891343,-2.1098795959909893,percent,bootstrap_xy_R500
Actor2,reaction,0.8500000000000001,goldstein_a2:event_count_c,1.083248351432911e-6,1.1660268100433804e-6,0.9290081000732824,0.35302688185933895,-1.2021641962521147e-6,3.368660899117937e-6,1.083248351432911e-4,1.1660268100433804e-4,-1.2021641962521148e-4,3.368660899117937e-4,percent,bootstrap_xy_R500
Actor2,reaction,0.9000000000000001,(Intercept),0.01721036880141024,0.0013951115328577142,12.3361956345934,0,0.01447595019700912,0.01994478740581136,1.721036880141024,0.13951115328577143,1.447595019700912,1.994478740581136,percent,bootstrap_xy_R500
Actor2,reaction,0.9000000000000001,goldstein_a2,0.002444476482713561,8.987515597367781e-4,2.7198578475118165,0.006602597133424926,6.829234256294759e-4,0.004206029539797646,0.24444764827135612,0.08987515597367782,0.06829234256294758,0.4206029539797646,percent,bootstrap_xy_R500
Actor2,reaction,0.9000000000000001,event_count_c,2.466884282106502e-6,2.1230241611872156e-6,1.161967125577599,0.24542442162234845,-1.69424307382044e-6,6.628011638033444e-6,2.466884282106502e-4,2.1230241611872155e-4,-1.69424307382044e-4,6.628011638033444e-4,percent,bootstrap_xy_R500
Actor2,reaction,0.9000000000000001,return_vix,-0.03498108488759972,0.01007025309069186,-3.4737046400485654,5.271896302097012e-4,-0.05471878094535576,-0.015243388829843673,-3.498108488759972,1.007025309069186,-5.471878094535576,-1.5243388829843674,percent,bootstrap_xy_R500
Actor2,reaction,0.9000000000000001,return_usdtry,0.20847431907360436,0.08672626467972637,2.403819879058374,0.01633939563859288,0.03849084030134067,0.3784577978458681,20.847431907360438,8.672626467972638,3.849084030134067,37.84577978458681,percent,bootstrap_xy_R500
Actor2,reaction,0.9000000000000001,return_bist_lag1,-0.0927548868250609,0.040041053648791396,-2.3164946566749656,0.020658737304087182,-0.17123535197669204,-0.014274421673429766,-9.27548868250609,4.004105364879139,-17.123535197669206,-1.4274421673429765,percent,bootstrap_xy_R500
Actor2,reaction,0.9000000000000001,goldstein_a2:event_count_c,9.858098686259493e-7,1.1666168914967708e-6,0.845015939518203,0.3982299578364694,-1.3007592387077213e-6,3.2723789759596196e-6,9.858098686259492e-5,1.1666168914967708e-4,-1.3007592387077213e-4,3.2723789759596194e-4,percent,bootstrap_xy_R500
Actor2,reaction,0.95,(Intercept),0.02391183764988159,0.0026049581674087705,9.179355718279119,0,0.0188061196417604,0.02901755565800278,2.3911837649881593,0.2604958167408771,1.8806119641760402,2.9017555658002783,percent,bootstrap_xy_R500
Actor2,reaction,0.95,goldstein_a2,0.0026015752399170702,0.0016369033762803225,1.5893273100999126,0.11218670705417022,-6.06755377592362e-4,0.005809905857426502,0.260157523991707,0.16369033762803226,-0.060675537759236196,0.5809905857426502,percent,bootstrap_xy_R500
Actor2,reaction,0.95,event_count_c,3.105797204108899e-6,2.2715987138544575e-6,1.367229689454688,0.17174791734116424,-1.3465362750458377e-6,7.558130683263635e-6,3.1057972041088986e-4,2.2715987138544576e-4,-1.3465362750458376e-4,7.558130683263635e-4,percent,bootstrap_xy_R500
Actor2,reaction,0.95,return_vix,-0.032675876337535006,0.01578036858431272,-2.0706662308267076,0.03855217852158366,-0.06360539876278794,-0.0017463539122820788,-3.2675876337535006,1.5780368584312718,-6.360539876278794,-0.17463539122820787,percent,bootstrap_xy_R500
Actor2,reaction,0.95,return_usdtry,0.0971456531827751,0.09893040987683485,0.9819594733683837,0.3262702446795336,-0.0967579501758212,0.29104925654137137,9.71456531827751,9.893040987683484,-9.67579501758212,29.104925654137137,percent,bootstrap_xy_R500
Actor2,reaction,0.95,return_bist_lag1,-0.08253121949018154,0.05125686780010894,-1.6101494888848071,0.10756510317169177,-0.18299468037839506,0.017932241398031984,-8.253121949018153,5.125686780010894,-18.299468037839507,1.7932241398031983,percent,bootstrap_xy_R500
Actor2,reaction,0.95,goldstein_a2:event_count_c,5.717124198331056e-7,1.3257270892451512e-6,0.43124442765865934,0.6663495201132632,-2.026712675087391e-6,3.1701375147536017e-6,5.7171241983310565e-5,1.325727089245151e-4,-2.026712675087391e-4,3.170137514753602e-4,percent,bootstrap_xy_R500
Actor2,prediction,0.05,(Intercept),-0.026317699158224548,0.0027916351721464956,-9.427341875044796,0,-0.03178930409563168,-0.020846094220817415,-2.631769915822455,0.27916351721464955,-3.178930409563168,-2.0846094220817415,percent,bootstrap_xy_R500
Actor2,prediction,0.05,goldstein_a2_lag1,9.556261372209808e-4,0.002067393940829441,0.4622370794206654,0.6439750389084882,-0.003096465986804724,0.005007718261246685,0.09556261372209808,0.20673939408294412,-0.3096465986804724,0.5007718261246685,percent,bootstrap_xy_R500
Actor2,prediction,0.05,event_count_c,8.254041024589044e-7,2.557364236652806e-6,0.32275578528431703,0.7469229593690425,-4.1870298013805955e-6,5.837838006298404e-6,8.254041024589043e-5,2.557364236652806e-4,-4.1870298013805954e-4,5.837838006298404e-4,percent,bootstrap_xy_R500
Actor2,prediction,0.05,return_vix,-0.0518546744348248,0.013808834301934943,-3.755181161639309,1.7950550125567233e-4,-0.07891998966661729,-0.02478935920303231,-5.18546744348248,1.3808834301934942,-7.8919989666617285,-2.478935920303231,percent,bootstrap_xy_R500
Actor2,prediction,0.05,return_usdtry,0.048070838880187004,0.30500863066307,0.15760484801916574,0.8747883468262616,-0.5497460772194301,0.6458877549798042,4.807083888018701,30.500863066306998,-54.974607721943016,64.58877549798042,percent,bootstrap_xy_R500
Actor2,prediction,0.05,return_bist_lag1,0.23352965577972895,0.08691522084187626,2.686867196766219,0.007288283827223463,0.06317582292965149,0.4038834886298064,23.352965577972896,8.691522084187627,6.317582292965149,40.388348862980635,percent,bootstrap_xy_R500
Actor2,prediction,0.05,goldstein_a2_lag1:event_count_c,-1.0173737001825166e-6,2.301737847358385e-6,-0.44200242062757794,0.6585480211277812,-5.5287798810049506e-6,3.4940324806399173e-6,-1.0173737001825167e-4,2.3017378473583848e-4,-5.528779881004951e-4,3.4940324806399174e-4,percent,bootstrap_xy_R500
Actor2,prediction,0.1,(Intercept),-0.016228202261020456,0.002243067475662776,-7.234825718395023,7.243095012654521e-13,-0.020624614513319497,-0.011831790008721414,-1.6228202261020457,0.2243067475662776,-2.06246145133195,-1.1831790008721415,percent,bootstrap_xy_R500
Actor2,prediction,0.1,goldstein_a2_lag1,-3.2256653108628626e-4,0.0014023697820578968,-0.2300153177950957,0.8181096792323241,-0.0030712113039197643,0.0024260782417471916,-0.03225665310862862,0.14023697820578968,-0.3071211303919764,0.24260782417471916,percent,bootstrap_xy_R500
Actor2,prediction,0.1,event_count_c,-3.0803459211755665e-7,1.8705198348362024e-6,-0.16467860237607723,0.8692180513305465,-3.9742534683965135e-6,3.3581842841614e-6,-3.080345921175567e-5,0.00018705198348362024,-3.9742534683965137e-4,3.3581842841614e-4,percent,bootstrap_xy_R500
Actor2,prediction,0.1,return_vix,-0.048450228166938655,0.012781647634124895,-3.7906089695028458,1.5593407866143494e-4,-0.07350225752982345,-0.02339819880405386,-4.845022816693866,1.2781647634124895,-7.350225752982345,-2.3398198804053862,percent,bootstrap_xy_R500
Actor2,prediction,0.1,return_usdtry,0.015906750136051077,0.20209602059976273,0.07870887357823489,0.9372741665634909,-0.3802014502394839,0.41201495051158604,1.5906750136051078,20.209602059976273,-38.02014502394839,41.2014950511586,percent,bootstrap_xy_R500
Actor2,prediction,0.1,return_bist_lag1,0.19520552485347012,0.06099587239467134,3.200307122265596,0.001400118924468341,0.0756536149599143,0.31475743474702594,19.52055248534701,6.099587239467134,7.5653614959914295,31.475743474702593,percent,bootstrap_xy_R500
Actor2,prediction,0.1,goldstein_a2_lag1:event_count_c,-2.4143262244527473e-7,1.2990992779499686e-6,-0.18584616783581406,0.8525892841695877,-2.787667207227213e-6,2.304801962336664e-6,-2.4143262244527474e-5,1.2990992779499686e-4,-2.787667207227213e-4,2.304801962336664e-4,percent,bootstrap_xy_R500
Actor2,prediction,0.15000000000000002,(Intercept),-0.011953259976236615,0.0012151874113806352,-9.83655678481389,0,-0.01433502730254266,-0.00957149264993057,-1.1953259976236614,0.12151874113806352,-1.433502730254266,-0.9571492649930571,percent,bootstrap_xy_R500
Actor2,prediction,0.15000000000000002,goldstein_a2_lag1,-7.955424089925733e-4,8.037890990864504e-4,-0.9897402314820518,0.32245284024337684,-0.0023709690432020163,7.798842252168695e-4,-0.07955424089925733,0.08037890990864503,-0.23709690432020164,0.07798842252168695,percent,bootstrap_xy_R500
Actor2,prediction,0.15000000000000002,event_count_c,5.062042222674498e-7,1.6846923835277447e-6,0.30047279088865975,0.7638561278621374,-2.7957928494469295e-6,3.8082012939818295e-6,5.062042222674498e-5,1.6846923835277448e-4,-2.7957928494469296e-4,3.8082012939818295e-4,percent,bootstrap_xy_R500
Actor2,prediction,0.15000000000000002,return_vix,-0.050648417193974345,0.010245502578616247,-4.943478058332098,8.491503911134402e-7,-0.07072960224806218,-0.0305672321398865,-5.064841719397434,1.0245502578616248,-7.072960224806218,-3.05672321398865,percent,bootstrap_xy_R500
Actor2,prediction,0.15000000000000002,return_usdtry,0.09719720227516125,0.1575066614459841,0.617098993673321,0.5372584595292103,-0.21151585415896756,0.4059102587092901,9.719720227516126,15.75066614459841,-21.151585415896758,40.59102587092901,percent,bootstrap_xy_R500
Actor2,prediction,0.15000000000000002,return_bist_lag1,0.12417194911731358,0.040524141439602326,3.0641475601002175,0.0022198830779371903,0.04474463189569303,0.20359926633893413,12.417194911731357,4.052414143960233,4.474463189569303,20.359926633893412,percent,bootstrap_xy_R500
Actor2,prediction,0.15000000000000002,goldstein_a2_lag1:event_count_c,-8.707972483380675e-7,9.661351475075331e-7,-0.9013203283045634,0.36755556925824595,-2.7644221374528326e-6,1.0228276407766973e-6,-8.707972483380676e-5,9.661351475075331e-5,-2.7644221374528325e-4,1.0228276407766973e-4,percent,bootstrap_xy_R500
Actor2,prediction,0.2,(Intercept),-0.009397686659613103,0.0011874943288408052,-7.913879191984715,4.6629367034256575e-15,-0.01172517554414108,-0.007070197775085125,-0.9397686659613103,0.11874943288408052,-1.172517554414108,-0.7070197775085125,percent,bootstrap_xy_R500
Actor2,prediction,0.2,goldstein_a2_lag1,-5.401481554998737e-4,8.580225627793368e-4,-0.6295267501476964,0.529095391882642,-0.0022218723785473737,0.0011415760675476264,-0.05401481554998737,0.08580225627793367,-0.22218723785473737,0.11415760675476264,percent,bootstrap_xy_R500
Actor2,prediction,0.2,event_count_c,1.098913903039935e-6,1.657807221660832e-6,0.662871948367444,0.5075093787487033,-2.150388251415296e-6,4.3482160574951656e-6,1.0989139030399349e-4,1.657807221660832e-4,-2.1503882514152962e-4,4.348216057495166e-4,percent,bootstrap_xy_R500
Actor2,prediction,0.2,return_vix,-0.04697189630335074,0.009508926037177732,-4.939768815079782,8.652116918472785e-7,-0.0656093913362191,-0.028334401270482385,-4.697189630335074,0.9508926037177732,-6.560939133621909,-2.8334401270482386,percent,bootstrap_xy_R500
Actor2,prediction,0.2,return_usdtry,0.06396248737680146,0.146246574964584,0.43736058360540087,0.6619097132342557,-0.22268079955378314,0.35060577430738604,6.396248737680146,14.624657496458399,-22.268079955378315,35.060577430738604,percent,bootstrap_xy_R500
Actor2,prediction,0.2,return_bist_lag1,0.1283337259618872,0.03880714250540651,3.306961494111762,9.643340105811582e-4,0.05227172665129043,0.20439572527248395,12.833372596188719,3.880714250540651,5.227172665129043,20.439572527248394,percent,bootstrap_xy_R500
Actor2,prediction,0.2,goldstein_a2_lag1:event_count_c,-4.936176519075501e-7,9.3785214230317e-7,-0.5263277969332433,0.5987344384082482,-2.331807850821763e-6,1.3445725470066632e-6,-4.936176519075501e-5,9.3785214230317e-5,-2.331807850821763e-4,1.3445725470066634e-4,percent,bootstrap_xy_R500
Actor2,prediction,0.25,(Intercept),-0.00667191568059207,0.0012785611519249883,-5.218300016817267,2.0452871130061112e-7,-0.009177895538365047,-0.004165935822819093,-0.667191568059207,0.12785611519249884,-0.9177895538365047,-0.41659358228190935,percent,bootstrap_xy_R500
Actor2,prediction,0.25,goldstein_a2_lag1,-6.148093854209302e-4,8.262017888269448e-4,-0.7441394992545912,0.4569028771318413,-0.002234164891521742,0.0010045461206798815,-0.06148093854209302,0.08262017888269448,-0.2234164891521742,0.10045461206798816,percent,bootstrap_xy_R500
Actor2,prediction,0.25,event_count_c,-3.412769594160056e-7,1.5428969125731424e-6,-0.22119232764997,0.8249713002338621,-3.3653549080593646e-6,2.682800989227354e-6,-3.412769594160056e-5,1.5428969125731425e-4,-3.365354908059365e-4,2.6828009892273537e-4,percent,bootstrap_xy_R500
Actor2,prediction,0.25,return_vix,-0.04301810987673018,0.00849127073589985,-5.066156905686202,4.5366820922154716e-7,-0.059661000519093885,-0.026375219234366476,-4.301810987673018,0.849127073589985,-5.966100051909389,-2.6375219234366476,percent,bootstrap_xy_R500
Actor2,prediction,0.25,return_usdtry,0.09243409910499831,0.12665433839030865,0.7298139193633116,0.46561225520787275,-0.15580840414000666,0.3406766023500033,9.24340991049983,12.665433839030865,-15.580840414000665,34.06766023500033,percent,bootstrap_xy_R500
Actor2,prediction,0.25,return_bist_lag1,0.12776680393710965,0.03910821770541289,3.2670065636723127,0.0011102553946658045,0.05111469723450039,0.2044189106397189,12.776680393710965,3.910821770541289,5.111469723450039,20.44189106397189,percent,bootstrap_xy_R500
Actor2,prediction,0.25,goldstein_a2_lag1:event_count_c,-5.870777274799945e-8,8.254038558089362e-7,-0.07112611885058734,0.9433063937909609,-1.6764993301335145e-6,1.5590837846375154e-6,-5.870777274799945e-6,8.254038558089362e-5,-1.6764993301335144e-4,1.5590837846375153e-4,percent,bootstrap_xy_R500
Actor2,prediction,0.3,(Intercept),-0.004497528821003562,0.0011794843064132745,-3.813131549566961,1.4249946298772187e-4,-0.0068093180615735795,-0.002185739580433544,-0.4497528821003562,0.11794843064132744,-0.6809318061573579,-0.2185739580433544,percent,bootstrap_xy_R500
Actor2,prediction,0.3,goldstein_a2_lag1,-8.119008562636506e-4,7.536384035650788e-4,-1.077308232201228,0.28150724822044015,-0.002289032127251205,6.652304147239036e-4,-0.08119008562636507,0.07536384035650788,-0.22890321272512051,0.06652304147239035,percent,bootstrap_xy_R500
Actor2,prediction,0.3,event_count_c,-2.630023339429624e-8,1.3577166908241564e-6,-0.019370928833710933,0.9845476503830315,-2.6874249474096428e-6,2.63482448062105e-6,-2.6300233394296243e-6,1.3577166908241564e-4,-2.6874249474096427e-4,2.63482448062105e-4,percent,bootstrap_xy_R500
Actor2,prediction,0.3,return_vix,-0.043023949805887286,0.007143476684979495,-6.022830577210848,2.128351050956212e-9,-0.057025164108447095,-0.029022735503327478,-4.302394980588729,0.7143476684979495,-5.7025164108447095,-2.902273550332748,percent,bootstrap_xy_R500
Actor2,prediction,0.3,return_usdtry,0.07376173179393997,0.10038361284378478,0.7347985363779115,0.4625713787999599,-0.12299014937987818,0.2705136129677581,7.376173179393996,10.038361284378478,-12.299014937987817,27.05136129677581,percent,bootstrap_xy_R500
Actor2,prediction,0.3,return_bist_lag1,0.10852176668031238,0.031831096253701785,3.4093003211503246,6.677030965560604e-4,0.04613281802305688,0.17091071533756788,10.852176668031237,3.1831096253701787,4.613281802305688,17.09107153375679,percent,bootstrap_xy_R500
Actor2,prediction,0.3,goldstein_a2_lag1:event_count_c,-4.264408795881452e-8,7.918764444967473e-7,-0.05385194654440777,0.9570599387745622,-1.5947219191724393e-6,1.5094337432548102e-6,-4.264408795881452e-6,7.918764444967474e-5,-1.5947219191724394e-4,1.5094337432548102e-4,percent,bootstrap_xy_R500
Actor2,prediction,0.35000000000000003,(Intercept),-0.0023693797504199727,9.681418146703974e-4,-2.447347810533961,0.014499556537366454,-0.0042669377071739515,-4.718217936659939e-4,-0.23693797504199726,0.09681418146703974,-0.42669377071739517,-0.047182179366599394,percent,bootstrap_xy_R500
Actor2,prediction,0.35000000000000003,goldstein_a2_lag1,-7.629504143545024e-4,6.940096535704457e-4,-1.0993368902426353,0.27178883640761153,-0.002123209335352576,5.973085066435712e-4,-0.07629504143545024,0.06940096535704457,-0.2123209335352576,0.05973085066435713,percent,bootstrap_xy_R500
Actor2,prediction,0.35000000000000003,event_count_c,-3.949262456227122e-7,1.1882184922589317e-6,-0.33236837180669926,0.7396552621788741,-2.723834490450218e-6,1.933981999204794e-6,-3.949262456227122e-5,1.1882184922589317e-4,-2.7238344904502177e-4,1.933981999204794e-4,percent,bootstrap_xy_R500
Actor2,prediction,0.35000000000000003,return_vix,-0.040591288356388304,0.00672567055006996,-6.035277531690291,1.9740284962210808e-9,-0.05377360263452542,-0.027408974078251182,-4.05912883563883,0.672567055006996,-5.377360263452542,-2.740897407825118,percent,bootstrap_xy_R500
Actor2,prediction,0.35000000000000003,return_usdtry,0.02272757194552834,0.0959582922616247,0.23684844123281124,0.8128051117263113,-0.16535068088725605,0.21080582477831275,2.272757194552834,9.59582922616247,-16.535068088725605,21.080582477831275,percent,bootstrap_xy_R500
Actor2,prediction,0.35000000000000003,return_bist_lag1,0.07591226110109055,0.03282251483267527,2.312810626732319,0.0208611378961443,0.011580132029047008,0.1402443901731341,7.591226110109055,3.2822514832675274,1.1580132029047008,14.024439017313409,percent,bootstrap_xy_R500
Actor2,prediction,0.35000000000000003,goldstein_a2_lag1:event_count_c,2.2359799370926914e-7,7.261056757732e-7,0.3079413936148741,0.7581675681103566,-1.199569130806203e-6,1.646765118224741e-6,2.2359799370926915e-5,7.261056757732001e-5,-1.199569130806203e-4,1.646765118224741e-4,percent,bootstrap_xy_R500
Actor2,prediction,0.4,(Intercept),-0.0012138432763647421,7.92667145887395e-4,-1.5313404657459826,0.1258857076808586,-0.0027674708823040364,3.39784329574552e-4,-0.1213843276364742,0.0792667145887395,-0.2767470882304036,0.0339784329574552,percent,bootstrap_xy_R500
Actor2,prediction,0.4,goldstein_a2_lag1,-3.1070093107026273e-4,6.001807049809118e-4,-0.5176789731688297,0.6047548338515678,-0.0014870551128328498,8.656532506923244e-4,-0.031070093107026273,0.060018070498091186,-0.14870551128328496,0.08656532506923244,percent,bootstrap_xy_R500
Actor2,prediction,0.4,event_count_c,-4.931115278866892e-7,1.1931573009177962e-6,-0.4132829154273118,0.6794554988141306,-2.83169983768557e-6,1.8454767819121913e-6,-4.931115278866892e-5,1.1931573009177961e-4,-2.83169983768557e-4,1.8454767819121913e-4,percent,bootstrap_xy_R500
Actor2,prediction,0.4,return_vix,-0.03504244416539365,0.005953762109750144,-5.885764919630664,4.830313704573541e-9,-0.04671181790050393,-0.023373070430283367,-3.5042444165393647,0.5953762109750145,-4.671181790050393,-2.337307043028337,percent,bootstrap_xy_R500
Actor2,prediction,0.4,return_usdtry,0.006036804275764864,0.09053170480890599,0.06668165907741747,0.9468435828171671,-0.17140533714969086,0.18347894570122059,0.6036804275764864,9.053170480890598,-17.140533714969088,18.347894570122058,percent,bootstrap_xy_R500
Actor2,prediction,0.4,return_bist_lag1,0.0491515081995814,0.028755335946231746,1.7093004335434472,0.0875919288414595,-0.007208950255032827,0.10551196665419563,4.915150819958139,2.8755335946231746,-0.7208950255032827,10.551196665419562,percent,bootstrap_xy_R500
Actor2,prediction,0.4,goldstein_a2_lag1:event_count_c,1.396551883182957e-7,7.595263063528845e-7,0.18387143032464015,0.8541379418068025,-1.349016372133358e-6,1.6283267487699493e-6,1.396551883182957e-5,7.595263063528845e-5,-1.349016372133358e-4,1.6283267487699493e-4,percent,bootstrap_xy_R500
Actor2,prediction,0.45,(Intercept),-3.0341770902545917e-4,8.415393517335769e-4,-0.3605508267681322,0.7184835103528955,-0.0019528348384232697,0.0013459994203723516,-0.030341770902545917,0.08415393517335769,-0.19528348384232697,0.13459994203723516,percent,bootstrap_xy_R500
Actor2,prediction,0.45,goldstein_a2_lag1,-1.923452905921176e-5,6.545573134470313e-4,-0.029385553662090853,0.9765608102021148,-0.001302166863415393,0.0012636978052969696,-0.001923452905921176,0.06545573134470313,-0.1302166863415393,0.12636978052969697,percent,bootstrap_xy_R500
Actor2,prediction,0.45,event_count_c,4.085275128238746e-7,1.291179747940479e-6,0.31639863735123186,0.7517417984337276,-2.1221847931394644e-6,2.9392398187872133e-6,4.085275128238746e-5,1.291179747940479e-4,-2.1221847931394644e-4,2.939239818787213e-4,percent,bootstrap_xy_R500
Actor2,prediction,0.45,return_vix,-0.034670744278910856,0.006153479266541297,-5.634331859607993,2.077596028549067e-8,-0.0467315636413318,-0.022609924916489915,-3.4670744278910854,0.6153479266541296,-4.673156364133179,-2.2609924916489916,percent,bootstrap_xy_R500
Actor2,prediction,0.45,return_usdtry,0.016559979328545835,0.07689024809754373,0.21537164644777426,0.8295054062010512,-0.1341449069426399,0.16726486559973155,1.6559979328545835,7.689024809754373,-13.41449069426399,16.726486559973157,percent,bootstrap_xy_R500
Actor2,prediction,0.45,return_bist_lag1,0.04708133866437274,0.027178476313426427,1.7323023601994239,0.08341514009486506,-0.006188474909943058,0.10035115223868854,4.708133866437274,2.7178476313426425,-0.6188474909943058,10.035115223868853,percent,bootstrap_xy_R500
Actor2,prediction,0.45,goldstein_a2_lag1:event_count_c,-3.766409669295174e-7,8.624653854446757e-7,-0.4367027051588005,0.6623867136306834,-2.0670731224010817e-6,1.3137911885420467e-6,-3.766409669295174e-5,8.624653854446757e-5,-2.0670731224010818e-4,1.3137911885420468e-4,percent,bootstrap_xy_R500
Actor2,prediction,0.5,(Intercept),0.0010349918354632846,0.0010841970812861858,0.9546159580465492,0.3399181543013614,-0.0010900344438576394,0.0031600181147842087,0.10349918354632846,0.10841970812861858,-0.10900344438576394,0.3160018114784209,percent,bootstrap_xy_R500
Actor2,prediction,0.5,goldstein_a2_lag1,2.84841799202484e-4,7.394566997381564e-4,0.38520416314213834,0.7001380739219507,-0.0011644933322843025,0.0017341769306892705,0.0284841799202484,0.07394566997381564,-0.11644933322843025,0.17341769306892704,percent,bootstrap_xy_R500
Actor2,prediction,0.5,event_count_c,1.536242539863289e-7,1.3942278003366771e-6,0.11018590645605535,0.912275950227845,-2.579062234673558e-6,2.8863107426462163e-6,1.536242539863289e-5,1.3942278003366772e-4,-2.579062234673558e-4,2.886310742646216e-4,percent,bootstrap_xy_R500
Actor2,prediction,0.5,return_vix,-0.031459815827744035,0.006168028814210821,-5.100465120276715,3.7977482714168787e-7,-0.043549152303597245,-0.019370479351890825,-3.1459815827744033,0.6168028814210821,-4.354915230359724,-1.9370479351890826,percent,bootstrap_xy_R500
Actor2,prediction,0.5,return_usdtry,0.036880543962511086,0.07663199237776937,0.48126823821443515,0.6303925944820867,-0.11331816109791687,0.18707924902293904,3.6880543962511085,7.6631992377769365,-11.331816109791687,18.707924902293904,percent,bootstrap_xy_R500
Actor2,prediction,0.5,return_bist_lag1,0.031713563511937846,0.02687204450157465,1.1801693581625132,0.23811073527372506,-0.02095564371114847,0.08438277073502416,3.1713563511937846,2.687204450157465,-2.095564371114847,8.438277073502416,percent,bootstrap_xy_R500
Actor2,prediction,0.5,goldstein_a2_lag1:event_count_c,-2.7775434535326313e-8,9.128201133025266e-7,-0.030428157892836642,0.9757294363211377,-1.8169028566082784e-6,1.7613519875376258e-6,-2.7775434535326313e-6,9.128201133025265e-5,-1.8169028566082784e-4,1.761351987537626e-4,percent,bootstrap_xy_R500
Actor2,prediction,0.55,(Intercept),0.002999610036258451,0.0011715059862011847,2.5604735029867127,0.010545334170674936,7.034583033041289e-4,0.005295761769212773,0.2999610036258451,0.11715059862011848,0.07034583033041289,0.5295761769212772,percent,bootstrap_xy_R500
Actor2,prediction,0.55,goldstein_a2_lag1,7.380451798789011e-6,8.066147030385129e-4,0.009149909828059037,0.9927006866570678,-0.0015735843661566962,0.0015883452697542744,7.38045179878901e-4,0.08066147030385129,-0.15735843661566962,0.15883452697542744,percent,bootstrap_xy_R500
Actor2,prediction,0.55,event_count_c,4.400265014883748e-7,1.2894300102099294e-6,0.3412566002064238,0.7329558497933104,-2.0872563185230865e-6,2.9673093214998365e-6,4.400265014883748e-5,1.2894300102099293e-4,-2.0872563185230864e-4,2.9673093214998365e-4,percent,bootstrap_xy_R500
Actor2,prediction,0.55,return_vix,-0.02747402610184492,0.005710086790324061,-4.811490107015642,1.641226767601367e-6,-0.03866579621088008,-0.01628225599280976,-2.747402610184492,0.5710086790324062,-3.866579621088008,-1.628225599280976,percent,bootstrap_xy_R500
Actor2,prediction,0.55,return_usdtry,0.06880189324971314,0.07428993166102978,0.9261267538061891,0.3545217261142237,-0.07680637280590522,0.2144101593053315,6.880189324971314,7.428993166102978,-7.680637280590521,21.44101593053315,percent,bootstrap_xy_R500
Actor2,prediction,0.55,return_bist_lag1,0.00984455107252331,0.027710755693945946,0.3552610106073029,0.7224415401864543,-0.044468530087610744,0.06415763223265736,0.984455107252331,2.7710755693945948,-4.4468530087610745,6.415763223265736,percent,bootstrap_xy_R500
Actor2,prediction,0.55,goldstein_a2_lag1:event_count_c,-4.883746255708703e-7,8.603104812132035e-7,-0.5676725278089928,0.5703381030005885,-2.174583168748749e-6,1.1978339176070087e-6,-4.883746255708703e-5,8.603104812132035e-5,-2.174583168748749e-4,1.1978339176070087e-4,percent,bootstrap_xy_R500
Actor2,prediction,0.6000000000000001,(Intercept),0.004575412854198288,0.0011699480511915225,3.9107829185565137,9.589956743516481e-5,0.0022823146738629035,0.006868511034533672,0.45754128541982875,0.11699480511915225,0.22823146738629035,0.6868511034533672,percent,bootstrap_xy_R500
Actor2,prediction,0.6000000000000001,goldstein_a2_lag1,1.9266071172728143e-4,7.906662241439369e-4,0.2436688274320524,0.8075189911751073,-0.001357045087594835,0.0017423665110493976,0.019266071172728143,0.07906662241439369,-0.13570450875948348,0.17423665110493977,percent,bootstrap_xy_R500
Actor2,prediction,0.6000000000000001,event_count_c,6.928797800062083e-8,1.2656730095121e-6,0.05474398006427459,0.9563493606995737,-2.411431120643095e-6,2.550007076644337e-6,6.9287978000620826e-6,1.2656730095121e-4,-2.411431120643095e-4,2.550007076644337e-4,percent,bootstrap_xy_R500
Actor2,prediction,0.6000000000000001,return_vix,-0.03324960133113775,0.006477624912073625,-5.13299269137426,3.2054372578471657e-7,-0.04594574615880206,-0.020553456503473448,-3.3249601331137755,0.6477624912073625,-4.594574615880206,-2.055345650347345,percent,bootstrap_xy_R500
Actor2,prediction,0.6000000000000001,return_usdtry,0.0754737194363372,0.08108792941322747,0.9307639248219051,0.35211806310487104,-0.08345862221358864,0.23440606108626305,7.54737194363372,8.108792941322747,-8.345862221358864,23.440606108626305,percent,bootstrap_xy_R500
Actor2,prediction,0.6000000000000001,return_bist_lag1,0.008919125147458538,0.028552972460499274,0.3123711606487705,0.7547997368230106,-0.047044700875120034,0.06488295117003712,0.8919125147458539,2.8552972460499273,-4.704470087512004,6.4882951170037115,percent,bootstrap_xy_R500
Actor2,prediction,0.6000000000000001,goldstein_a2_lag1:event_count_c,-3.593901717198209e-7,8.540560201665228e-7,-0.4208039791695953,0.6739555272502495,-2.0333399712462057e-6,1.3145596278065637e-6,-3.5939017171982094e-5,8.540560201665228e-5,-2.0333399712462057e-4,1.3145596278065635e-4,percent,bootstrap_xy_R500
Actor2,prediction,0.6500000000000001,(Intercept),0.006496284486159339,0.001108215907009344,5.861930373919967,5.560458538056423e-9,0.004324181308421025,0.008668387663897653,0.6496284486159339,0.1108215907009344,0.43241813084210245,0.8668387663897653,percent,bootstrap_xy_R500
Actor2,prediction,0.6500000000000001,goldstein_a2_lag1,5.809757679907568e-5,7.824437647973451e-4,0.07425144069506784,0.9408197259869635,-0.0014754922022037207,0.0015916873558018722,0.005809757679907568,0.0782443764797345,-0.14754922022037206,0.1591687355801872,percent,bootstrap_xy_R500
Actor2,prediction,0.6500000000000001,event_count_c,-1.4594020254678985e-7,1.1781160164276988e-6,-0.12387591757670177,0.9014292974055225,-2.4550475947450797e-6,2.1631671896515e-6,-1.4594020254678985e-5,1.1781160164276988e-4,-2.45504759474508e-4,2.1631671896514998e-4,percent,bootstrap_xy_R500
Actor2,prediction,0.6500000000000001,return_vix,-0.03122815007426008,0.004946184736564429,-6.313583446127175,3.5357317074158345e-10,-0.04092267215792636,-0.0215336279905938,-3.122815007426008,0.49461847365644296,-4.092267215792636,-2.15336279905938,percent,bootstrap_xy_R500
Actor2,prediction,0.6500000000000001,return_usdtry,0.06344351376327964,0.08097439310389955,0.7835009480327225,0.43345057468707404,-0.09526629672036346,0.22215332424692275,6.344351376327964,8.097439310389955,-9.526629672036346,22.215332424692274,percent,bootstrap_xy_R500
Actor2,prediction,0.6500000000000001,return_bist_lag1,-7.824818747531864e-4,0.03372115417057971,-0.023204480807358274,0.981490098182249,-0.06687594404908942,0.06531098029958304,-0.07824818747531864,3.3721154170579712,-6.687594404908942,6.531098029958304,percent,bootstrap_xy_R500
Actor2,prediction,0.6500000000000001,goldstein_a2_lag1:event_count_c,-1.5978968084885513e-7,7.683322767757371e-7,-0.20796950184027604,0.8352796177158828,-1.6657209433292998e-6,1.3461415816315896e-6,-1.5978968084885515e-5,7.683322767757371e-5,-1.6657209433292998e-4,1.3461415816315894e-4,percent,bootstrap_xy_R500
Actor2,prediction,0.7000000000000001,(Intercept),0.008516018233400051,0.001165180313062834,7.308755681783317,4.2654768606098514e-13,0.0062322648197968965,0.010799771647003206,0.8516018233400051,0.1165180313062834,0.6232264819796897,1.0799771647003207,percent,bootstrap_xy_R500
Actor2,prediction,0.7000000000000001,goldstein_a2_lag1,1.5334684847498778e-4,8.81462692134611e-4,0.1739686203889497,0.8619124378757039,-0.0015743200281088498,0.0018810137250588252,0.015334684847498779,0.0881462692134611,-0.15743200281088499,0.18810137250588252,percent,bootstrap_xy_R500
Actor2,prediction,0.7000000000000001,event_count_c,-5.293153775992175e-7,1.3386157766598906e-6,-0.39541994560975774,0.6925864395310812,-3.153002299852603e-6,2.0943715446541677e-6,-5.293153775992175e-5,1.3386157766598906e-4,-3.153002299852603e-4,2.0943715446541678e-4,percent,bootstrap_xy_R500
Actor2,prediction,0.7000000000000001,return_vix,-0.031647600703336394,0.005973316587590554,-5.298162292131586,1.3348886729325216e-7,-0.04335530121501388,-0.019939900191658907,-3.1647600703336396,0.5973316587590554,-4.335530121501388,-1.9939900191658908,percent,bootstrap_xy_R500
Actor2,prediction,0.7000000000000001,return_usdtry,0.06272557786812742,0.08281866503053689,0.7573845563074368,0.4489325828864108,-0.0995990055917249,0.22505016132797973,6.272557786812742,8.281866503053688,-9.959900559172489,22.505016132797973,percent,bootstrap_xy_R500
Actor2,prediction,0.7000000000000001,return_bist_lag1,-0.035156517186426185,0.039025295085757035,-0.9008648649336459,0.3677976397047966,-0.11164609555450997,0.0413330611816576,-3.5156517186426184,3.9025295085757037,-11.164609555450996,4.13330611816576,percent,bootstrap_xy_R500
Actor2,prediction,0.7000000000000001,goldstein_a2_lag1:event_count_c,2.668061248995833e-7,9.001776775225583e-7,0.29639273619168055,0.7669691747759342,-1.497542123044631e-6,2.0311543728437975e-6,2.668061248995833e-5,9.001776775225583e-5,-1.4975421230446312e-4,2.0311543728437974e-4,percent,bootstrap_xy_R500
Actor2,prediction,0.7500000000000001,(Intercept),0.010144189134557804,0.0010336954877118304,9.813517863962817,0,0.008118145978642617,0.01217023229047299,1.0144189134557804,0.10336954877118304,0.8118145978642617,1.217023229047299,percent,bootstrap_xy_R500
Actor2,prediction,0.7500000000000001,goldstein_a2_lag1,5.565160251769523e-4,7.986583790038443e-4,0.6968136061767575,0.48602208345681586,-0.0010088543976705824,0.002121886448024487,0.05565160251769523,0.07986583790038443,-0.10088543976705824,0.21218864480244873,percent,bootstrap_xy_R500
Actor2,prediction,0.7500000000000001,event_count_c,-6.18348194566684e-7,1.2802804971635933e-6,-0.4829786878239635,0.6291778669631394,-3.1276979690073267e-6,1.891001579873959e-6,-6.183481945666839e-5,1.2802804971635934e-4,-3.1276979690073264e-4,0.00018910015798739589,percent,bootstrap_xy_R500
Actor2,prediction,0.7500000000000001,return_vix,-0.027836469660269918,0.006093628200945423,-4.568127352428739,5.303444174931116e-6,-0.039779980934122945,-0.01589295838641689,-2.783646966026992,0.6093628200945422,-3.9779980934122947,-1.589295838641689,percent,bootstrap_xy_R500
Actor2,prediction,0.7500000000000001,return_usdtry,0.12799696142254155,0.06748662737357264,1.8966270267739649,0.058059653238725195,-0.004276828229660828,0.26027075107474396,12.799696142254154,6.748662737357264,-0.42768282296608284,26.027075107474396,percent,bootstrap_xy_R500
Actor2,prediction,0.7500000000000001,return_bist_lag1,-0.03190663116599581,0.034957796111288554,-0.9127186125927583,0.36152997243855123,-0.10042391154412136,0.036610649212129746,-3.1906631165995814,3.4957796111288553,-10.042391154412137,3.6610649212129744,percent,bootstrap_xy_R500
Actor2,prediction,0.7500000000000001,goldstein_a2_lag1:event_count_c,3.246360781048017e-7,9.063155782904407e-7,0.3581932010008635,0.7202466439862472,-1.451742455344462e-6,2.1010146115540655e-6,3.2463607810480167e-5,9.063155782904407e-5,-1.451742455344462e-4,2.1010146115540656e-4,percent,bootstrap_xy_R500
Actor2,prediction,0.8,(Intercept),0.011731928517173492,0.0012268936025863033,9.562303114501923,0,0.009327217056104339,0.014136639978242646,1.1731928517173493,0.12268936025863032,0.9327217056104339,1.4136639978242647,percent,bootstrap_xy_R500
Actor2,prediction,0.8,goldstein_a2_lag1,0.0010063164071784363,9.012612733542605e-4,1.1165645711517014,0.2643505322523807,-7.601556885959144e-4,0.002772788502952787,0.10063164071784363,0.09012612733542605,-0.07601556885959145,0.2772788502952787,percent,bootstrap_xy_R500
Actor2,prediction,0.8,event_count_c,-3.5319628840075267e-7,1.3747621230134427e-6,-0.2569144745030912,0.7972782893381021,-3.0477300495071005e-6,2.341337472705595e-6,-3.5319628840075266e-5,1.3747621230134427e-4,-3.0477300495071e-4,2.3413374727055948e-4,percent,bootstrap_xy_R500
Actor2,prediction,0.8,return_vix,-0.022088325323301246,0.008738745196696677,-2.5276312360784736,0.011580417087187378,-0.039216265908826736,-0.004960384737775759,-2.2088325323301246,0.8738745196696677,-3.9216265908826737,-0.4960384737775759,percent,bootstrap_xy_R500
Actor2,prediction,0.8,return_usdtry,0.14844746325159078,0.06730404372360616,2.205624729789073,0.027553993829352974,0.016531537553322706,0.28036338894985885,14.844746325159077,6.730404372360615,1.6531537553322706,28.036338894985885,percent,bootstrap_xy_R500
Actor2,prediction,0.8,return_bist_lag1,-0.05755718871872061,0.045685719341081114,-1.2598507706316127,0.20790949145840765,-0.14710119862723958,0.03198682118979836,-5.7557188718720615,4.568571934108111,-14.710119862723959,3.1986821189798365,percent,bootstrap_xy_R500
Actor2,prediction,0.8,goldstein_a2_lag1:event_count_c,1.2430458578864464e-7,9.066900923555853e-7,0.13709710389103372,0.8909715309028019,-1.6528079952283025e-6,1.9014171668055918e-6,1.2430458578864463e-5,9.066900923555852e-5,-1.6528079952283026e-4,1.9014171668055917e-4,percent,bootstrap_xy_R500
Actor2,prediction,0.8500000000000001,(Intercept),0.014696944290681791,0.0014932608072390158,9.84218176719973,0,0.01177015310849332,0.017623735472870262,1.469694429068179,0.14932608072390158,1.177015310849332,1.762373547287026,percent,bootstrap_xy_R500
Actor2,prediction,0.8500000000000001,goldstein_a2_lag1,0.0011586634453582415,0.0010015561443159605,1.1568631992663594,0.24750335056305595,-8.043865975010411e-4,0.003121713488217524,0.11586634453582415,0.10015561443159604,-0.08043865975010411,0.3121713488217524,percent,bootstrap_xy_R500
Actor2,prediction,0.8500000000000001,event_count_c,5.397674630648876e-7,1.4158758883749038e-6,0.38122512537763115,0.7030875272294579,-2.235349278149924e-6,3.314884204279699e-6,5.397674630648876e-5,1.415875888374904e-4,-2.2353492781499237e-4,3.314884204279699e-4,percent,bootstrap_xy_R500
Actor2,prediction,0.8500000000000001,return_vix,-0.026377209320443646,0.01068913275155948,-2.467665986896399,0.01370515321059651,-0.04732790951350023,-0.005426509127387066,-2.6377209320443646,1.068913275155948,-4.732790951350023,-0.5426509127387066,percent,bootstrap_xy_R500
Actor2,prediction,0.8500000000000001,return_usdtry,0.1435119423626221,0.0781682883972283,1.8359355859672473,0.06655524045761663,-0.009697902895945354,0.29672178762118956,14.35119423626221,7.816828839722829,-0.9697902895945354,29.672178762118957,percent,bootstrap_xy_R500
Actor2,prediction,0.8500000000000001,return_bist_lag1,-0.08317935647380591,0.04792332744267454,-1.735675732727539,0.08281639313269284,-0.177109078261448,0.010750365313836191,-8.31793564738059,4.792332744267454,-17.7109078261448,1.0750365313836192,percent,bootstrap_xy_R500
Actor2,prediction,0.8500000000000001,goldstein_a2_lag1:event_count_c,-3.54543648325622e-7,8.766307640101946e-7,-0.40443897577098825,0.6859447540562837,-2.0727399457856036e-6,1.3636526491343594e-6,-3.54543648325622e-5,8.766307640101945e-5,-2.0727399457856036e-4,1.3636526491343594e-4,percent,bootstrap_xy_R500
Actor2,prediction,0.9000000000000001,(Intercept),0.018745938786466007,0.0014449762035006585,12.973181662820002,0,0.015913785427604715,0.0215780921453273,1.8745938786466008,0.14449762035006586,1.5913785427604714,2.1578092145327297,percent,bootstrap_xy_R500
Actor2,prediction,0.9000000000000001,goldstein_a2_lag1,0.0013380643164065428,0.0010120702903286536,1.3221061117919268,0.18632442680446681,-6.455934526376182e-4,0.003321722085450704,0.13380643164065428,0.10120702903286535,-0.06455934526376182,0.3321722085450704,percent,bootstrap_xy_R500
Actor2,prediction,0.9000000000000001,event_count_c,5.196361592825732e-7,1.407021648059353e-6,0.3693163925368781,0.7119414585216053,-2.238126270913759e-6,3.2773985894789053e-6,5.196361592825732e-5,1.4070216480593532e-4,-2.238126270913759e-4,3.2773985894789053e-4,percent,bootstrap_xy_R500
Actor2,prediction,0.9000000000000001,return_vix,-0.029512494220572297,0.011689326417088908,-2.5247386519575046,0.011675768495952532,-0.05242357399806656,-0.006601414443078036,-2.95124942205723,1.1689326417088908,-5.242357399806656,-0.6601414443078036,percent,bootstrap_xy_R500
Actor2,prediction,0.9000000000000001,return_usdtry,0.17606550378952396,0.09572517723006443,1.8392810427122095,0.06606163189937764,-0.011555843581402325,0.36368685116045024,17.606550378952395,9.572517723006444,-1.1555843581402325,36.36868511604502,percent,bootstrap_xy_R500
Actor2,prediction,0.9000000000000001,return_bist_lag1,-0.0847005316363571,0.04614866683131361,-1.8353841497948666,0.06663689378217263,-0.17515191862573176,0.005750855353017573,-8.47005316363571,4.614866683131361,-17.515191862573175,0.5750855353017572,percent,bootstrap_xy_R500
Actor2,prediction,0.9000000000000001,goldstein_a2_lag1:event_count_c,-3.797113426562176e-7,8.525014713666409e-7,-0.4454084308470509,0.6560857160764242,-2.0506142265348336e-6,1.2911915412223986e-6,-3.797113426562176e-5,8.525014713666408e-5,-2.0506142265348337e-4,1.2911915412223987e-4,percent,bootstrap_xy_R500
Actor2,prediction,0.95,(Intercept),0.024894797898307945,0.0024098964887834507,10.330235350015048,0,0.020171400780292382,0.02961819501632351,2.4894797898307943,0.24098964887834506,2.017140078029238,2.961819501632351,percent,bootstrap_xy_R500
Actor2,prediction,0.95,goldstein_a2_lag1,0.0016819875174609077,0.0015057924356851361,1.1170115333296935,0.2641594378226002,-0.0012693656564819592,0.004633340691403774,0.16819875174609078,0.1505792435685136,-0.12693656564819591,0.46333406914037745,percent,bootstrap_xy_R500
Actor2,prediction,0.95,event_count_c,1.3172040301411058e-6,2.0787205871076925e-6,0.6336609346684001,0.5263939563233959,-2.7570883205899714e-6,5.391496380872183e-6,1.3172040301411057e-4,2.0787205871076924e-4,-2.7570883205899717e-4,5.391496380872183e-4,percent,bootstrap_xy_R500
Actor2,prediction,0.95,return_vix,-0.037887499442262,0.017122030358580457,-2.2127924462693898,0.02705463667444885,-0.0714466789450797,-0.004328319939444311,-3.7887499442262005,1.7122030358580458,-7.144667894507969,-0.4328319939444311,percent,bootstrap_xy_R500
Actor2,prediction,0.95,return_usdtry,0.11412566137225554,0.10134700541164111,1.1260881454633154,0.2602994376422707,-0.08451446923456103,0.3127657919790721,11.412566137225554,10.134700541164111,-8.451446923456103,31.27657919790721,percent,bootstrap_xy_R500
Actor2,prediction,0.95,return_bist_lag1,-0.08677868175681344,0.04900747230077477,-1.770723477110276,0.07679971748300418,-0.182833327466332,0.009275963952705107,-8.677868175681343,4.900747230077477,-18.2833327466332,0.9275963952705107,percent,bootstrap_xy_R500
Actor2,prediction,0.95,goldstein_a2_lag1:event_count_c,-6.260293988299854e-7,1.181793261403976e-6,-0.5297283537445961,0.5963748051409197,-2.942344191181778e-6,1.6902853935218074e-6,-6.260293988299855e-5,1.1817932614039759e-4,-2.942344191181778e-4,1.6902853935218075e-4,percent,bootstrap_xy_R500
