date,bist100_close,return_bist,return_bist_lag1,abs_return_bist,real_return_bist,goldstein_a1,event_count_a1,event_count_a1_c,tone_a1,source_count_a1,mentions_a1,articles_a1,goldstein_a2,event_count_a2,event_count_a2_c,tone_a2,source_count_a2,mentions_a2,articles_a2,vix_close,return_vix,usdtry_close,return_usdtry,cpi_daily_interp,daily_inflation_log
2020-01-06,1114.126953125,-0.020181357080050602,-0.019582074053366625,0.020181357080050602,-0.020294738952491467,1.333463082350079,3332,1497.3706377858002,-2.4399733423854784,3476,16442,16118,0.9353187919463086,2392,1076.384476534296,-2.68289688736917,2514,10728,10538,13.850000381469728,-0.012199654080916935,5.967959880828857,0.0020564096425269903,14.033021,0.00011338187244086626
2020-01-07,1125.9990234375,0.010599565907946897,-0.020181357080050602,0.010599565907946897,0.010486196889497326,1.252505832193709,2461,626.3706377858002,-2.0293192631397807,2632,12431,12213,1.3935199523525912,1833,517.384476534296,-2.075425262697863,1950,8395,8277,13.789999961853027,-0.004341571137355333,5.968999862670898,0.00017424568181835368,14.034612000000001,0.00011336901844957031
2020-01-08,1128.760986328125,0.0024498964502675134,0.010599565907946897,0.0024498964502675134,0.0023365402828956212,1.3747561109284223,3663,1828.3706377858002,-1.9226846069353505,3980,18246,17901,1.898271645198108,2626,1310.384476534296,-1.9117936137287412,2854,12266,12025,13.449999809265137,-0.024964597172115213,5.974370002746582,0.0008992672081817861,14.036203,0.00011335616737189223
2020-01-09,1179.905029296875,0.04431339270912075,0.0024498964502675134,0.04431339270912075,0.04420004938991314,0.903875566114782,2868,1033.3706377858002,-2.4660985644597373,3027,13469,13309,1.1679581977718625,2348,1032.384476534296,-2.4321284860767305,2434,10143,10018,12.539999961853027,-0.07005555970406599,5.908899784088135,-0.011019001044699,14.037794,0.00011334331920761008
2020-01-10,1186.636962890625,0.005689273018721777,0.04431339270912075,0.005689273018721777,0.005575942544766163,1.1612692307692305,2054,219.37063778580023,-2.3570205171399223,2200,10400,10201,1.6611370612571736,1563,247.38447653429603,-2.3063559723928675,1657,7493,7433,12.5600004196167,0.001593662286273741,5.877299785614014,-0.005362216039934782,14.039385000000001,0.0001133304739556139
2020-01-13,1202.489990234375,0.013271174223118956,0.005689273018721777,0.013271174223118956,0.013157882267456492,1.6541993655034228,6043,4208.3706377858,-2.1158548508751536,6512,29945,29196,1.9475302642042944,4722,3406.384476534296,-2.1517025813095243,5128,22634,22177,12.31999969482422,-0.01929326111441286,5.875329971313477,-0.00033521252004410927,14.044158,0.00011329195566246332
2020-01-14,1214.2330322265625,0.00971822944089192,0.013271174223118956,0.00971822944089192,0.009604950318842743,0.9906782991432836,2786,951.3706377858002,-2.104676754607785,2930,12723,12472,1.9040662827594304,1917,601.384476534296,-2.062029355532051,2009,8509,8325,12.390000343322754,0.005665790016104042,5.865499973297119,-0.001674498371857851,14.045749,0.00011327912204917721
2020-01-15,1209.387939453125,-0.003998231806429221,0.00971822944089192,0.003998231806429221,-0.004111498097772292,0.5319115059079863,2343,508.3706377858002,-2.236571503964577,2448,11933,11748,1.1832268570712765,1686,370.384476534296,-2.0473548582348307,1730,7983,7794,12.420000076293944,0.0024183592974461473,5.8871002197265625,0.003675828394745139,14.04734,0.00011326629134307116
2020-01-16,1210.009033203125,0.0005134285697332689,-0.003998231806429221,0.0005134285697332689,0.0004001751061900117,1.1484332575034857,2634,799.3706377858002,-2.261525493301578,2812,13627,13299,1.0799494949494952,2116,800.384476534296,-2.6740003074485665,2217,9900,9717,12.31999969482422,-0.008084149313550209,5.875349998474121,-0.00199792134173924,14.048931,0.00011325346354325724
2020-01-17,1214.748046875,0.00390886142355172,0.0005134285697332689,0.00390886142355172,0.0037956207849028727,1.3433982022864126,2353,518.3706377858002,-2.278138259199508,2489,11459,11075,1.19414466130884,1795,479.384476534296,-2.545836593489327,1935,8710,8461,12.100000381469728,-0.018018449205493302,5.855100154876709,-0.0034525296893918424,14.050522,0.00011324063864884746
2020-01-21,1235.56103515625,0.007606822708004847,0.009381637235534377,0.007606822708004847,0.007493633339901574,0.9371580236831362,1969,134.37063778580023,-2.188924488160301,2038,9796,9686,0.6191409084312873,1457,141.38447653429603,-2.0545757108975256,1495,6891,6825,12.850000381469728,0.06013835689846975,5.91077995300293,0.003391082329388749,14.056886,0.0001131893681032721
2020-01-22,1227.470947265625,-0.006569234213937142,0.007606822708004847,0.006569234213937142,-0.006682410771657485,0.8461203856101576,1641,-193.62936221419977,-2.3485852094883373,1746,8506,8406,0.6874799123447773,1393,77.38447653429603,-2.38214968983188,1499,6845,6794,12.90999984741211,0.004658352011606169,5.93310022354126,0.0037690852371190854,14.058477,0.00011317655772034335
2020-01-23,1225.4019775390625,-0.0016869770923001774,-0.006569234213937142,0.0016869770923001774,-0.0018001408425367803,0.8090970807875083,1960,125.37063778580023,-2.12297671632452,2073,10311,10106,0.9349882144961696,1379,63.38447653429603,-2.2673117657573987,1480,6788,6693,12.979999542236328,0.005407482969901856,5.9196600914001465,-0.002267849436648993,14.060068,0.00011316375023660288
2020-01-24,1221.41796875,-0.0032564817986411687,-0.0016869770923001774,0.0032564817986411687,-0.0033696327442925534,0.8593152475894753,2470,635.3706377858002,-1.9801426338283656,2690,12238,12035,1.3591008771929824,1742,426.384476534296,-1.707767264645113,1938,8208,8083,14.5600004196167,0.11486839557927134,5.929200172424316,0.0016102954838263937,14.061659,0.00011315094565138473
2020-01-27,1201.4969482421875,-0.01644421706552758,-0.0032564817986411687,0.01644421706552758,-0.016557329614803124,0.9002217021800714,4803,2968.3706377858,-2.514149149141557,5211,24357,24032,1.6186906687293439,3129,1813.384476534296,-2.367862598307814,3225,14221,14093,18.229999542236328,0.22479049199174436,5.944779872894287,0.0026241764515437895,14.066432,0.00011311254927554234
2020-01-28,1198.0159912109375,-0.002901388374217414,-0.01644421706552758,0.002901388374217414,-0.0030144881304909497,0.7328332569857994,1807,-27.629362214199773,-2.730069565791068,1924,8732,8601,0.9965996403465752,1337,21.384476534296027,-2.6503979774796185,1424,6117,6046,16.280000686645508,-0.11313116082847623,5.942800045013428,-0.000333091834138934,14.068023,0.00011309975627353563
2020-01-29,1196.89501953125,-0.0009361281120858162,-0.002901388374217414,0.0009361281120858162,-0.0010492150782512055,0.4898318042813457,2194,359.3706377858002,-2.49302258686541,2378,10464,10285,0.8690974391005623,1329,13.384476534296027,-2.442380575328706,1501,6404,6321,16.389999389648438,0.006733952764836166,5.940999984741211,-0.0003029435502913652,14.069614,0.0001130869661653894
2020-01-30,1198.4969482421875,0.0013375088263638368,-0.0009361281120858162,0.0013375088263638368,0.001224434647414509,0.3769491177677472,1846,11.370637785800227,-2.6121525843332782,1990,9748,9633,0.8348232683468064,1340,24.384476534296027,-2.407603618084082,1396,6309,6254,15.489999771118164,-0.05647671586379793,5.95665979385376,0.0026324198955133167,14.071204999999999,0.00011307417894932759
2020-01-31,1191.4010009765625,-0.0059383021942178045,0.0013375088263638368,0.0059383021942178045,-0.0060513635888429325,0.6035441490986863,1948,113.37063778580023,-2.361093101545997,2043,9819,9721,0.686251952847607,1329,13.384476534296027,-2.0550705898442443,1394,7041,6936,18.84000015258789,0.19578763759468787,5.97415018081665,0.0029319718492939583,14.072796,0.0001130613946251283
2020-02-03,1192.427978515625,0.0008616202013082141,-0.0059383021942178045,0.0008616202013082141,0.0006646416018613774,0.22628859443352553,6374,4539.3706377858,-2.766745995967329,6724,31546,30980,0.6746081199493721,4385,3069.384476534296,-2.4728385416540144,4658,20542,20269,17.969999313354492,-0.04727861466255202,5.975039958953857,0.00014892693620968933,14.079933344827586,0.0001969785994468368
2020-02-04,1221.362060546875,0.023975132475534955,0.0008616202013082141,0.023975132475534955,0.0237781926690155,-0.418775564943338,3230,1395.3706377858002,-3.5285161683555533,3406,14913,14767,-0.1099142399396851,2281,965.384476534296,-3.628127530485884,2392,10611,10376,16.049999237060547,-0.11299486054395456,5.98360013961792,0.001431631365365952,14.082706517241379,0.00019693980651945542
2020-02-05,1223.2080078125,0.0015102431633079046,0.023975132475534955,0.0015102431633079046,0.0013133421344392344,-0.0339854263769447,2979,1144.3706377858002,-3.3570634799764734,3204,15233,15000,0.0869918699186991,2070,754.384476534296,-3.346515277487627,2208,9963,9765,15.149999618530272,-0.0577082952649975,5.977719783782959,-0.000983228664787608,14.085479689655171,0.0001969010288686703
2020-02-06,1222.8389892578125,-0.00030172646554137535,0.0015102431633079046,0.00030172646554137535,-0.0004985887320274225,-0.0768545994065281,2716,881.3706377858002,-3.8123256837597443,2991,13817,13633,0.4264041316978696,1937,621.384476534296,-3.785483296813823,2086,9294,9181,14.960000038146973,-0.012620531679595303,5.980899810791016,0.0005318384881907917,14.088252862068966,0.00019686226648604716
2020-02-07,1210.1510009765625,-0.010430049737040559,-0.00030172646554137535,0.010430049737040559,-0.010626873256402157,0.4474566529361051,2097,262.3706377858002,-3.31100080286131,2242,10439,10241,0.6678258488499453,1544,228.38447653429603,-3.3454653129462404,1657,7304,7228,15.470000267028809,0.03352270674978579,5.98769998550415,0.0011363360059833032,14.09102603448276,0.00019682351936159775
2020-02-10,1183.4150390625,-0.02234078648736386,-0.010430049737040559,0.02234078648736386,-0.02253749385681481,0.32064415041782734,5865,4030.3706377858,-3.2618544412820434,6209,28720,28196,0.22514764032249768,4264,2948.384476534296,-3.395664024590799,4495,19473,19235,15.039999961853027,-0.028189365860722355,5.986939907073975,-0.0001269480231580847,14.099345551724138,0.00019670736945095126
2020-02-11,1197.97802734375,0.012230798879012518,-0.02234078648736386,0.012230798879012518,0.012034130195740993,-0.0001331952049726,2831,996.3706377858002,-3.7332415606251055,3022,13514,13305,-0.2710647437864376,2150,834.384476534296,-3.7528519239555096,2270,9777,9683,15.18000030517578,0.009265476085964121,6.00570011138916,0.0031286221530550675,14.10211872413793,0.0001966686832715241
2020-02-12,1200.487060546875,0.002092199824817218,0.012230798879012518,0.002092199824817218,0.0018955698125113385,-0.295190003423485,3701,1866.3706377858002,-3.740053163004687,3917,17526,17216,-0.0080185042405551,2554,1238.384476534296,-3.885432627481579,2718,11673,11534,13.739999771118164,-0.09966752193515348,6.015999794006348,0.0017135155956888714,14.104891896551724,0.00019663001230587934
2020-02-13,1205.405029296875,0.0040882761289837664,0.002092199824817218,0.0040882761289837664,0.0038916847724388497,-0.1948997414937468,2893,1058.3706377858002,-3.503104274376988,3039,14313,13983,0.1664150573473189,2181,865.384476534296,-3.2685724532327898,2303,10201,9882,14.149999618530272,0.0294033269941184,6.0441999435424805,0.004676572784092391,14.107665068965517,0.00019659135654491672
2020-02-14,1201.5140380859375,-0.0032331744371285687,0.0040882761289837664,0.0032331744371285687,-0.003429727153108105,0.2636508929191856,3140,1305.3706377858002,-2.2985423625862373,3258,14391,14153,0.3466450458510401,2135,819.384476534296,-2.269938244167874,2185,8942,8835,13.68000030517578,-0.03377966262767974,6.039700031280518,-0.000744778172501387,14.11043824137931,0.00019655271597953592
2020-02-18,1195.740966796875,-0.01013294988498307,0.005316539083863936,0.01013294988498307,-0.010329348190480668,0.0756764199655765,2934,1099.3706377858002,-3.5194056127110707,3101,14525,14325,0.3573452204061416,2105,789.384476534296,-3.551458468415271,2240,10095,10005,14.829999923706056,0.08071721650269761,6.04670000076294,-0.0012396057341925288,14.121530931034483,0.00019639830549759762
2020-02-19,1191.9610595703125,-0.0031661491613785113,-0.01013294988498307,0.0031661491613785113,-0.003362508902155685,0.033348334833483304,3398,1563.3706377858002,-3.3219998907512167,3577,15554,15313,0.3314109575420106,2323,1007.384476534296,-3.2007592871728905,2436,10057,9936,14.380000114440918,-0.03081379075403285,6.064000129699707,0.002857000919521619,14.124304103448276,0.00019635974077717382
2020-02-20,1156.4200439453125,-0.030270835898551746,-0.0031661491613785113,0.030270835898551746,-0.030467157089750587,-0.4651785714285715,3696,1861.3706377858002,-3.74697940451214,4009,17808,17535,-0.9803378325045388,2745,1429.384476534296,-3.98456204802818,2939,12669,12351,15.5600004196167,0.07886518546665965,6.083000183105469,0.0031283557112019517,14.127077275862069,0.0001963211911988402
2020-02-21,1168.2939453125,0.01021545418558128,-0.030270835898551746,0.01021545418558128,0.010019171528827562,0.4806856796116505,3522,1687.3706377858002,-3.687574695828923,3733,16480,16231,0.1516010176331257,2465,1149.384476534296,-3.8106398032297832,2610,11399,11277,17.079999923706055,0.09320463817566582,6.102399826049805,0.0031840824790058306,14.129850448275862,0.0001962826567537184
2020-02-24,1147.8919677734375,-0.01761732950858478,0.01021545418558128,0.01761732950858478,-0.01781349665271362,0.07229153426765235,6075,4240.3706377858,-3.575602701997075,6351,29897,29185,0.1350494473531123,4415,3099.384476534296,-3.6658971247260346,4618,20628,20252,25.030000686645508,0.3821669489830182,6.109189987182617,0.0011120848204801703,14.13816996551724,0.00019616714412884126
2020-02-25,1143.64501953125,-0.0037066415494791897,-0.01761732950858478,0.0037066415494791897,-0.0039027702196067515,-0.053845050215208,2973,1138.3706377858002,-3.0889761875914035,3164,13940,13655,0.47738974703380344,2003,687.384476534296,-2.915238800707115,2121,8934,8828,27.850000381469727,0.1067578471940069,6.115200042724609,0.000983289311209377,14.140943137931034,0.00019612867012756198
2020-02-26,1151.7130126953125,0.007029863120922676,-0.0037066415494791897,0.007029863120922676,0.006833772909707573,0.3470807642536348,2754,919.3706377858002,-3.094196595828765,2987,13137,12927,0.5786534898085239,1703,387.384476534296,-2.89188995410896,1800,8095,8012,27.559999465942383,-0.010467553303130208,6.147299766540527,0.0052354410007540144,14.143716310344828,0.00019609021121510305
2020-02-27,1104.1839599609375,-0.04214384594071913,0.007029863120922676,0.04214384594071913,-0.04233989770810149,-0.1556768174617143,3429,1594.3706377858002,-3.687783600309337,3781,17043,16754,-0.5483834646935821,2614,1298.384476534296,-3.812934113280365,2895,12434,12252,39.15999984741211,0.3512903869983254,6.160099983215332,0.0020800854039606234,14.146489482758621,0.0001960517673823642
2020-02-28,1059.93701171875,-0.04089708092147521,-0.04214384594071913,0.04089708092147521,-0.04109309426009612,-0.2248472406714165,8539,6704.3706377858,-4.712272164887975,9280,41405,40947,-0.6075407549472583,7091,5775.3844765342965,-4.7212089932072026,7893,34413,33882,40.11000061035156,0.02396988123311851,6.206769943237305,0.0075476142065473905,14.149262655172414,0.00019601333862091113
2020-03-02,1073.0989990234375,0.012341239709344616,-0.04089708092147521,0.012341239709344616,0.012065648121525127,-0.26701876286730303,16997,15162.3706377858,-4.428199502680141,18567,85488,84448,-0.3812707498568975,12610,11294.384476534296,-4.35320460559403,13631,61145,60584,33.41999816894531,-0.18247122662084647,6.249269962310791,0.006824028233977221,14.158710483870967,0.00027559158781949045
2020-03-03,1112.072998046875,0.0356751162385414,0.012341239709344616,0.0356751162385414,0.03539960058051979,-0.1558583384364156,5921,4086.3706377858,-4.142276375664269,6388,29394,29041,0.19967764540995087,4479,3163.384476534296,-4.043015692070617,4812,21405,21112,36.81999969482422,0.09688669913855864,6.171299934387207,-0.012555148883204125,14.162611967741936,0.0002755156580216161
2020-03-04,1107.85400390625,-0.0038010251837180117,0.0356751162385414,0.0038010251837180117,-0.004076464953769436,0.042930621539911194,5232,3397.3706377858,-4.286560843113471,5569,25469,25173,-0.10167813474580471,4238,2922.384476534296,-4.104844105587052,4515,20201,19992,31.989999771118164,-0.1406178207099828,6.112199783325195,-0.009622763620099605,14.166513451612904,0.0002754397700514241
2020-03-05,1118.1510009765625,0.009251614882260294,-0.0038010251837180117,0.009251614882260294,0.008976250958385112,0.4733689630450366,6245,4410.3706377858,-3.893184353254164,6915,30686,30227,0.5698085820557015,4595,3279.384476534296,-3.7368944546075915,5124,22046,21761,39.619998931884766,0.21391066750477977,6.079800128936768,-0.005314916484784902,14.17041493548387,0.0002753639238751826
2020-03-06,1096.0050048828125,-0.020004674083639658,0.009251614882260294,0.020004674083639658,-0.020279962203097485,0.4398442056152628,5111,3276.3706377858,-3.6976290135951535,5460,24006,23741,0.5991091069071712,3857,2541.384476534296,-3.544205760593103,4222,18184,17978,41.93999862670898,0.05690597841817737,6.102530002593994,0.0037316178083962592,14.174316419354838,0.00027528811945782763
2020-03-09,1035.239990234375,-0.057038480553162324,-0.020004674083639658,0.057038480553162324,-0.057313541509578535,0.7893412253750225,8533,6698.3706377858,-3.587200967581274,9195,44264,43690,0.8689182789879583,6120,4804.3844765342965,-3.5313762036000287,6581,29564,29207,54.459999084472656,0.2612264777050175,6.121079921722412,0.0030350990391799014,14.186020870967742,0.0002750609564162126
2020-03-10,1010.625,-0.024064323111917266,-0.057038480553162324,0.024064323111917266,-0.024339308430608355,1.2749535265172225,3532,1697.3706377858002,-2.6226590709496564,3745,18290,18075,1.3706217866323904,2539,1223.384476534296,-2.647828722548181,2762,12448,12341,47.29999923706055,-0.14095619106651924,6.157400131225586,0.0059160930800734556,14.18992235483871,0.0002749853186910903
2020-03-11,1009.6630249023438,-0.0009523148763942256,-0.024064323111917266,0.0009523148763942256,-0.0012272245989470903,0.7990672022877374,2930,1095.3706377858002,-2.91962011576659,3059,14687,14516,0.963267223382046,2063,747.384476534296,-2.9339575059585865,2155,9580,9478,53.900001525878906,0.13062022685630376,6.170619964599609,0.0021446815203888946,14.193823838709678,0.00027490972255286465
2020-03-12,936.39501953125,-0.07533449859302156,-0.0009523148763942256,0.07533449859302156,-0.07560933276098893,0.5663227260903495,2277,442.3706377858002,-3.2668234115452446,2372,11533,11399,1.0680115273775217,1429,113.38447653429603,-3.2951499811240836,1497,6940,6884,75.47000122070312,0.33660473624706455,6.211100101470947,0.006538716895870631,14.197725322580645,0.00027483416796735964
2020-03-13,956.052001953125,0.020774890058529682,-0.07533449859302156,0.020774890058529682,0.020500131403629062,0.8359712230215828,1785,-49.62936221419977,-2.7114056452643958,1940,9591,9394,1.0820241199478486,1127,-188.61552346570397,-2.5950193813574582,1242,6136,6063,57.83000183105469,-0.2662275386386179,6.316199779510498,0.016779696343126198,14.201626806451612,0.0002747586549006212
2020-03-16,878.8829956054688,-0.08416052889685154,0.020774890058529682,0.08416052889685154,-0.08443506126132122,0.46169296242474556,3592,1757.3706377858002,-3.2653220575468374,3813,19268,19018,1.136455496002109,2289,973.384476534296,-3.051880657076534,2371,11381,11260,82.69000244140625,0.35759100142604205,6.282869815826416,-0.0052908734543071975,14.213331258064516,0.00027453236446969067
2020-03-17,867.7769775390625,-0.012717034696640829,-0.08416052889685154,0.012717034696640829,-0.012991491713776199,0.7059390621280649,1569,-265.6293622141998,-3.228623194727505,1702,8402,8228,0.9433202997719126,1262,-53.61552346570397,-3.649810880890326,1348,6138,6022,75.91000366210938,-0.08555022898742644,6.429299831390381,0.023038788261091007,14.217232741935485,0.0002744570171353697
2020-03-18,855.7659912109375,-0.01393777931251769,-0.012717034696640829,0.01393777931251769,-0.014212161023666625,0.10937303417907308,1611,-223.62936221419977,-3.377906499127828,1728,9538,9397,0.6332650972364381,1092,-223.61552346570397,-3.3410909896931096,1146,5862,5770,76.44999694824219,0.0070884161852661845,6.399700164794922,-0.004614501384039358,14.221134225806452,0.0002743817111489348
2020-03-19,851.9539794921875,-0.004464453324535696,-0.01393777931251769,0.004464453324535696,-0.004738759771011906,0.4444751000137951,1310,-524.6293622141998,-3.4295589172260783,1367,7249,7072,-0.1067144719687092,905,-410.615523465704,-3.3816354026885094,939,4602,4558,72.0,-0.05997077344066582,6.47189998626709,0.011218586323229708,14.22503570967742,0.00027430644647620983
2020-03-20,857.9580078125,0.007022645656853923,-0.004464453324535696,0.007022645656853923,0.00674841443377046,0.0149179046129789,1056,-778.6293622141998,-3.790570071271621,1111,6395,6246,0.121333633701284,782,-533.615523465704,-3.3304852507139464,844,4439,4321,66.04000091552734,-0.08640548610090365,6.541319847106934,0.010669230251547646,14.228937193548388,0.00027423122308346256
2020-03-23,842.4619750976562,-0.018226628554064348,0.007022645656853923,0.018226628554064348,-0.018500634354309226,-0.17684597393919146,2431,596.3706377858002,-3.111953190351165,2589,14965,14608,0.9003957783641161,1569,253.38447653429603,-2.9962863896681298,1656,8338,8197,61.59000015258789,-0.06976111073872138,6.557209968566895,0.0024262462243571283,14.24064164516129,0.000274005800244879
2020-03-24,892.8619995117188,0.05810350532073626,-0.018226628554064348,0.05810350532073626,0.05782957457910376,0.4775988286969254,1025,-809.6293622141998,-2.8542499357060707,1077,6147,6024,0.8912953367875646,746,-569.615523465704,-3.407203232877066,768,3860,3778,61.66999816894531,0.001298037135797007,6.54670000076294,-0.001604096805026456,14.244543129032259,0.00027393074163250045
2020-03-25,890.6300048828125,-0.002502950154695286,0.05810350532073626,0.002502950154695286,-0.0027768058788253925,-0.422099372099372,1373,-461.6293622141998,-4.615477919781012,1474,7326,7215,-0.1527788884446221,934,-381.615523465704,-4.146534117322875,1065,5002,4965,63.95000076293945,0.036303980642873955,6.436299800872803,-0.017007296102851052,14.248444612903226,0.0002738557241301065
2020-03-26,915.2760009765624,0.027296577243972574,-0.002502950154695286,0.027296577243972574,0.02702279649626772,0.3783239460658814,1038,-796.6293622141998,-3.812773928060102,1083,5859,5710,0.5966014138118542,698,-617.615523465704,-4.203734111830901,720,3678,3538,61.0,-0.04722767578178987,6.418600082397461,-0.0027537716856906548,14.252346096774193,0.00027378074770485284
2020-03-27,881.25,-0.03788430607626396,0.027296577243972574,0.03788430607626396,-0.03815801188858652,0.207434424957318,1091,-743.6293622141998,-3.136146534750999,1141,6443,6304,0.7004519433564325,637,-678.615523465704,-3.1524660309981334,666,3319,3283,65.54000091552734,0.07178679306634327,6.399799823760986,-0.0029333258838106983,14.256247580645162,0.00027370581232256307
2020-03-30,880.594970703125,-0.0007435720372082843,-0.03788430607626396,0.0007435720372082843,-0.0010170532893044387,0.07273343884241468,2232,397.3706377858002,-3.20972780803839,2331,13269,13045,0.5979957805907171,1430,114.38447653429603,-3.163222570825995,1469,7584,7488,57.08000183105469,-0.13820683255227567,6.459799766540527,0.009331609083440839,14.267952032258064,0.00027348125209615445
2020-03-31,896.43701171875,0.017830248274223377,-0.0007435720372082843,0.017830248274223377,0.017556841793674092,1.1315728211843443,1167,-667.6293622141998,-3.0484921384554795,1221,6873,6734,1.4145100796999532,749,-566.615523465704,-2.873331585398151,788,4266,4177,53.540000915527344,-0.06402476949529684,6.565040111541748,0.016160296220874643,14.271853516129033,0.00027340648054928517
2020-04-01,890.8510131835938,-0.006250829911835786,0.017830248274223377,0.006250829911835786,-0.006524161661712726,1.962057481189096,1352,-482.6293622141998,-2.081835440309208,1428,8107,7922,1.39574062301335,863,-452.615523465704,-2.062087368368496,905,4719,4580,57.060001373291016,0.0636743146607622,6.612989902496338,0.0072772641306832,14.275755,0.00027333174987694014
2020-04-02,895.1090087890625,0.004768307936159496,-0.006250829911835786,0.004768307936159496,0.004314361444823036,0.6856352787076117,1177,-657.6293622141998,-2.568482650949944,1236,6871,6622,1.156747049769112,755,-560.615523465704,-2.2747368716423293,775,3898,3845,50.90999984741211,-0.11404400493580827,6.707300186157227,0.014160631484772307,14.282236900000001,0.00045394649133645996
2020-04-03,895.5260009765625,0.0004657478411443378,0.004768307936159496,0.0004657478411443378,1.2007323727419297e-05,0.6577171572146446,1151,-683.6293622141998,-2.9443002193249845,1215,6965,6816,1.112815639424382,729,-586.615523465704,-2.9812242806848,747,3683,3657,46.79999923706055,-0.08417617829556022,6.632299900054932,-0.011244876295269669,14.2887188,0.0004537405174169185
2020-04-06,920.7109985351562,0.027734939833778987,0.0004657478411443378,0.027734939833778987,0.027281816118140133,0.4291746369110874,2151,316.3706377858002,-2.548247394072203,2246,14115,13425,0.6207205982324948,1350,34.38447653429603,-2.59414555409504,1390,7355,6997,45.2400016784668,-0.03390149827216874,6.739999771118164,0.016108254001856677,14.3081645,0.0004531237156388549
2020-04-07,923.8179931640624,0.003368879081237053,0.027734939833778987,0.003368879081237053,0.0029159605937096995,0.397983794987752,879,-955.6293622141998,-2.8468372696025046,907,5307,5223,0.6604309500489715,540,-775.615523465704,-2.577857835884182,557,3063,3041,46.70000076293945,0.031762492662577586,6.765699863433838,0.003805818881160235,14.3146464,0.00045291848752735363
2020-04-08,932.2520141601562,0.009088104449123037,0.003368879081237053,0.009088104449123037,0.008635391003888205,0.9433859223300972,1028,-806.6293622141998,-1.9073757865146703,1103,6592,6410,1.1627400103788272,683,-632.615523465704,-1.6898512359761135,733,3854,3778,43.34999847412109,-0.0744375129843867,6.757689952850342,-0.0011846011434988092,14.3211283,0.00045271344523483217
2020-04-09,958.343994140625,0.027603609229017802,0.009088104449123037,0.027603609229017802,0.027151100640508304,1.016520392359319,996,-838.6293622141998,-1.8961160631792096,1051,5811,5740,1.2599171107164,637,-678.615523465704,-1.6283359064076663,666,3378,3328,41.66999816894531,-0.03952526653493404,6.772900104522705,0.0022482623469845765,14.3276102,0.00045250858850949814
2020-04-13,963.9860229492188,-0.0007507653259833646,0.006620771993965362,0.0007507653259833646,-0.001202456338229098,0.8590384615384615,2895,1060.3706377858002,-2.6034690299958716,3063,18200,17727,0.945564122054512,1654,338.384476534296,-2.587138576061042,1729,9209,9096,41.16999816894531,-0.012071610186211567,6.722799777984619,0.005473955971321643,14.3535378,0.0004516910122457333
2020-04-14,985.4979858398438,0.022070287305399217,-0.0007507653259833646,0.022070287305399217,0.021618800225812675,1.4481689350357796,1147,-687.6293622141998,-3.378393082752701,1274,7127,6921,1.7057583852775309,641,-674.615523465704,-2.661715698886151,681,3369,3306,37.7599983215332,-0.08645949447997496,6.767330169677734,0.006601945808737313,14.3600197,0.00045148707958654345
2020-04-15,958.5490112304688,-0.027726388356269758,0.022070287305399217,0.027726388356269758,-0.028177671687259532,1.1014109926168991,1028,-806.6293622141998,-2.775043931073707,1080,6095,5945,1.3582341742027608,674,-641.615523465704,-2.579058073417029,704,4202,3900,40.84000015258789,0.0784117002063237,6.816530227661133,0.007243930913585662,14.3665016,0.0004512833309897732
2020-04-16,962.4910278320312,0.004104049946306982,-0.027726388356269758,0.004104049946306982,0.0036529701801000245,1.0351104565537554,1088,-746.6293622141998,-2.909161819483108,1153,6790,6627,1.414617006324666,746,-569.615523465704,-2.8323962709450803,784,4269,4184,40.11000061035156,-0.018036302033797233,6.897029876708984,0.011740288162650927,14.3729835,0.00045107976620695743
2020-04-17,981.7979736328124,0.01986081330555817,0.004104049946306982,0.01986081330555817,0.019409936920568985,0.4118309339239572,855,-979.6293622141998,-2.532900255863468,920,5418,5341,0.544206296048225,562,-753.615523465704,-3.1424472380621435,570,2986,2968,38.150001525878906,-0.0500998972716128,6.922100067138672,0.003628335218679498,14.3794654,0.0004508763849891865
2020-04-20,989.458984375,0.007772755633394674,0.01986081330555817,0.007772755633394674,0.007322488293147864,0.5917681536958644,2532,697.3706377858002,-2.4886844248667432,2699,15355,14916,1.2783283067643256,1683,367.384476534296,-2.3545311461564125,1774,9284,9177,43.83000183105469,0.13879275847971348,6.904399871826172,-0.0025603305333666967,14.3989111,0.0004502673402468093
2020-04-21,976.1900024414062,-0.013501071225456625,0.007772755633394674,0.013501071225456625,-0.01395113591626895,0.9037687366167024,1218,-616.6293622141998,-2.4634783056490317,1294,7005,6775,1.4926430517711171,850,-465.615523465704,-2.1375647351079,885,4771,4697,45.40999984741211,0.035413785542628626,6.940599918365479,0.005229343384878327,14.405393,0.00045006469081232403
2020-04-22,981.7100219726562,0.005638729340911544,-0.013501071225456625,0.005638729340911544,0.005188867117205444,1.0347296573875804,1250,-584.6293622141998,-2.056143069053193,1360,7472,7382,1.718438223531888,872,-443.615523465704,-1.8184478633760373,944,4751,4705,41.97999954223633,-0.07853903826147382,6.974699974060059,0.00490109795940815,14.4118749,0.00044986222370609985
2020-04-24,987.5900268554688,0.0059716876158427,0.005638729340911544,0.0059716876158427,0.0055222297803459285,0.7037784018381414,2559,724.3706377858002,-2.2024339178083747,2769,15668,15301,1.296010946216188,1677,361.384476534296,-1.8545189027218556,1812,9501,9290,35.93000030517578,-0.14122508851070348,6.955999851226807,-0.0035016588596001505,14.4248387,0.0004494578354967715
2020-04-27,1012.6740112304688,0.025081988101835515,0.0059716876158427,0.025081988101835515,0.024633135487322683,0.7152965096577429,2516,681.3706377858002,-2.599727209461346,2685,14755,14560,0.9843848765070816,1544,228.38447653429603,-2.4640377292146654,1667,8543,8455,33.290000915527344,-0.07631553053054217,6.965799808502197,0.001407858054791299,14.4442844,0.00044885261451283105
2020-04-28,1007.0750122070312,-0.005544266441730855,0.025081988101835515,0.005544266441730855,-0.005992917677959781,1.090697047323716,1226,-608.6293622141998,-2.6184444566798306,1278,7417,7295,0.9005299183042613,817,-498.615523465704,-2.899346029412567,871,4529,4440,33.56999969482422,0.008375722812708732,6.985300064086914,0.0027955169789061637,14.4507663,0.0004486512362289255
2020-04-29,1015.9530029296876,0.008776989393679876,-0.005544266441730855,0.008776989393679876,0.008328539355118353,0.6248203285420945,1302,-532.6293622141998,-2.741743073685561,1425,7792,7693,0.7821891502640422,743,-572.615523465704,-2.6607634997819805,780,4166,4101,31.229999542236328,-0.07225364526404565,6.987100124359131,0.00025765942256126894,14.4572482,0.0004484500385615241
2020-04-30,1011.1010131835938,-0.00478724195200114,0.008776989393679876,0.00478724195200114,-0.005235490973268179,0.9131199576775556,1364,-470.6293622141998,-1.9809006072303195,1468,7561,7386,1.004124830393487,734,-581.615523465704,-2.263041465049497,775,3685,3642,34.150001525878906,0.08938347406129576,6.951000213623047,-0.005180044709488917,14.4637301,0.0004482490212670401
2020-05-04,988.4219970703124,-0.022685399059768116,-0.00478724195200114,0.022685399059768116,-0.02305063050912246,0.28688959660297236,3377,1542.3706377858002,-2.340151088382963,3692,20724,20194,0.5279776898164807,1924,608.384476534296,-2.387511144379282,2058,11116,10910,35.970001220703125,-0.033354579366393466,7.0167999267578125,0.003926887358195075,14.48608141935484,0.0003652314493543427
2020-05-05,987.375,-0.0010598226132197135,-0.022685399059768116,0.0010598226132197135,-0.0014249207172627898,0.8379871290668574,966,-868.6293622141998,-1.983318827257006,1015,5594,5442,0.8206497104004027,763,-552.615523465704,-2.0596849643580444,790,3971,3913,33.61000061035156,-0.06786163174739818,7.0446600914001465,0.003962632765365375,14.491371225806452,0.00036509810404307635
2020-05-06,985.7150268554688,-0.0016826130724687802,-0.0010598226132197135,0.0016826130724687802,-0.0020475779285333727,0.4043903247183566,977,-857.6293622141998,-2.071969930808166,1066,6036,5816,0.5746363061353573,556,-759.615523465704,-2.5511583827873974,585,3162,2997,34.119998931884766,0.015060031421976575,7.083700180053711,0.005526499504201621,14.496661032258064,0.0003649648560645922
2020-05-07,983.9879760742188,-0.0017536158712884006,-0.0016826130724687802,0.0017536158712884006,-0.0021184475766005653,0.6233610900832701,1054,-780.6293622141998,-2.06137347181608,1123,6605,6436,0.7449212384573601,650,-665.615523465704,-2.6033510391625163,674,3682,3656,31.440000534057617,-0.08180270677123987,7.197080135345459,0.01587901152568167,14.501950838709677,0.0003648317053121647
2020-05-08,978.4520263671876,-0.005641919635579016,-0.0017536158712884006,0.005641919635579016,-0.006006618287258972,0.7803579485636939,1129,-705.6293622141998,-2.3841930793841617,1217,6649,6522,0.9311708451796328,761,-554.615523465704,-2.927098563130277,784,3869,3823,27.979999542236328,-0.11659103167062464,7.0883002281188965,-0.015229837366177477,14.507240645161291,0.00036469865167995604
2020-05-11,977.9219970703124,-0.0005418486480535205,-0.005641919635579016,0.0005418486480535205,-0.0009061487204931249,0.038531289148720387,2773,938.3706377858002,-2.5052032823247874,2963,16763,16512,0.43856088560885614,1781,465.384476534296,-2.75964243392698,1891,9756,9529,27.56999969482422,-0.014761738910366265,7.093999862670898,0.0008037673469557218,14.523110064516128,0.0003643000724396043
2020-05-12,996.1589965820312,0.01847697070959579,-0.0005418486480535205,0.01847697070959579,0.018112803303370117,0.6642982574631906,1247,-587.6293622141998,-2.501518057629601,1342,7403,7263,0.3855192588980987,772,-543.615523465704,-2.00267496590997,818,4102,4070,33.040000915527344,0.1809907623958621,7.063399791717529,-0.004322844498606795,14.52839987096774,0.0003641674062256736
2020-05-13,1001.5910034179688,0.005438138128210077,0.01847697070959579,0.005438138128210077,0.005074103291607971,0.5503447170113837,1071,-763.6293622141998,-2.2488875502418404,1129,6237,6105,0.4575250836120401,778,-537.615523465704,-2.3226653101340773,802,4186,4092,35.279998779296875,0.06559722017571892,6.9920501708984375,-0.010152678695101544,14.533689677419355,0.0003640348366021054
2020-05-14,991.9299926757812,-0.009692485199854243,0.005438138128210077,0.009692485199854243,-0.010056387563317304,0.8799208051476654,1004,-830.6293622141998,-1.924865156104935,1056,6061,5883,1.7263186514410005,665,-650.615523465704,-1.62711667267677,689,3678,3593,32.61000061035156,-0.07869718802023445,6.969860076904297,-0.003178664277907918,14.538979483870968,0.00036390236346306145
2020-05-15,997.6820068359376,0.005782062217947158,-0.009692485199854243,0.005782062217947158,0.005418292231243345,0.46937931034482755,1045,-789.6293622141998,-2.624276400794653,1074,5800,5640,0.5107078967544085,732,-583.615523465704,-2.4805349771840586,749,3913,3740,31.88999938964844,-0.02232654663523826,6.925300121307373,-0.006413759570075268,14.54426929032258,0.00036376998670381317
2020-05-18,1019.8300170898438,0.02195664736566696,0.005782062217947158,0.02195664736566696,0.021593273932014954,0.1530690889072392,2372,537.3706377858002,-2.2778014521429304,2499,14532,14083,0.7584153933220146,1567,251.38447653429603,-2.441309200513296,1662,8835,8654,29.299999237060547,-0.0847049718985565,6.883339881896973,-0.006077407847594787,14.56013870967742,0.00036337343365200586
2020-05-20,1021.5750122070312,0.0017096024719823282,0.02195664736566696,0.0017096024719823282,0.0013464929270575342,0.6111736716891356,2127,292.3706377858002,-1.9764280073734286,2260,12610,12273,0.944398907103825,1528,212.38447653429603,-2.3554324788335737,1593,8052,7898,27.989999771118164,-0.08686253388754123,6.779789924621582,-0.014236372355774334,14.570718322580644,0.00036310954492479406
2020-05-21,1026.489013671875,0.004798688744567064,0.0017096024719823282,0.004798688744567064,0.004435711000327154,0.6200841219768665,1621,-213.62936221419977,-1.7734827057208515,1743,8559,8304,1.0675086107921927,1162,-153.61552346570397,-2.052184763333882,1259,5226,5108,29.530000686645508,0.053559423658212896,6.78410005569458,0.0006355302533895599,14.576008129032259,0.0003629777442399094
2020-05-22,1030.2430419921875,0.0036504827926704775,0.004798688744567064,0.0036504827926704775,0.0032876367534689817,0.4133757151938968,1435,-399.6293622141998,-2.531259957048028,1548,7865,7755,0.7822131979695428,975,-340.615523465704,-2.294474627851649,1045,4925,4844,28.15999984741211,-0.04750419313706584,6.789999961853027,0.0008692887959200676,14.581297935483871,0.00036284603920149595
2020-05-27,1049.5350341796875,0.018552503997052345,0.0036504827926704775,0.018552503997052345,0.018190315051978746,0.6384027598658756,5489,3654.3706377858,-2.045169880020428,5766,31016,30301,0.6690835954824405,3737,2421.384476534296,-2.2118882510364206,3942,19391,19095,27.6200008392334,-0.014021419077315479,6.72553014755249,-0.01306858354246359,14.607746967741935,0.0003621889450735991
2020-05-28,1053.5980224609375,0.0038637530069495136,0.018552503997052345,0.0038637530069495136,0.003501695195214175,0.3583764553686934,1041,-793.6293622141998,-1.924562905831697,1112,6184,6068,0.8816625916870416,661,-654.615523465704,-2.1531975561894394,699,3681,3553,28.59000015258789,0.03451683330519279,6.7754998207092285,0.007402383588392512,14.613036774193548,0.00036205781173533844
2020-05-29,1055.2049560546875,0.0015240246918751907,0.0038637530069495136,0.0015240246918751907,0.0011620979185569794,0.4810423452768731,1063,-771.6293622141998,-1.601718753962403,1117,6140,5952,0.5425089789635714,776,-539.615523465704,-2.361795162114599,829,3898,3869,27.51000022888184,-0.03850742841489383,6.811049938201904,0.0052331459059457575,14.61832658064516,0.0003619267733182113
2020-06-01,1072.6619873046875,0.01640837832728717,0.0015240246918751907,0.01640837832728717,0.016046844100721307,0.5777900123064965,2585,750.3706377858002,-2.3224418352595175,2725,15439,14950,0.9263586166811972,1882,566.384476534296,-2.170411599119254,1970,10323,9978,28.229999542236328,0.025835642793460324,6.804100036621094,-0.0010209071802060289,14.634196,0.000361534226565865
2020-06-02,1080.9730224609375,0.007718184721316435,0.01640837832728717,0.007718184721316435,0.00752357276434366,0.2323802612481858,1264,-570.6293622141998,-2.372701854152289,1296,6890,6828,1.033081407903261,909,-406.615523465704,-2.3075338880094334,924,4631,4597,26.84000015258789,-0.0504919082613202,6.804599761962891,7.344204066782321e-05,14.637044266666667,0.00019461195697277554
2020-06-03,1091.113037109375,0.009336727949799398,0.007718184721316435,0.009336727949799398,0.009142153859271444,0.6691659215736366,1277,-557.6293622141998,-2.182169076858981,1420,7829,7727,0.9682798833819244,939,-376.615523465704,-2.078412022527681,997,5145,5005,25.65999984741211,-0.044959964547610816,6.696300029754639,-0.01604367959102506,14.639892533333333,0.0001945740905279536
2020-06-04,1095.3690185546875,0.003892999541792576,0.009336727949799398,0.003892999541792576,0.0036984633029764225,1.1007123980236695,1565,-269.6293622141998,-1.7853759186272429,1669,8703,8493,1.2900710511932958,1097,-218.61552346570397,-1.9123615948743913,1152,5489,5421,25.809999465942383,0.005828639797671805,6.724100112915039,0.004142964833924878,14.642740799999999,0.00019453623881615358
2020-06-05,1100.218017578125,0.0044170482221167024,0.003892999541792576,0.0044170482221167024,0.004222549820288205,0.937922573609597,1355,-479.6293622141998,-2.3086459250078235,1471,7336,7190,0.2161303379882615,994,-321.615523465704,-2.4028341230732617,1021,4941,4861,24.520000457763672,-0.05127286330163272,6.748899936676025,0.0036814149304017834,14.645589066666666,0.00019449840182849713
2020-06-08,1096.3709716796875,-0.0035027488989649498,0.0044170482221167024,0.0035027488989649498,-0.003697133878089663,0.5195654686235986,3210,1375.3706377858002,-2.116968923551627,3381,17306,16941,0.5724799286351469,2175,859.384476534296,-2.0756127655155767,2271,11210,11053,25.809999465942383,0.05127286330163285,6.76140022277832,0.0018504828940597063,14.654133866666665,0.00019438497912471325
2020-06-09,1092.364990234375,-0.0036605474467767364,-0.0035027488989649498,0.0036605474467767364,-0.0038548946477249134,0.3629512487730396,1595,-239.62936221419977,-2.1013651582579285,1715,9169,8988,0.7397658679348821,1053,-262.615523465704,-2.097099358742825,1128,5467,5321,27.56999969482422,0.06596622092794538,6.775400161743164,0.002068427332693227,14.656982133333333,0.00019434720094817717
2020-06-10,1097.7889404296875,0.0049530411611794336,-0.0036605474467767364,0.0049530411611794336,0.004758731723726709,0.7029389761675752,1675,-159.62936221419977,-1.8969739490031408,1766,9357,9190,1.3236393713813068,1194,-121.61552346570397,-2.082859430305404,1251,6045,5960,27.56999969482422,0.0,6.787499904632568,0.001784241724139991,14.6598304,0.00019430943745272472
2020-06-11,1091.553955078125,-0.00569577494740794,0.0049530411611794336,0.00569577494740794,-0.005890046636037862,0.2824914383561643,1707,-127.62936221419977,-2.328154149564131,1806,9344,9109,0.9660459229795697,1148,-167.61552346570397,-2.310350765437453,1198,5531,5427,40.790000915527344,0.39170876180778363,6.769899845123291,-0.002596378320509635,14.662678666666666,0.00019427168862992146
2020-06-12,1098.35498046875,0.006211260336330102,-0.00569577494740794,0.006211260336330102,0.006017026381858547,0.6747010773055524,1484,-350.6293622141998,-2.38649606715318,1590,8447,8314,0.920279469724113,1065,-250.61552346570397,-2.255816844639773,1129,5582,5553,36.09000015258789,-0.12242115289168394,6.835100173950195,0.009584833207247338,14.665526933333332,0.00019423395447155505
2020-06-15,1095.56005859375,-0.002547886620243183,0.006211260336330102,0.002547886620243183,-0.0027420074601392517,-0.11306248938699266,4293,2458.3706377858,-2.440573487065379,4581,23556,23085,1.0994174231133995,3026,1710.384476534296,-2.185165455587888,3163,14762,14567,34.400001525878906,-0.0479592141463831,6.813399791717529,-0.0031798953105407267,14.674071733333333,0.00019412083989606884
2020-06-16,1109.39697265625,0.012550898275380582,-0.002547886620243183,0.012550898275380582,0.012356815111071475,0.2541918313031014,1735,-99.62936221419977,-2.530436091518119,1846,9769,9401,0.4472158657513346,1347,31.384476534296027,-2.544529570283669,1446,6555,6432,33.66999816894531,-0.02144942994569364,6.822169780731201,0.0012863401380283962,14.676919999999999,0.00019408316430910777
2020-06-17,1109.4000244140625,2.75082201430048e-06,0.012550898275380582,2.75082201430048e-06,-0.00019129468132944504,-0.1321422783989629,2270,435.3706377858002,-2.554391493705932,2440,12342,12064,0.7534580302505484,1637,321.384476534296,-2.692189814901567,1808,8661,8543,33.470001220703125,-0.005957627095808134,6.830959796905518,0.0012876194192392365,14.679768266666667,0.0001940455033437455
2020-06-18,1124.946044921875,0.013915723791274972,2.75082201430048e-06,0.013915723791274972,0.013721715934283646,-0.0349039417025504,2135,300.3706377858002,-2.322501962887044,2272,12076,11865,0.4996965482361868,1501,185.38447653429603,-2.563176949011587,1592,7909,7729,32.939998626708984,-0.01596186863598208,6.831799983978272,0.000122989364855814,14.682616533333334,0.00019400785699132567
2020-06-19,1136.1190185546875,0.009883010228642025,0.013915723791274972,0.009883010228642025,0.00968904000339861,0.489350180505415,1960,125.37063778580023,-2.2314875844346185,2028,9972,9885,0.7831333609157353,1503,187.38447653429603,-2.2959922598261886,1548,7251,7119,35.119998931884766,0.06408305529479859,6.853109836578369,0.0031143602849611624,14.6854648,0.00019397022524341386
2020-06-22,1151.9010009765625,0.013795537263184138,0.009883010228642025,0.013795537263184138,0.013601679845641755,0.23373741610738252,4567,2732.3706377858,-2.361879378894766,4772,23840,23218,0.7591477197181228,3201,1885.384476534296,-2.5360102832905627,3326,15042,14708,31.770000457763672,-0.10024827566350966,6.84689998626709,-0.0009065469027926099,14.694009600000001,0.00019385741754238234
2020-06-23,1153.3890380859375,0.0012909762249666806,0.013795537263184138,0.0012909762249666806,0.0010971563808389662,0.0291932834458842,1995,160.37063778580023,-2.9304717520684123,2124,10958,10693,0.1842069801913486,1397,81.38447653429603,-3.118949533129729,1506,7421,7218,31.3700008392334,-0.012670413734777106,6.842299938201904,-0.0006720696992828472,14.696857866666667,0.00019381984412771445
2020-06-24,1144.489013671875,-0.007746337027404028,0.0012909762249666806,0.007746337027404028,-0.007940119312679189,0.7385049683830167,1643,-191.62936221419977,-2.365912121264198,1725,8856,8683,0.7107011572498299,1499,183.38447653429603,-2.4093128772040124,1594,7345,7305,33.84000015258789,0.07579149029179619,6.844600200653076,0.00033612614244159315,14.699706133333333,0.00019378228527516046
2020-06-25,1141.3900146484375,-0.0027114303807497307,-0.007746337027404028,0.0027114303807497307,-0.0029051751217262388,0.5884222873900294,1568,-266.6293622141998,-2.2248047102328874,1623,8525,8405,0.6358108108108108,1148,-167.61552346570397,-2.0993908885493706,1204,5624,5570,32.220001220703125,-0.04905612361179041,6.850480079650879,0.0008586849056368722,14.7025544,0.00019374474097650802
2020-06-26,1146.6839599609375,0.004627433219300285,-0.0027114303807497307,0.004627433219300285,0.004433726008077406,0.1419350615344332,1258,-576.6293622141998,-2.718485211882111,1349,7638,7514,0.9453378111418412,955,-360.615523465704,-2.3935628355936807,981,5062,4984,34.72999954223633,0.07501643794001076,6.852739810943604,0.00032981026813403363,14.705402666666668,0.00019370721122287867
2020-06-29,1158.4300537109375,0.01019142250455496,0.004627433219300285,0.01019142250455496,0.009997827795406066,-0.4252241594022415,2749,914.3706377858002,-2.47797392057263,2873,16060,15705,0.17442006269592492,2137,821.384476534296,-2.671165836603916,2227,11165,11025,31.780000686645508,-0.08876667086055672,6.8505401611328125,-0.0003210399020040516,14.713947466666667,0.000193594709148895
2020-06-30,1165.248046875,0.005868293657537371,0.01019142250455496,0.005868293657537371,0.0056747364200456915,0.2505767617449663,1714,-120.62936221419977,-2.691412245069845,1817,9536,9302,1.196739300830852,1228,-87.61552346570397,-2.6567892893136715,1285,6379,6265,30.43000030517578,-0.04340820877712465,6.849500179290772,-0.00015182171996514583,14.716795733333335,0.0001935572374916798
2020-07-01,1153.1500244140625,-0.010436630726677765,0.005868293657537371,0.010436630726677765,-0.01063015050701508,0.6465626037861176,2384,549.3706377858002,-2.5265388663293225,2535,12044,11740,1.2058445532435746,1986,670.384476534296,-2.4169199757099484,2173,9804,9651,28.6200008392334,-0.06132317048603611,6.847300052642822,-0.0003212614084483177,14.719644,0.00019351978033731553
2020-07-02,1169.0780029296875,0.013718057065279834,-0.010436630726677765,0.013718057065279834,0.01343927388062363,0.6557195890529226,2090,255.37063778580023,-2.093229431805524,2214,11583,11342,1.1194802310084404,1676,360.384476534296,-2.0260891197015933,1806,9004,8886,27.68000030517578,-0.03339566167701841,6.845600128173828,-0.00024829283136224256,14.723748161290324,0.00027878318465620423
2020-07-06,1184.85205078125,0.02336837985548527,-0.00996587118985265,0.02336837985548527,0.023089907204800673,0.2356841254155062,3972,2137.3706377858,-2.532997355118381,4354,22262,21826,0.8106478873239438,3069,1753.384476534296,-2.4585606829720175,3350,15975,15760,27.940000534057617,0.009349231168656014,6.858500003814697,0.0015174908835970046,14.740164806451613,0.0002784726506845996
2020-07-07,1193.3890380859375,0.0071792754842220155,0.02336837985548527,0.0071792754842220155,0.006900880358966178,0.5930818942684605,1643,-191.62936221419977,-2.619528491547685,1721,9439,9266,1.3150600554357872,1306,-9.615523465703973,-2.5745598913660723,1363,6494,6365,29.43000030517578,0.051955199671667306,6.856200218200684,-0.00033537526863004237,14.744268967741936,0.00027839512525583746
2020-07-08,1187.125,-0.005262773034327072,0.0071792754842220155,0.005262773034327072,-0.0055410906773071455,0.4329107692307695,1503,-331.6293622141998,-2.0382209152845707,1558,8125,7977,1.2502723311546842,1129,-186.61552346570397,-2.4148485021178585,1185,5508,5410,28.07999992370605,-0.046956996174339384,6.853360176086426,-0.0004143155685820167,14.74837312903226,0.00027831764298007385
2020-07-09,1157.93603515625,-0.024895277299294357,-0.005262773034327072,0.024895277299294357,-0.02517351750311616,0.2014714898835071,1448,-386.6293622141998,-2.494616982154534,1501,8155,7977,0.7042542372881356,1166,-149.61552346570397,-2.671884430737089,1219,5900,5840,29.26000022888184,0.041163826973734635,6.85791015625,0.0006636847236330882,14.752477290322581,0.0002782402038218015
2020-07-10,1148.0860595703125,-0.008542880411527193,-0.024895277299294357,0.008542880411527193,-0.008821043219272262,-0.0339891391435947,2072,237.37063778580023,-1.2554914669803825,2185,11233,10998,0.5333827554744524,1745,429.384476534296,-1.6153900466816364,1864,8768,8617,27.290000915527344,-0.0697010351459887,6.857729911804199,-2.6283052765557144e-05,14.756581451612904,0.00027816280774506933
2020-07-13,1183.987060546875,0.03079134793977206,-0.008542880411527193,0.03079134793977206,0.030513417062128345,-0.047498397617162486,5069,3234.3706377858,-1.9385223523861177,5299,26523,26063,0.6925119441381846,4082,2766.384476534296,-1.9078637133562049,4286,21768,21390,32.189998626708984,0.16513543438034217,6.859700202941895,0.0002872682615859665,14.768893935483872,0.00027793087764371315
2020-07-14,1177.4110107421875,-0.005569638498650969,0.03079134793977206,0.005569638498650969,-0.0058474921521843755,-0.0660884380082088,2382,547.3706377858002,-2.449966691528887,2559,12913,12684,0.4681379459928426,1836,520.384476534296,-2.376539785321192,1929,9221,9088,29.520000457763672,-0.08658778740950648,6.855400085449219,-0.000627063243164197,14.772998096774193,0.000277853653533407
2020-07-16,1188.074951171875,0.009016339851086306,-0.005569638498650969,0.009016339851086306,0.008738640517102778,0.17289151073831693,3902,2067.3706377858,-2.5909352735535918,4198,21698,21398,0.42797397769516704,2939,1623.384476534296,-2.5964170554150128,3130,15064,14889,28.0,0.008608366291577263,6.85290002822876,-0.001544149509917336,14.78120641935484,0.00027769933398352683
2020-07-17,1187.8609619140625,-0.00018013049696543083,0.009016339851086306,0.00018013049696543083,-0.00045775273543748106,0.2430291262135923,1891,56.37063778580023,-2.249521605122524,2118,10300,10164,0.6892972972972973,1261,-54.61552346570397,-2.153097706636394,1357,6475,6339,25.68000030517578,-0.08649201946965146,6.855629920959473,0.00039827651497522217,14.785310580645161,0.0002776222384720502
2020-07-20,1192.8089599609375,0.004156817479119597,-0.00018013049696543083,0.004156817479119597,0.003879426270553767,-0.05032988159217013,4114,2279.3706377858,-2.573415218880768,4388,22887,22459,0.5988619268755312,2990,1674.384476534296,-2.3247637419598823,3168,15289,15072,24.459999084472656,-0.04867339787609937,6.851900100708008,-0.0005442002078593528,14.797623064516129,0.00027739120856582947
2020-07-21,1180.4200439453125,-0.010440651563857494,0.004156817479119597,0.010440651563857494,-0.010717965847878519,0.1771579565472695,1933,98.37063778580023,-2.154006951309697,2019,10218,10012,0.5102124392116714,1544,228.38447653429603,-2.1591653395863326,1630,7814,7758,24.84000015258789,0.01541617037865467,6.853650093078613,0.0002553698837874613,14.801727225806452,0.00027731428402102363
2020-07-22,1180.7989501953125,0.0003209412207784817,-0.010440651563857494,0.0003209412207784817,4.370381864947571e-05,0.0757466655756483,2296,461.3706377858002,-2.3521874572178456,2404,12221,11999,0.3185498839907192,1658,342.384476534296,-2.283845414471468,1751,8620,8446,24.31999969482422,-0.021156218658487835,6.826879978179932,-0.003913612839215886,14.805831387096775,0.000277237402129006
2020-07-23,1190.31201171875,0.008024181676607284,0.0003209412207784817,0.008024181676607284,0.007747021113753459,0.4168713692946056,2166,331.3706377858002,-1.813157602593424,2332,12050,11768,1.2640980515399125,1549,233.38447653429603,-1.815327999476802,1609,7955,7820,26.07999992370605,0.06986968958345077,6.840199947357178,0.0019492054582461256,14.809935548387097,0.00027716056285382505
2020-07-24,1192.0159912109375,0.0014305165205414597,0.008024181676607284,0.0014305165205414597,0.0011534327543805984,0.4877724795640327,2172,337.3706377858002,-1.4458270553619883,2344,11744,11587,0.8694003426613364,1632,316.384476534296,-1.3493373449036727,1758,8755,8567,25.84000015258789,-0.009245049313565495,6.83558988571167,-0.0006741931363964633,14.81403970967742,0.0002770837661608613
2020-07-27,1195.699951171875,0.0030857631083726,0.0014305165205414597,0.0030857631083726,0.0028089094771535116,0.10983563788155486,4182,2347.3706377858,-2.170892240044493,4336,22998,22532,0.7354323725055432,2987,1671.384476534296,-2.1487277173828,3132,15785,15444,24.739999771118164,-0.04350232710665229,6.840700149536133,0.0007473172986424057,14.826352193548388,0.0002768536312190885
2020-07-28,1152.699951171875,-0.03662477284191848,0.0030857631083726,0.03662477284191848,-0.03690154984641818,0.7603591295013173,1894,59.37063778580023,-2.1729209882024643,1954,10247,9937,0.9740122148822136,1534,218.38447653429603,-1.9577031338323148,1611,8023,7824,25.440000534057617,0.027901401751899087,6.879099845886231,0.005597719592465173,14.83045635483871,0.00027677700449969654
2020-07-29,1135.5999755859375,-0.014945850147186546,-0.03662477284191848,0.014945850147186546,-0.015222550567372418,0.3879860891558646,1628,-206.62936221419977,-1.96826665182206,1696,9489,9297,0.893783742094709,1138,-177.61552346570397,-1.9426449150330103,1175,6483,6280,24.100000381469727,-0.054110903139523485,6.938799858093262,0.008641021422239012,14.834560516129033,0.00027670042018587216
2020-07-30,1126.9000244140625,-0.007690602476890859,-0.014945850147186546,0.007690602476890859,-0.007967226355132967,0.3040574712643679,1504,-330.6293622141998,-1.9838026636435644,1687,8700,8574,0.934919559695174,1129,-186.61552346570397,-1.7962077336316036,1231,5905,5870,24.76000022888184,0.027017600735182976,6.970699787139893,0.004586791155377329,14.838664677419356,0.00027662387824210777
2020-08-04,1087.199951171875,-0.03586498269798467,-0.007690602476890859,0.03586498269798467,-0.03617871153973396,0.6933035231329558,5166,3331.3706377858,-2.1844649119363266,5318,27731,27168,0.7507487108290362,3698,2382.384476534296,-2.047793975932918,3816,20168,19893,23.76000022888184,-0.02164949034407163,6.960400104522705,-0.0012678113490669164,14.86085764516129,0.00031372884174929374
2020-08-05,1091.800048828125,0.004222216145129176,-0.03586498269798467,0.004222216145129176,0.003908585698297412,0.4856676599971618,1243,-591.6293622141998,-2.645600221293213,1318,7047,6870,0.631594011448701,907,-408.615523465704,-2.385232313543119,973,4542,4480,22.989999771118164,-0.03294417530814074,6.92609977722168,-0.004940106916847793,14.865519193548387,0.0003136304468317636
2020-08-06,1034.4000244140625,-0.0540061830104513,0.004222216145129176,0.0540061830104513,-0.05431971512406557,0.9855606220039754,1558,-276.6293622141998,-1.865427514596372,1689,8553,8390,1.5629661161246386,1120,-195.61552346570397,-1.7824141392855306,1227,5873,5808,22.649999618530277,-0.014899493732264915,7.04955005645752,0.01766694094920036,14.870180741935485,0.00031353211361426724
2020-08-07,1060.5999755859375,0.025013190624128663,-0.0540061830104513,0.025013190624128663,0.02469975678209044,0.6023322569070685,1582,-252.62936221419977,-1.646393313411929,1647,8361,8129,1.0422869471413154,1202,-113.61552346570397,-1.8436762794058967,1243,5562,5425,22.209999084472656,-0.019617238402179573,7.223239898681641,0.024339798672491645,14.874842290322581,0.00031343384203822133
2020-08-10,1075.5,0.013950907023860096,0.025013190624128663,0.013950907023860096,0.01363776762727671,0.7332846715328467,3518,1683.3706377858002,-1.8828012896927326,3709,19865,19376,1.4123433770883058,2559,1243.384476534296,-1.9092983426537313,2638,13408,13219,22.1299991607666,-0.003608480544858315,7.29964017868042,0.01052146466690347,14.888826935483872,0.0003131393965833872
2020-08-11,1110.0999755859375,0.03166440963814692,0.013950907023860096,0.03166440963814692,0.031351368267150286,0.4268351626220924,1847,12.370637785800227,-2.304883470758994,1944,9931,9798,0.4676385178301779,1624,308.384476534296,-2.6157887890671985,1732,8609,8455,24.030000686645508,0.08236896218281374,7.328100204467773,0.0038912451210086105,14.893488483870968,0.0003130413709966337
2020-08-12,1114.199951171875,0.003686535417299346,0.03166440963814692,0.003686535417299346,0.003373592010536492,0.1,1769,-65.62936221419977,-2.2203488668075337,1985,10435,10155,0.7485253135160244,1624,308.384476534296,-2.5844647293558585,1772,8612,8458,22.280000686645508,-0.07561363244488703,7.224120140075684,-0.01429085480641086,14.898150032258066,0.0003129434067628537
2020-08-13,1100.300048828125,-0.012553700510263173,0.003686535417299346,0.012553700510263173,-0.012866546014087302,0.3348290059658854,2277,442.3706377858002,-2.313087402372566,2511,11901,11761,0.460316444119261,2248,932.384476534296,-2.380767607237545,2511,10934,10836,22.1299991607666,-0.0067553297379267675,7.319019794464111,0.013050964484269394,14.902811580645162,0.00031284550382412973
2020-08-14,1083.800048828125,-0.015109485068246864,-0.012553700510263173,0.015109485068246864,-0.015422232730370296,0.2212624341720304,2757,922.3706377858002,-1.8410419504337685,2970,13672,13462,0.6782489889605422,1915,599.384476534296,-2.057833532218992,2065,9149,9061,22.049999237060547,-0.003621548847649006,7.332099914550781,0.0017855459270820293,14.907473129032258,0.00031274766212343214
2020-08-17,1086.199951171875,0.0022118924628604965,-0.015109485068246864,0.0022118924628604965,0.0018994379589864006,0.463553729843115,4324,2489.3706377858,-2.018618497571354,4510,22883,22450,0.9582182655038761,3226,1910.384476534296,-2.0793571776434217,3364,16512,16262,21.350000381469727,-0.03226080975035776,7.366000175476074,0.0046128847715604885,14.921457774193549,0.0003124545038740958
2020-08-18,1092.5,0.005783326322163635,0.0022118924628604965,0.005783326322163635,0.005470969415612424,1.2047354076765835,1751,-83.62936221419977,-1.3060358524183908,1837,8806,8677,1.46507248791868,1256,-59.61552346570397,-1.483130360378115,1321,6001,5926,21.51000022888184,0.007466196378288464,7.373429775238037,0.0010081258795003932,14.926119322580645,0.0003123569065512115
2020-08-19,1124.699951171875,0.029047642025874978,0.005783326322163635,0.029047642025874978,0.02873538265569555,0.922478176527643,1624,-210.62936221419977,-1.4901903312621847,1710,8248,8148,0.9692548039368852,1266,-49.61552346570397,-1.8148132975132847,1363,6401,6331,22.540000915527344,0.04677359530916762,7.3649001121521,-0.0011574804069956922,14.930780870967743,0.0003122593701794292
2020-08-20,1126.800048828125,0.0018655103400406802,0.029047642025874978,0.0018655103400406802,0.0015533484453387392,-0.0133270209492247,1550,-284.6293622141998,-2.4425473177543497,1606,8449,8382,0.6135756446101277,1232,-83.61552346570397,-2.295073480926396,1277,6438,6368,22.71999931335449,0.007954014401352488,7.277900218963623,-0.011883098174615721,14.935442419354839,0.0003121618947019411
2020-08-21,1109.9000244140625,-0.015111857181094718,0.0018655103400406802,0.015111857181094718,-0.015423921661156657,0.145797280593325,1447,-387.6293622141998,-1.4697697852403913,1519,8090,7904,0.8160022354694483,1058,-257.615523465704,-1.8984070247081009,1101,5368,5202,22.540000915527344,-0.007954014401352563,7.296199798583984,0.0025112479282170465,14.940103967741935,0.0003120644800619393
2020-08-24,1108.4000244140625,-0.0013523871393423276,-0.015111857181094718,0.0013523871393423276,-0.0016641597399382146,0.772457272324287,3850,2015.3706377858002,-1.796795180861422,4028,20303,19898,1.3144454539101271,2918,1602.384476534296,-2.116607310305069,3072,14309,14100,22.3700008392334,-0.007570736211465015,7.284570217132568,-0.0015951947537719826,14.954088612903226,0.0003117726005958868
2020-08-25,1092.199951171875,-0.014723590003383635,-0.0013523871393423276,0.014723590003383635,-0.015035265432120054,0.6145514780835881,2313,478.3706377858002,-2.540553147875586,2516,11772,11550,0.6605585020023813,1979,663.384476534296,-2.833463593785344,2181,9239,9143,22.030000686645508,-0.01531562103515096,7.372900009155273,0.012052674839501393,14.958750161290324,0.000311675428736419
2020-08-26,1099.0,0.0062067093917812285,-0.014723590003383635,0.0062067093917812285,0.005895131074351497,0.1710390689941812,2310,475.3706377858002,-3.057033323284849,2461,12030,11806,0.9509638267491674,1771,455.384476534296,-3.053288182097844,1908,8404,8317,23.270000457763672,0.054759805003130275,7.393199920654297,0.0027495309369876824,14.96341170967742,0.00031157831742973166
2020-08-27,1108.9000244140625,0.008967879572017584,0.0062067093917812285,0.008967879572017584,0.008656398305397679,-0.2677062926102967,2491,656.3706377858002,-2.3142265935897965,2745,12761,12533,0.6585152838427947,1893,577.384476534296,-2.4790784754160766,2056,8931,8795,24.46999931335449,0.050282852407834186,7.348750114440918,-0.006030401786964892,14.968073258064516,0.0003114812666199047
2020-08-28,1100.5999755859375,-0.007513091532483553,0.008967879572017584,0.007513091532483553,-0.007824475808734127,-0.0235849881900096,2158,323.3706377858002,-2.7154583443849405,2335,11431,11193,0.372252954488308,1568,252.38447653429603,-2.9108558854972317,1654,7954,7891,22.959999084472656,-0.06369431781739188,7.35260009765625,0.0005237591442690283,14.972734806451614,0.0003113842762505739
2020-08-31,1078.5999755859375,-0.020191582174984145,-0.007513091532483553,0.020191582174984145,-0.020502675842203177,-0.1346986926587763,4557,2722.3706377858,-2.6014052805058268,4792,25854,25276,0.3538622539080384,2950,1634.384476534296,-2.9519830616079457,3065,15289,15076,26.40999984741211,0.13998918895490434,7.324900150299072,-0.0037744819997031624,14.986719451612904,0.00031109366721903086
2020-09-01,1085.199951171875,0.0061003755220180155,-0.020191582174984145,0.0061003755220180155,0.005789378603971749,-0.0373101537873722,1920,85.37063778580023,-3.0035033371419617,2038,10469,10261,0.1482477471034186,1343,27.384476534296027,-3.359874427730844,1438,6991,6918,26.1200008392334,-0.011041383993239473,7.35260009765625,0.003774481999703142,14.991381,0.0003109969180462668
2020-09-02,1083.9000244140625,-0.0011985864442096935,0.0061003755220180155,0.0011985864442096935,-0.0019087135393236355,0.3022944737355986,1978,143.37063778580023,-2.483790699795121,2063,10242,10107,0.6946356123215627,1382,66.38447653429603,-2.4975003416279105,1427,6655,6520,26.56999969482422,0.01708141174784904,7.359399795532227,0.0009243744439260188,15.002030566666667,0.0007101270951139419
2020-09-03,1076.300048828125,-0.007036391709078545,-0.0011985864442096935,0.007036391709078545,-0.007746014881529196,0.7544129637178963,1861,26.370637785800227,-2.18524498119692,1995,9812,9669,1.1905164737310776,1338,22.384476534296027,-2.2732731788550087,1428,6738,6662,33.599998474121094,0.23474327327010022,7.363239765167236,0.0005216414768904203,15.012680133333333,0.00070962317245065
2020-09-04,1086.300048828125,0.009248192751827167,-0.007036391709078545,0.009248192751827167,0.00853907278735631,0.6835157199930517,2121,286.3706377858002,-2.427483310685882,2222,11514,11258,0.949557013001956,1683,367.384476534296,-2.5206641990921685,1779,8691,8435,30.75,-0.08863602730356801,7.4220099449157715,0.007949881189232667,15.0233297,0.0007091199644708566
2020-09-08,1089.5999755859375,-0.006586259778014551,0.009619422378088754,0.006586259778014551,-0.007293374027076754,-0.062880075542965,2016,181.37063778580023,-3.2490908439174744,2118,10590,10440,1.3780719424460437,1396,80.38447653429603,-2.8379932261916974,1444,6950,6833,31.459999084472656,0.022826874276290363,7.449699878692627,0.002459504478876493,15.065927966666667,0.0007071142490622033
2020-09-09,1099.699951171875,0.009226736926771131,-0.006586259778014551,0.009226736926771131,0.008520122334976175,0.7952177337684256,1529,-305.6293622141998,-2.158630148942587,1596,8887,8520,1.1065872776605366,1197,-118.61552346570397,-2.517058335659565,1233,6634,6341,28.809999465942383,-0.087994337969611,7.479100227355957,0.003938747449703113,15.076577533333333,0.0007066145917949563
2020-09-10,1099.0999755859375,-0.0005457300534957515,0.009226736926771131,0.0005457300534957515,-0.0012518456936552592,0.4544232320516269,1965,130.37063778580023,-2.4657787118836376,2078,11157,11036,1.0755852417302798,1406,90.38447653429603,-2.4794451772662804,1475,7860,7779,29.709999084472656,0.030761128099848593,7.468880176544189,-0.001367415815126212,15.0872271,0.0007061156401595078
2020-09-11,1102.699951171875,0.0032700326220376436,-0.0005457300534957515,0.0032700326220376436,0.002564415229375811,0.544539701979996,1803,-31.629362214199773,-2.187641045104827,1877,9798,9623,1.0503346303501944,1279,-36.61552346570397,-2.558530264425043,1327,6425,6367,26.8700008392334,-0.10047320479855545,7.442500114440918,-0.0035382491908772483,15.097876666666666,0.0007056173926618327
2020-09-14,1107.300048828125,0.0041629903165095695,0.0032700326220376436,0.0041629903165095695,0.003458863456386983,0.4278674260401835,4878,3043.3706377858,-2.241338348319418,5168,25284,24890,0.9009295250971777,3590,2274.384476534296,-2.1902990131024036,3804,17751,17454,25.850000381469727,-0.03869983814901202,7.467289924621582,0.0033253094723490776,15.129825366666667,0.0007041268601225868
2020-09-15,1111.199951171875,0.0035158046977104744,0.0041629903165095695,0.0035158046977104744,0.002812173283386717,0.9500104580631668,1688,-146.62936221419977,-1.7784943857415134,1795,9562,9381,1.8057651245551596,1354,38.38447653429603,-1.823275230414995,1433,7025,6929,25.59000015258789,-0.010108959576996254,7.483500003814697,0.002168458739992258,15.140474933333333,0.0007036314143237575
2020-09-16,1107.0999755859375,-0.003696506685179946,0.0035158046977104744,0.003696506685179946,-0.004399643350437027,0.4921244339436897,1952,117.37063778580023,-2.08875781300752,2043,10158,9963,1.2432285219113643,1600,284.384476534296,-1.9018127423656128,1661,8078,7969,26.040000915527344,0.01743219636437699,7.485400199890137,0.0002538858646644813,15.1511245,0.0007031366652570801
2020-09-17,1110.699951171875,0.003246441398339084,-0.003696506685179946,0.003246441398339084,0.0025437987868850635,0.9789314726098732,1811,-23.629362214199773,-1.9770594779149715,1900,9602,9476,1.2922905339467452,1410,94.38447653429603,-2.0977845328727063,1505,7173,7069,26.459999084472656,0.016000271587512268,7.492700099945068,0.0009747431899619406,15.161774066666666,0.0007026426114540205
2020-09-18,1112.0,0.0011697925990325757,0.003246441398339084,0.0011697925990325757,0.0004676433475823198,0.6078391344289068,1800,-34.62936221419977,-2.2352123002632043,1896,9797,9636,0.9564930075303516,1264,-51.61552346570397,-2.32089574041724,1363,6507,6462,25.82999992370605,-0.024097519932326495,7.544600009918213,0.006902850335744625,15.172423633333333,0.0007021492514502559
2020-09-21,1087.0,-0.02273858768931821,0.0011697925990325757,0.02273858768931821,-0.02343926100896712,0.8227633240717352,3352,1517.3706377858002,-2.23373961007148,3523,19795,19219,0.9131767109295199,2731,1415.384476534296,-2.4030318885715465,2870,14685,14348,27.780000686645508,0.07277975788940454,7.557600021362305,0.0017216054122030729,15.204372333333334,0.0007006733196489098
2020-09-22,1096.199951171875,0.008428000947725018,-0.02273858768931821,0.008428000947725018,0.0077278182274470135,0.8915854978354981,2246,411.3706377858002,-2.2927260618995984,2351,11088,10960,1.531924415713576,1621,305.384476534296,-2.188469477933567,1699,8044,7915,26.86000061035156,-0.0336781482249285,7.616640090942383,0.007781657212457508,15.2150219,0.0007001827202780045
2020-09-23,1102.699951171875,0.0059120644151814065,0.008428000947725018,0.0059120644151814065,0.0052123716077367805,1.010846712538226,2114,279.3706377858002,-1.919330012258745,2212,10464,10289,1.6320938066856692,1697,381.384476534296,-1.874350827695732,1804,7718,7653,28.57999992370605,0.06206895601370426,7.667699813842773,0.0066813369974266556,15.225671466666666,0.000699692807444626
2020-09-24,1119.5999755859375,0.015209783351124526,0.0059120644151814065,0.015209783351124526,0.01451057977141547,0.9031067149623856,1393,-441.6293622141998,-1.8812851023495205,1450,7178,6972,1.418122626153011,1158,-157.61552346570397,-1.8664973397766982,1222,5529,5461,28.51000022888184,-0.0024522588795285157,7.698599815368652,0.0040217936551623,15.236321033333333,0.0006992035797090556
2020-09-25,1124.199951171875,0.004100171299069459,0.015209783351124526,0.004100171299069459,0.0034014562634343383,0.6869165487977369,1549,-285.6293622141998,-2.60248104504176,1677,8484,8272,0.8260009570904454,1203,-112.61552346570397,-2.288922370748315,1285,6269,6134,26.3799991607666,-0.07764879547678227,7.615699768066406,-0.010826594662172992,15.2469706,0.0006987150356351206
2020-09-28,1121.199951171875,-0.002672131393557021,0.004100171299069459,0.002672131393557021,-0.003369384884639156,0.2535460086870825,5227,3392.3706377858,-3.787138548845602,5625,27397,27038,0.47074869079818155,3514,2198.384476534296,-3.468016409638096,3741,17377,17095,26.190000534057617,-0.007228436564641337,7.658180236816406,0.005562513031484188,15.2789193,0.0006972534910821352
2020-09-29,1123.300048828125,0.0018713283752333782,-0.002672131393557021,0.0018713283752333782,0.0011745607078594582,-0.6455133240679197,3301,1466.3706377858002,-3.763318876845671,3531,16549,16282,-0.5423510329520232,2485,1169.384476534296,-3.9275797922188014,2706,11714,11540,26.270000457763672,0.003049942211505981,7.780360221862793,0.01582824959533918,15.289568866666666,0.0006967676673739201
2020-09-30,1145.199951171875,0.019308426470769805,0.0018713283752333782,0.019308426470769805,0.01861214395056304,-0.5859158033943136,2749,914.3706377858002,-3.697265609135342,2947,13611,13419,-0.420279214064116,1979,663.384476534296,-3.967615667977988,2125,9670,9553,26.3700008392334,0.0037994110677157717,7.8113298416137695,0.003972585441813665,15.300218433333333,0.0006962825202067676
2020-10-01,1143.5,-0.0014855171239201812,0.019308426470769805,0.0014855171239201812,-0.0021813151720888476,-0.013605047968579,3030,1195.3706377858002,-3.5700540145597484,3301,15531,15372,0.27365571321882,2213,897.384476534296,-3.7322570084684634,2384,10712,10656,26.700000762939453,0.01243656179021089,7.705870151519775,-0.0135928278177786,15.310868,0.0006957980481686663
2020-10-02,1145.0,0.001310902525504143,-0.0014855171239201812,0.001310902525504143,0.0005698883947986341,0.2796027338744127,2680,845.3706377858002,-3.5971955629446923,3044,14046,13895,0.1654553817847287,2155,839.384476534296,-3.7214274056320495,2317,10870,10807,27.6299991607666,0.03423851458061793,7.751399993896484,0.005891075671646907,15.322217774193547,0.000741014130705509
2020-10-05,1160.699951171875,0.013618592318410536,0.001310902525504143,0.013618592318410536,0.012879221839697495,0.2482033375289293,4778,2943.3706377858,-3.275611942277939,5075,24629,24342,0.2368595490355881,3755,2439.384476534296,-3.2661073682371207,3939,18405,18229,27.959999084472656,0.011872776060093631,7.736629962921143,-0.001907283946889743,15.356267096774193,0.0007393704787130414
2020-10-06,1153.699951171875,-0.0060491026965767795,0.013618592318410536,0.0060491026965767795,-0.006787926910452113,0.2813397830548226,2745,910.3706377858002,-3.616861416276705,2942,13644,13466,0.5879306829765546,2062,746.384476534296,-3.738008520895248,2173,9810,9732,29.479999542236328,0.05293716717176936,7.760000228881836,0.0030161762123333408,15.36761687096774,0.0007388242138753333
2020-10-07,1152.4000244140625,-0.0011273812143940817,-0.0060491026965767795,0.0011273812143940817,-0.00186565997002345,-0.09799944429008062,2067,232.37063778580023,-3.229491292769353,2211,10797,10595,0.2175963904840032,1572,256.384476534296,-3.636172667913504,1625,7314,7181,28.059999465942383,-0.049366996151583034,7.788269996643066,0.0036363915088833015,15.37896664516129,0.0007382787556293683
2020-10-08,1150.5,-0.0016501149203592012,-0.0011273812143940817,0.0016501149203592012,-0.0023878490225488613,0.2607041107041107,1905,70.37063778580023,-2.427346051445354,2023,9828,9794,0.391651840700698,1490,174.38447653429603,-2.7201728601993005,1574,7307,7186,26.36000061035156,-0.062497322852846836,7.872690200805664,0.010781078655247562,15.390316419354837,0.0007377341021896598
2020-10-09,1165.699951171875,0.013125092562979881,-0.0016501149203592012,0.013125092562979881,0.012387902311203396,0.2817651956702747,985,-849.6293622141998,-3.1064440950851973,1081,4804,4758,0.6999711482977494,751,-564.615523465704,-3.0987871374412435,777,3466,3438,25.0,-0.05297190792056515,7.940299987792969,0.008551222528894306,15.401666193548387,0.0007371902517764846
2020-10-12,1178.4000244140625,0.010835883827995324,0.013125092562979881,0.010835883827995324,0.010100320327019938,-0.03835100766652895,4223,2388.3706377858,-2.941991546126549,4551,21783,21449,0.35810403200984897,3176,1860.384476534296,-2.9186902377888697,3431,16245,16033,25.06999969482422,0.0027960751290542016,7.845250129699707,-0.012042786742249798,15.435715516129031,0.000735563500975386
2020-10-13,1174.699951171875,-0.003144852603020341,0.010835883827995324,0.003144852603020341,-0.0038798754479942876,0.4473506418299393,1882,47.37063778580023,-3.34269390168729,2035,10361,10169,0.6804364471669219,1613,297.384476534296,-3.3866656890103446,1705,7836,7758,26.06999969482422,0.03911331624214154,7.88539981842041,0.005104655692738489,15.44706529032258,0.0007350228449739465
2020-10-14,1189.300048828125,0.012352185526011592,-0.003144852603020341,0.012352185526011592,0.011617702542833818,0.3949015295411376,1900,65.37063778580023,-3.076712780134353,2041,10003,9830,0.3518030026659185,1443,127.38447653429603,-3.3747117460325486,1517,7127,7057,26.399999618530277,0.012578779463263242,7.9207000732421875,0.004466669672307975,15.458415064516128,0.0007344829831777731
2020-10-15,1180.4000244140625,-0.0075115550377308155,0.012352185526011592,0.0075115550377308155,-0.00824549895156921,0.4643600233781413,1578,-256.6293622141998,-2.7030905234020057,1691,8555,8411,0.2553854875283447,1311,-4.615523465703973,-3.0376684402175846,1434,7056,6951,26.96999931335449,0.021361115989374953,7.906199932098389,-0.0018323417973065777,15.469764838709677,0.000733943913838393
2020-10-16,1192.699951171875,0.010366218893815353,-0.0075115550377308155,0.010366218893815353,0.009632813258603587,0.7238969711423799,726,-1108.6293622141998,-2.3535964467535173,767,4193,4060,0.9431818181818182,593,-722.615523465704,-2.5856742561706505,629,3124,3095,27.40999984741211,0.016182793055790443,7.9309000968933105,0.003119281279684558,15.481114612903225,0.0007334056352117658
2020-10-19,1205.4000244140625,0.010591878657381095,0.010366218893815353,0.010591878657381095,0.009860083131129535,0.6811425253472688,4143,2308.3706377858,-1.9553415537741299,4585,22389,21993,0.7192290981317111,3050,1734.384476534296,-2.2153968061691147,3355,16111,15943,29.18000030517578,0.06257564880520325,7.912300109863281,-0.0023480099137386775,15.515163935483871,0.0007317955262515596
2020-10-20,1210.4000244140625,0.004139421341536173,0.010591878657381095,0.004139421341536173,0.003408160948392914,0.4299017628852107,1333,-501.6293622141998,-2.1111070080405545,1409,7431,7285,0.5587283236994219,1011,-304.615523465704,-2.2408961309846447,1065,5190,5141,29.350000381469727,0.005809005718342171,7.872640132904053,-0.005025050434677227,15.526513709677419,0.0007312603931432594
2020-10-21,1211.5,0.0009083576121911282,0.004139421341536173,0.0009083576121911282,0.00017763157008426954,0.38001883534766895,1124,-710.6293622141998,-2.282349603641719,1180,6371,6256,0.1754911495817933,990,-325.615523465704,-2.6198991156967253,1054,5141,5054,28.649999618530277,-0.02413912942544642,7.857999801635742,-0.0018613782473311526,15.537863483870968,0.0007307260421068587
2020-10-22,1198.300048828125,-0.010955334820280016,0.0009083576121911282,0.010955334820280016,-0.011685527291708254,0.1950668206566573,1035,-799.6293622141998,-2.4806381674544524,1104,6061,5893,0.7619855847477329,864,-451.615523465704,-2.5839393449794312,935,4301,4234,28.11000061035156,-0.019028023214514696,7.808040142059326,-0.006378105650192586,15.549213258064515,0.0007301924714282374
2020-10-23,1190.5999755859375,-0.006446565222690765,-0.010955334820280016,0.006446565222690765,-0.007176224902090913,0.670867387292381,721,-1113.6293622141998,-2.917821239181812,777,3793,3724,0.6365109269027881,525,-790.615523465704,-2.779984644678494,559,2654,2626,27.549999237060547,-0.02012289872538824,7.941199779510498,0.016910379333055017,15.560563032258065,0.0007296596794001484
2020-10-26,1144.5,-0.03948950082098818,-0.006446565222690765,0.03948950082098818,-0.04021756677919683,-0.3664911091411586,3778,1943.3706377858002,-3.261640833514153,4084,19177,18814,-0.4761962365591396,2982,1666.384476534296,-3.231592918957382,3203,14880,14643,32.459999084472656,0.1640060259756381,7.97353982925415,0.004064168821270012,15.59461235483871,0.0007280659582086493
2020-10-27,1152.5999755859375,0.007052378428213958,-0.03948950082098818,0.007052378428213958,0.006324842164415761,-0.4351387645478961,1716,-118.62936221419977,-3.3640622945676424,1855,8936,8715,-0.1149469786231274,1184,-131.61552346570397,-3.307729966205376,1311,5941,5833,33.349998474121094,0.027049192726482263,8.09022045135498,0.01452744216080058,15.605962129032259,0.000727536263798197
2020-10-28,1127.0,-0.022461003781058978,0.007052378428213958,0.022461003781058978,-0.023188011120630167,-0.5494818652849742,2071,236.37063778580023,-3.737789418051433,2218,10422,10222,-0.40838226658837357,1434,118.38447653429603,-3.567887182590354,1529,6812,6668,40.27999877929688,0.18879731093678007,8.192700386047363,0.01258758042862556,15.617311903225806,0.0007270073395711876
2020-10-30,1112.4000244140625,-0.013039369732769307,-0.022461003781058978,0.013039369732769307,-0.013765321527727942,-0.22454795597484267,2031,196.37063778580023,-3.253406719321407,2160,10176,9968,0.01224237427864789,1502,186.38447653429603,-3.0866326960618395,1608,7278,7147,38.02000045776367,0.011374287465003755,8.297940254211426,0.00398724161199932,15.640011451612903,0.0007259517949586341
2020-11-02,1133.5999755859375,0.018878522532711058,-0.013039369732769307,0.018878522532711058,0.018462091319921353,0.7987017670393076,2642,807.3706377858002,-3.3143916483140967,2932,13865,13642,0.5884942253214208,1859,543.384476534296,-3.2024802251208278,2027,9178,9032,37.130001068115234,-0.02368705214446384,8.363490104675293,0.007868494751255388,15.6692348,0.0004164312127897041
2020-11-03,1150.699951171875,0.014972022556283804,0.018878522532711058,0.014972022556283804,0.014555764686266261,0.2966599417171037,801,-1033.6293622141998,-2.907509020580545,833,4461,4375,0.5130239520958082,568,-747.615523465704,-3.0088515555168893,589,2672,2638,35.54999923706055,-0.04348516216767041,8.433609962463379,0.008349091787236994,15.6757586,0.000416257870017542
2020-11-04,1167.699951171875,0.014665549870024483,0.014972022556283804,0.014665549870024483,0.014249465198528656,-0.2374437267567038,877,-957.6293622141998,-3.0003345657158103,942,5109,5025,0.3929829799940277,626,-689.615523465704,-3.2330637350765508,658,3349,3311,29.56999969482422,-0.18417981124429092,8.432000160217285,-0.0001908976004156498,15.6822824,0.00041608467149582633
2020-11-05,1180.0,0.010478478193683917,0.014665549870024483,0.010478478193683917,0.010062566576639067,-0.07326649958228891,641,-1193.6293622141998,-3.1249407088296643,672,3591,3528,0.1385224274406332,471,-844.615523465704,-3.518367973996858,491,2274,2242,27.57999992370605,-0.06966945394505564,8.440500259399414,0.0010075684919054909,15.6888062,0.0004159116170448507
2020-11-06,1192.0,0.010118130165584686,0.010478478193683917,0.010118130165584686,0.009702391459099999,0.554367666232073,287,-1547.6293622141998,-1.7700099975440589,295,1534,1521,0.720018115942029,205,-1110.615523465704,-1.6230775177301764,212,1104,1101,24.86000061035156,-0.10383075896476188,8.42039966583252,-0.0023842859133713524,15.69533,0.0004157387064846866
2020-11-09,1231.5,0.03260036993529743,0.010118130165584686,0.03260036993529743,0.032185149098940324,1.0512655971479499,1485,-349.6293622141998,-2.0057673924608324,1563,8415,8253,1.0748349514563107,1049,-266.615523465704,-2.409089593158394,1099,5150,5092,25.75,0.0351745164756294,8.437789916992188,0.002063122762104389,15.7149014,0.0004152208363570997
2020-11-10,1243.0,0.009294873950118592,0.03260036993529743,0.009294873950118592,0.008879825450549265,1.6721824538038954,1154,-680.6293622141998,-1.5025421725056465,1279,6007,5916,1.7485780765253376,812,-503.615523465704,-1.9742997916955551,877,3868,3796,24.799999237060547,-0.03759100470249673,8.107600212097168,-0.03991849659878396,15.7214252,0.0004150484995693268
2020-11-11,1279.199951171875,0.028707031838203178,0.009294873950118592,0.028707031838203178,0.028292155532424465,1.5868225292242304,1101,-733.6293622141998,-0.7842687292815309,1197,5646,5526,1.8326515880654477,898,-417.615523465704,-1.2480063985141727,974,4156,4083,23.450000762939453,-0.05597309498022908,8.149149894714355,0.005111694873402799,15.727949,0.0004148763057787128
2020-11-12,1271.800048828125,-0.005801586122680351,0.028707031838203178,0.005801586122680351,-0.006216290377487455,0.9396054888507724,997,-837.6293622141998,-1.438315176747072,1051,5830,5614,2.0439237738206817,667,-648.615523465704,-1.9456426181132915,690,3201,3181,25.350000381469727,0.07790821765828819,7.782999992370605,-0.04597174741837782,15.7344728,0.0004147042548071036
2020-11-13,1291.300048828125,0.015216242439524495,-0.005801586122680351,0.015216242439524495,0.014801710093047706,0.9469428007889548,179,-1655.6293622141998,-1.0428875800735506,182,1014,1014,1.6158333333333332,140,-1175.615523465704,-0.9358423020037524,140,600,600,23.100000381469727,-0.09294611104371886,7.68179988861084,-0.0130879867993342,15.7409966,0.00041453234647678884
2020-11-16,1293.0,0.0013155991060989454,0.015216242439524495,0.0013155991060989454,0.0009015816305366685,1.569362239045652,1590,-244.62936221419977,-1.3262022817246446,1720,8718,8545,1.8105377191254675,1081,-234.61552346570397,-1.621350315466825,1177,5077,4986,22.450000762939453,-0.02854198586938602,7.619949817657471,-0.008084096130038895,15.760568,0.0004140174755622768
2020-11-17,1259.699951171875,-0.026091541175310033,0.0013155991060989454,0.026091541175310033,-0.026505387311337614,1.375461988304093,827,-1007.6293622141998,-1.0082424624327635,857,4275,4192,1.508837503959455,636,-679.615523465704,-0.7564227144119405,663,3157,3112,22.709999084472656,0.01151466763142195,7.688379764556885,0.008940283435128857,15.7670918,0.00041384613602757993
2020-11-18,1294.699951171875,0.027405411754200804,-0.026091541175310033,0.027405411754200804,0.026991736815950518,0.916156566272406,1543,-291.6293622141998,-1.3489289717569093,1583,8201,8036,1.3836068596717683,1113,-202.61552346570397,-1.4288649648863023,1145,5423,5350,23.84000015258789,0.04855953279402306,7.674650192260742,-0.0017873526237738165,15.7736156,0.0004136749382502843
2020-11-19,1313.0,0.014035624952047895,0.027405411754200804,0.014035624952047895,0.013622121069992997,1.2376248460801755,1330,-504.6293622141998,-1.5801876415981848,1402,7309,7212,1.405684170901562,1037,-278.615523465704,-1.4801344640544123,1084,5313,5218,23.11000061035156,-0.031099397900646572,7.691060066223144,0.002135909102148459,15.7801394,0.00041350388205489816
2020-11-20,1324.0,0.008342862194157408,0.014035624952047895,0.008342862194157408,0.007929529226891479,0.9781747680376678,1319,-515.6293622141998,-1.8681357168649908,1375,7221,7096,1.6166060837956766,1039,-276.615523465704,-2.0412717729612493,1065,5227,5107,23.700000762939453,0.025209629635621903,7.539599895477295,-0.01988950762951595,15.7866632,0.0004133329672659294
2020-11-23,1314.300048828125,-0.007353215857561321,0.008342862194157408,0.007353215857561321,-0.007766036927147255,0.5263734306829312,4099,2264.3706377858,-1.867351902272889,4331,22462,21878,1.2088933333333332,3061,1745.384476534296,-1.6299332489280678,3225,15000,14721,22.65999984741211,-0.04487383146656208,7.617249965667725,0.010246291313997298,15.8062346,0.0004128210695859337
2020-11-24,1321.0,0.005084783882933208,-0.007353215857561321,0.005084783882933208,0.004672133164260837,0.2914184045018206,2091,256.3706377858002,-2.1457894649632925,2206,12084,11601,0.6369438621010943,1578,262.384476534296,-1.8443044401650457,1682,8586,8316,21.63999938964844,-0.04605782309256614,7.873899936676025,0.0331380767076379,15.8127584,0.0004126507186723716
2020-11-25,1325.5,0.0034007212067548977,0.005084783882933208,0.0034007212067548977,0.0029882406984631385,0.6110691695572333,1811,-23.629362214199773,-1.522398934386497,1858,9802,9647,1.0957890198332858,1369,53.38447653429603,-1.4125108014912284,1411,6958,6904,21.25,-0.018186530403068956,7.993899822235107,0.015125244218047717,15.8192822,0.0004124805082917591
2020-11-27,1328.699951171875,-0.010332563534554022,0.012743800653939458,0.010332563534554022,-0.010744704042988091,0.2373036170990135,1497,-337.6293622141998,-2.423806513915228,1546,8211,8114,1.0423646243207791,1015,-300.615523465704,-2.3299648104250044,1051,5337,5265,20.84000015258789,-0.01948267116338398,7.8709001541137695,-0.0086778489322891,15.8323298,0.0004121405084340691
2020-11-30,1283.5999755859375,-0.03453237263275663,-0.010332563534554022,0.03453237263275663,-0.03494400419106434,0.2777905970579752,3009,1174.3706377858002,-2.6692584175845218,3156,17335,16873,1.1173645435046167,2147,831.384476534296,-1.9919783383717538,2236,10723,10585,20.56999969482422,-0.0130405353781403,7.817319869995117,-0.006830665603260541,15.8519012,0.00041163155830770625
2020-12-01,1325.300048828125,0.03197027451399666,-0.03453237263275663,0.03197027451399666,0.031558812326512614,0.527314169937951,1387,-447.6293622141998,-1.7231391981709931,1450,7897,7790,1.2420012227430195,928,-387.615523465704,-1.4914671024571688,968,4907,4850,20.770000457763672,0.009675971098775943,7.8225998878479,0.0006751975886229981,15.858425,0.0004114621874840427
2020-12-02,1325.5,0.00015086099937459637,0.03197027451399666,0.00015086099937459637,-0.00039151413703646847,0.610396681358569,1336,-498.6293622141998,-2.007319389927864,1387,7714,7601,1.342365210547029,979,-336.615523465704,-1.713046531439949,996,5082,5012,21.170000076293945,0.019075428822967075,7.817500114440918,-0.0006521407902731408,15.867028548387097,0.0005423751364110648
2020-12-03,1330.9000244140625,0.004065676707454831,0.00015086099937459637,0.004065676707454831,0.003523595582375045,0.4875970966509615,1363,-471.6293622141998,-2.290560358957206,1469,7853,7781,0.9758578215731126,1019,-296.615523465704,-2.057664790231116,1110,5683,5661,21.280000686645508,0.005182607989974634,7.850490093231201,0.004211137115328801,15.875632096774194,0.0005420811250797859
2020-12-04,1330.9000244140625,0.0,0.004065676707454831,0.0,-0.0005417874323316522,0.2804115128449095,1528,-306.6293622141998,-2.8032401451243523,1607,8408,8304,0.6408607771388746,1066,-249.61552346570397,-2.7062670551300005,1136,5739,5720,20.790000915527344,-0.023295550833789355,7.781199932098389,-0.008865402889099205,15.88423564516129,0.0005417874323316522
2020-12-07,1329.9000244140625,-0.0007516536595993597,0.0,0.0007516536595993597,-0.0012925619200170031,0.3283411044323352,3035,1200.3706377858002,-2.5514721319213907,3153,17801,17503,1.0531642624476503,2174,858.384476534296,-2.638763792293143,2281,12894,12761,21.299999237060547,0.02423489098979527,7.801380157470703,0.00259010209325022,15.910046290322581,0.0005409082604176434
2020-12-08,1339.9000244140625,0.0074912327384358875,-0.0007516536595993597,0.0074912327384358875,0.006950616901597177,0.0699235547061633,1402,-432.6293622141998,-2.5749991817794347,1473,8372,8228,0.4799658994032396,1083,-232.61552346570397,-2.340816387908461,1120,5865,5816,20.68000030517578,-0.029539972499347485,7.796760082244873,-0.0005923879757375129,15.918649838709678,0.000540615836838711
2020-12-09,1350.300048828125,0.007731823612570296,0.0074912327384358875,0.007731823612570296,0.007191499883303852,0.6324808184143226,1636,-198.62936221419977,-2.1400657624616346,1708,9384,9230,0.8426554158773892,1149,-166.61552346570397,-2.466231795266788,1203,5807,5721,22.270000457763672,0.07407343742717004,7.809669971466064,0.001654432451425316,15.927253387096775,0.0005403237292664445
2020-12-10,1353.4000244140625,0.002293136709242233,0.007731823612570296,0.002293136709242233,0.0017531047720530922,0.8008243623314908,1920,85.37063778580023,-1.8225526461825048,2043,10311,10183,0.9645225201426496,1481,165.38447653429603,-2.202277462438883,1586,7571,7511,22.520000457763672,0.011163321774025342,7.817659854888916,0.0010225526955439084,15.935856935483871,0.0005400319371891408
2020-12-11,1370.699951171875,0.01270155977738505,0.002293136709242233,0.01270155977738505,0.01216181931728929,0.44961340206185585,1793,-41.62936221419977,-2.1607906411953617,1882,10088,9814,0.314727203357497,1443,127.38447653429603,-2.3185798473066743,1516,7863,7773,23.309999465942383,0.0344786065380977,7.886300086975098,0.008741829380769308,15.944460483870968,0.000539740460095761
2020-12-14,1388.5999755859375,0.012974505122821665,0.01270155977738505,0.012974505122821665,0.012435637209193811,0.360960235331197,3614,1779.3706377858002,-1.9999333472570615,3752,19037,18798,0.5965630954125752,2761,1445.384476534296,-2.1714682185862606,2863,13646,13469,24.71999931335449,0.05873017467599678,7.854340076446533,-0.00406083286525678,15.970271129032259,0.0005388679136278533
2020-12-15,1395.4000244140625,0.004885102263848553,0.012974505122821665,0.004885102263848553,0.004346524572464596,-0.0190720591254362,1686,-148.62936221419977,-2.691669151683175,1755,9742,9597,0.2730934018851757,1302,-13.615523465703973,-2.678013824990713,1347,7002,6963,22.88999938964844,-0.07691249751264309,7.847099781036377,-0.0009222461110640635,15.978874677419356,0.0005385776913839567
2020-12-16,1392.5,-0.0020804371998001774,0.004885102263848553,0.0020804371998001774,-0.002618724981386266,0.036985569214323805,1296,-538.6293622141998,-2.4494527848057133,1364,7484,7352,0.5741589926705506,949,-366.615523465704,-2.203255938349479,983,5321,5245,22.5,-0.01718479808955007,7.83050012588501,-0.0021176278834948,15.987478225806452,0.0005382877815860885
2020-12-17,1399.4000244140625,0.004942897956450009,-0.0020804371998001774,0.004942897956450009,0.004404899772719703,-0.008702585715913,1531,-303.6293622141998,-2.391844449843592,1655,8779,8677,0.2964181818181816,1065,-250.61552346570397,-2.4164704175864467,1106,5500,5405,21.93000030517578,-0.025659732864673365,7.794710159301758,-0.004581062081223219,15.996081774193549,0.0005379981837303063
2020-12-18,1408.300048828125,0.0063397471177933954,0.004942897956450009,0.0063397471177933954,0.005802038220480063,0.8692500818687915,1559,-275.6293622141998,-1.8771443556363645,1651,9161,8913,1.2413627320954908,1131,-184.61552346570397,-1.5993843242773615,1199,6032,5922,21.56999969482422,-0.01655213009279471,7.697700023651123,-0.012523732906059317,16.004685322580645,0.0005377088973133328
2020-12-21,1384.4000244140625,-0.017116487479371948,0.0063397471177933954,0.017116487479371948,-0.017653330381050405,0.19356019685511944,2771,936.3706377858002,-2.2197897357460055,2937,16662,16315,0.5454190652746611,1964,648.384476534296,-1.9976618464159377,2047,10249,10151,25.15999984741211,0.1539519795146319,7.658549785614014,-0.005098943211568312,16.030495967741935,0.000536842901678457
2020-12-22,1405.0,0.01477045237153547,-0.017116487479371948,0.01477045237153547,0.014233897515529795,0.6484471252566731,1342,-492.6293622141998,-1.8904387331136685,1380,7792,7665,0.4223242811501599,929,-386.615523465704,-1.96086549669174,947,5008,4853,24.229999542236328,-0.03766390983153792,7.643249988555908,-0.001999738904247393,16.03909951612903,0.0005365548560056763
2020-12-23,1417.699951171875,0.00899850291394968,0.01477045237153547,0.00899850291394968,0.008462235794677952,0.2347791952894994,1866,31.370637785800227,-2.5942197031516314,1967,10190,10005,0.5187071498530855,1202,-113.61552346570397,-2.143748820451346,1277,6126,6020,23.309999465942383,-0.038709085799429485,7.65749979019165,0.0018626284282319235,16.047703064516128,0.0005362671192717271
2020-12-24,1426.0,0.005837516292445553,0.00899850291394968,0.005837516292445553,0.005301536601465568,0.5245127892813644,1153,-681.6293622141998,-1.4111574080803666,1193,6568,6447,1.1713976425306711,775,-540.615523465704,-1.36949736076774,823,4157,4116,21.530000686645508,-0.07943508686780049,7.633299827575684,-0.0031652998438413404,16.056306612903224,0.0005359796909799847
2020-12-28,1439.300048828125,0.009283596219294674,0.005837516292445553,0.009283596219294674,0.008748763166958606,0.8438875263394244,4996,3161.3706377858,-1.8084566116389498,5248,28949,28289,1.567945908386338,3506,2190.384476534296,-1.7237132706657154,3683,18709,18357,21.700000762939453,0.007864952436142986,7.569499969482422,-0.0006075237341991667,16.090720806451614,0.0005348330523360673
2020-12-29,1459.699951171875,0.014073983492201195,0.009283596219294674,0.014073983492201195,0.013539436333360395,1.4023441055985433,1462,-372.6293622141998,-1.4113344586007792,1545,8788,8552,2.104678998911861,1205,-110.61552346570397,-1.2787659936561144,1259,6433,6270,23.07999992370605,0.06165414262935506,7.439400196075439,-0.017336784250080808,16.09932435483871,0.0005345471588407993
2020-12-30,1479.9000244140625,0.013743632719167892,0.014073983492201195,0.013743632719167892,0.013209371148338617,0.8041075972373685,1411,-423.6293622141998,-1.7505784402019646,1495,8253,7994,1.948676716917922,1085,-230.61552346570397,-1.5190832223679394,1157,5970,5813,22.770000457763672,-0.013522538154813975,7.388800144195557,-0.006824867094603209,16.107927903225807,0.0005342615708292763
2020-12-31,1476.699951171875,-0.002164698990881147,0.013743632719167892,0.002164698990881147,-0.0026986752786933386,0.5078513145965549,948,-886.6293622141998,-1.7332582033296298,979,5515,5419,1.4829184816428134,631,-684.615523465704,-1.571141538518319,651,3214,3157,22.75,-0.0008787547824950818,7.373730182647705,-0.0020416509160593194,16.116531451612904,0.0005339762878121912
2021-01-04,1495.4000244140625,0.012583910477899755,-0.002164698990881147,0.012583910477899755,0.012291269966232551,-0.11516163664559229,2769,934.3706377858002,-2.3799864340458887,2893,16766,16228,0.2295006165228112,1856,540.384476534296,-2.337418279645731,1970,9732,9546,26.96999931335449,0.1701599662950751,7.433420181274414,-5.1124447596909034e-05,16.139301967741936,0.00029264051166720393
2021-01-05,1489.5999755859375,-0.0038861347587977224,0.012583910477899755,0.0038861347587977224,-0.004178689657049231,0.5915798764342454,1020,-814.6293622141998,-1.6458702323697367,1055,5665,5587,0.7103227682465835,678,-637.615523465704,-1.798359868203214,715,3439,3424,25.34000015258789,-0.062340930777420096,7.421500205993652,-0.001604852470209656,16.14402429032258,0.000292554898251509
2021-01-06,1505.4000244140625,0.010551048684963888,-0.0038861347587977224,0.010551048684963888,0.010258579350049464,0.406271050521251,1130,-704.6293622141998,-1.6728907102627928,1158,6235,6051,1.2701370585134424,792,-523.615523465704,-1.4611972146396557,818,3794,3694,25.06999969482422,-0.010712280917359632,7.383790016174316,-0.005094161722360865,16.148746612903224,0.00029246933491442406
2021-01-07,1522.199951171875,0.011097964937862482,0.010551048684963888,0.011097964937862482,0.01080558111625025,0.4172377830750893,1213,-621.6293622141998,-1.9763844246506146,1351,6712,6514,0.9548167848699765,718,-597.615523465704,-1.5637625475362218,747,3384,3329,22.3700008392334,-0.11395108697919597,7.29971981048584,-0.01145109382415253,16.153468935483872,0.00029238382161223187
2021-01-08,1540.5999755859375,0.012015310315800259,0.011097964937862482,0.012015310315800259,0.011723011957499932,0.9524999999999996,1322,-512.6293622141998,-1.2648572760649968,1345,7040,6951,1.3008629191321504,882,-433.615523465704,-1.2800759004728315,898,4056,3981,21.559999465942383,-0.03688109174802423,7.326600074768066,0.0036756059974041187,16.158191258064516,0.0002922983583003274
2021-01-11,1536.199951171875,-0.0028601322921763396,0.012015310315800259,0.0028601322921763396,-0.0031521745600483937,0.8645881745416988,2732,897.3706377858002,-1.3207142726450762,2895,15492,15117,1.3085096335474127,2002,686.384476534296,-1.2773391509659098,2126,10588,10451,24.07999992370605,0.11054189600223238,7.357649803161621,0.004228990234711382,16.17235822580645,0.0002920422678720541
2021-01-12,1549.5,0.008620495448227032,-0.0028601322921763396,0.008620495448227032,0.008328538444141128,0.4765092194998739,1403,-431.6293622141998,-1.897340238796613,1460,7918,7763,1.1234559568005398,1142,-173.61552346570397,-1.8351813019562513,1217,5926,5839,23.32999992370605,-0.03164153450913615,7.471950054168701,0.015415454980316034,16.177080548387096,0.0002919570040859042
2021-01-13,1559.300048828125,0.006304735677167588,0.008620495448227032,0.006304735677167588,0.006012863887095688,1.017307955634671,1422,-412.6293622141998,-0.5214494476589543,1469,7303,7204,1.8538630904723774,1049,-266.615523465704,-0.0801697030237858,1081,4996,4968,22.209999084472656,-0.0491974860781978,7.446959972381592,-0.003350124789988732,16.18180287096774,0.00029187179007189986
2021-01-14,1546.5999755859375,-0.008178076515670252,0.006304735677167588,0.008178076515670252,-0.00846986314145702,0.8441749502982104,1406,-428.6293622141998,-1.500802813100004,1487,7545,7450,1.1388528577219292,975,-340.615523465704,-1.4821212147584786,1020,4934,4879,23.25,0.045762535348432325,7.394269943237305,-0.007100523449652788,16.186525193548388,0.0002917866257867676
2021-01-15,1524.5,-0.014392469960990832,-0.008178076515670252,0.014392469960990832,-0.014684171472177179,0.7300214438884917,1250,-584.6293622141998,-1.2756221256505773,1294,6995,6890,1.0805049769361497,786,-529.615523465704,-1.221595950516274,805,4119,4077,24.34000015258789,0.04581596179503342,7.366099834442139,-0.0038169969209997253,16.19124751612903,0.0002917015111863463
2021-01-19,1565.0,0.005253360178096035,0.020965976367847944,0.005253360178096035,0.0049619986293284015,0.3259955914768552,1232,-602.6293622141998,-2.148872044112276,1253,6805,6641,0.7076738609112709,860,-455.615523465704,-1.6385642055178342,872,4587,4464,23.239999771118164,-0.04624617169330436,7.475180149078369,0.0034976856549249393,16.21013680645161,0.00029136154876763357
2021-01-20,1569.4000244140625,0.0028075722754225376,0.005253360178096035,0.0028075722754225376,0.002516295593480428,0.8181567418465029,1159,-675.6293622141998,-1.644260284327142,1203,6163,5958,0.869308203041337,879,-436.615523465704,-1.6377833403807298,929,4669,4587,21.57999992370605,-0.07410796584050658,7.466300010681152,-0.0011886559226839278,16.21485912903226,0.00029127668194210937
2021-01-21,1551.5999755859375,-0.011406755418629877,0.0028075722754225376,0.011406755418629877,-0.011697947283170865,0.6763582966226137,1083,-751.6293622141998,-1.5180089461032675,1111,6129,5953,1.256525866160418,825,-490.615523465704,-1.8029841175202803,837,4214,4146,21.31999969482422,-0.012121371311005128,7.410600185394287,-0.007488130567481223,16.219581451612903,0.00029119186454098947
2021-01-22,1542.5,-0.005882164051503379,-0.011406755418629877,0.005882164051503379,-0.006173271148025712,0.8486627630954269,1150,-684.6293622141998,-1.539411520401063,1171,6319,6206,1.1773803526448363,766,-549.615523465704,-1.3088494553256147,779,3970,3958,21.90999984741211,0.027297561659488975,7.365699768066406,-0.006077374669845964,16.224303774193547,0.0002911070965223322
2021-01-25,1540.199951171875,-0.0014922303768511833,-0.005882164051503379,0.0014922303768511833,-0.0017830834651773643,0.6230978891208536,3162,1327.3706377858002,-2.0932751480231113,3232,17244,17039,0.7818253779783105,2340,1024.384476534296,-2.059322164500944,2386,12633,12454,23.190000534057617,0.05677802765401989,7.41772985458374,0.007039002812684573,16.238470741935483,0.00029085308832618105
2021-01-26,1536.0999755859375,-0.0026655255411291885,-0.0014922303768511833,0.0026655255411291885,-0.0029562940585336054,0.3666136472085254,1094,-740.6293622141998,-2.0934976211842358,1129,6287,6109,1.0635463100544822,723,-592.615523465704,-2.0050900576885016,741,4038,3976,23.020000457763672,-0.007357751117878455,7.40749979019165,-0.001380088708361463,16.243193064516127,0.0002907685174044168
2021-01-27,1467.0,-0.04602722171858082,-0.0026655255411291885,0.04602722171858082,-0.04631790571423045,0.703336006415397,1104,-730.6293622141998,-1.3213088092918834,1168,6235,6162,1.2553515341870023,764,-551.615523465704,-1.300191949716424,863,4139,4055,37.209999084472656,0.4802140945749818,7.347300052642822,-0.008160066179334225,16.247915387096775,0.0002906839956496352
2021-01-28,1498.300048828125,0.021111665495133894,-0.04602722171858082,0.021111665495133894,0.020821065972115554,0.7587203302373582,994,-840.6293622141998,-1.4637779246861888,1039,5814,5648,1.0960663507109003,808,-507.615523465704,-1.5716345748873823,832,4220,4066,30.209999084472656,-0.20840455266105468,7.392240047454834,0.0060979018018632435,16.25263770967742,0.00029059952301834066
2021-01-29,1473.5,-0.016690641460366144,0.021111665495133894,0.016690641460366144,-0.016981156559834513,1.114969161526921,1089,-745.6293622141998,-1.652430562898366,1149,5999,5829,1.3364950980392154,789,-526.615523465704,-1.5710229000335083,817,4080,4006,33.09000015258789,0.0910581614516798,7.345779895782471,-0.006304823273891182,16.257360032258063,0.00029051509946836934
2021-02-01,1492.5,0.012812043089007718,-0.016690641460366144,0.012812043089007718,0.01252178096612962,0.4003622472502142,2829,994.3706377858002,-1.9724802603182268,2908,15183,14903,1.0772253408179628,1981,665.384476534296,-2.002330171682833,2041,9976,9666,30.239999771118164,-0.09006558280233154,7.277699947357178,-0.009311113498910407,16.271527,0.00029026212287809746
2021-02-02,1511.4000244140625,0.012583823473138885,0.012812043089007718,0.012583823473138885,0.012199834560305985,-0.3578492826298924,1348,-486.6293622141998,-2.44819434868111,1430,7179,7053,0.2306059160305343,857,-458.615523465704,-2.5424226425922685,900,4192,4096,25.559999465942383,-0.16813693512742764,7.185070037841797,-0.012809603722143658,16.277776285714285,0.0003839889128328998
2021-02-03,1533.5999755859375,0.014581507072092435,0.012583823473138885,0.014581507072092435,0.014197665550150175,0.1133022993370009,1318,-516.6293622141998,-1.9862630418325744,1354,7089,7022,0.276338147833475,899,-416.615523465704,-2.054177656008732,956,4708,4663,22.90999984741211,-0.10945511880997491,7.192599773406982,0.0010474209454573913,16.28402557142857,0.00038384152194226025
2021-02-04,1534.9000244140625,0.000847351413336635,0.014581507072092435,0.000847351413336635,0.000463657169179125,0.1277134277134277,1243,-591.6293622141998,-2.591491213136156,1307,6993,6866,0.9084214893175692,938,-377.615523465704,-2.4058642465857027,1027,4821,4780,21.770000457763672,-0.051040593531359875,7.156599998474121,-0.00501768057257913,16.290274857142855,0.00038369424415751
2021-02-05,1527.199951171875,-0.005029286786106487,0.000847351413336635,0.005029286786106487,-0.005412833865455784,-0.10077128032533998,1240,-594.6293622141998,-3.1815465610354328,1345,7131,6927,0.5058118498417006,779,-536.615523465704,-2.649359983381743,824,4422,4260,20.8700008392334,-0.0422201349721882,7.132900238037109,-0.003317090419626143,16.29652414285714,0.0003835470793492966
2021-02-08,1534.9000244140625,0.005029286786106535,-0.005029286786106487,0.005029286786106535,0.004646180524625727,0.2008700028760425,2554,719.3706377858002,-1.791998319905271,2656,13908,13624,0.7479658792650918,1795,479.384476534296,-1.4839072721633084,1861,9144,9028,21.239999771118164,0.01757342429621931,7.056900024414063,-0.010712052172085283,16.315272,0.00038310626148080806
2021-02-09,1544.0999755859375,0.005975952290300555,0.005029286786106535,0.005975952290300555,0.005592992743021998,0.8758310719131617,1071,-763.6293622141998,-1.3190122923613192,1097,5896,5665,1.3239795918367347,741,-574.615523465704,-1.022075132002381,788,3920,3832,21.6299991607666,0.018195015567699823,7.074900150299072,0.002547465347217889,16.321521285714287,0.0003829595472785573
2021-02-10,1547.0999755859375,0.001940994428864025,0.005975952290300555,0.001940994428864025,0.0015581814834597207,0.7144506258692629,1406,-428.6293622141998,-1.0919845930925776,1482,7190,7102,0.9107119386637457,933,-382.615523465704,-1.3444314924372447,976,4565,4468,21.989999771118164,0.016506592992762147,7.063980102539063,-0.0015446838414421198,16.32777057142857,0.0003828129454043042
2021-02-11,1545.5999755859375,-0.0009700262820844121,0.001940994428864025,0.0009700262820844121,-0.0013526927378142174,0.2895377443998446,1396,-438.6293622141998,-1.8760646804166585,1478,7723,7598,0.8620947176684881,1058,-257.615523465704,-2.4439564570314483,1117,5490,5339,21.25,-0.03423089878779304,7.055480003356934,-0.0012040262368741307,16.334019857142856,0.00038266645572980544
2021-02-12,1538.4000244140625,-0.0046692375180603235,-0.0009700262820844121,0.0046692375180603235,-0.0050517575961858095,0.3872291378515443,1212,-622.6293622141998,-1.7293418634169877,1244,6507,6371,0.6595232840432577,889,-426.615523465704,-1.5176983022701673,913,4531,4427,19.96999931335449,-0.062125782326553906,7.023900032043457,-0.004485996427981833,16.340269142857142,0.00038252007812548575
2021-02-16,1542.800048828125,-0.012688123627453387,0.015544171466211348,0.012688123627453387,-0.013070059313297848,-0.4336627696757863,1554,-280.6293622141998,-3.0178300663123223,1640,8297,8142,0.1810950795412505,1080,-235.61552346570397,-3.1082500266444653,1117,5406,5351,21.459999084472656,0.07195958149664121,6.956900119781494,-0.010296252114011074,16.365266285714284,0.00038193568584446127
2021-02-17,1540.5999755859375,-0.0014270439113510977,-0.012688123627453387,0.0014270439113510977,-0.00180883377801959,0.2870896511114382,1238,-596.6293622141998,-2.6702034956692997,1315,6793,6702,0.8108446986361636,903,-412.615523465704,-2.3006049007164977,932,4546,4513,21.5,0.0018622405931039336,6.982399940490723,0.0036586986497420875,16.37151557142857,0.00038178986666849245
2021-02-18,1546.4000244140625,0.003757729610045115,-0.0014270439113510977,0.003757729610045115,0.003376085451250987,0.2832232117207699,1214,-620.6293622141998,-1.7760733894210459,1261,6962,6837,0.575814822503633,934,-381.615523465704,-1.9418539742660308,961,4817,4720,22.489999771118164,0.045017820660557956,6.963210105895996,-0.002752098566208697,16.377764857142857,0.000381644158794128
2021-02-19,1560.300048828125,0.008948477059400793,0.003757729610045115,0.008948477059400793,0.008566978497306116,0.5663650075414782,1248,-586.6293622141998,-1.9994560729132003,1281,6630,6512,0.9431564245810056,833,-482.615523465704,-1.6738056386509677,855,4296,4252,22.049999237060547,-0.019758188501749405,6.965590000152588,0.00034172279903970574,16.384014142857144,0.0003814985620946774
2021-02-22,1550.5999755859375,-0.006236204701252783,0.008948477059400793,0.006236204701252783,-0.0066172671390259145,0.19314528133373005,2334,499.3706377858002,-1.853975553017045,2394,13436,13081,1.0261887521119966,1530,214.38447653429603,-1.5303025345348276,1565,8286,8110,23.450000762939453,0.06155796013459353,6.981400012969971,0.0022671586592481158,16.402762,0.00038106243777313165
2021-02-23,1517.9000244140625,-0.021314120323027146,-0.006236204701252783,0.021314120323027146,-0.021695037607529357,0.45705249841872203,1160,-674.6293622141998,-1.7522130451706897,1219,6324,6220,1.2314938398357298,763,-552.615523465704,-1.7114460100768087,800,3896,3862,23.11000061035156,-0.014605076730018152,7.010000228881836,0.00408826211137436,16.409011285714286,0.0003809172845022125
2021-02-24,1483.0,-0.02326075357898601,-0.021314120323027146,0.02326075357898601,-0.023641525820758097,0.2605347422350304,1246,-588.6293622141998,-2.7052086648098745,1282,6246,6179,0.8288766202592417,895,-420.615523465704,-2.7450565715907342,913,4166,4142,21.34000015258789,-0.07968219767307105,7.100299835205078,0.012799279768910345,16.415260571428572,0.0003807722417720874
2021-02-25,1488.199951171875,0.003500240015038066,-0.02326075357898601,0.003500240015038066,0.0031196127055815566,0.1575787680953731,1316,-518.6293622141998,-2.1500268379770806,1390,7046,6967,0.4690589031821262,931,-384.615523465704,-2.074016114392156,970,4431,4388,28.88999938964844,0.30291224032747205,7.16379976272583,0.008903519856725352,16.42150985714286,0.0003806273094565092
2021-02-26,1471.4000244140625,-0.011352958062402765,0.003500240015038066,0.011352958062402765,-0.011733440549831995,-0.1789467068878834,1611,-223.62936221419977,-1.897259167604658,1686,7956,7763,0.3892159065378567,1027,-288.615523465704,-1.0872680724967323,1079,4451,4417,27.950000762939453,-0.03307826645371294,7.323100090026855,0.021993214561971272,16.427759142857145,0.0003804824874292305
2021-03-01,1527.5,0.03741806695518294,-0.011352958062402765,0.03741806695518294,0.03703801827336223,-0.11593328361244834,2828,993.3706377858002,-1.98388755951252,2928,14749,14387,0.341152800435019,2057,741.384476534296,-1.9764880659508999,2169,9195,9014,23.350000381469727,-0.17982022644574983,7.413090229034424,0.012213639445632767,16.446507,0.00038004868182071
2021-03-02,1528.800048828125,0.0008507338191696833,0.03741806695518294,0.0008507338191696833,0.00030927312717796184,0.2884712524142028,1292,-542.6293622141998,-2.0623240452901666,1334,6731,6617,0.6595894945928049,933,-382.615523465704,-1.827358370591519,971,4531,4479,24.100000381469727,0.031614855873289195,7.269370079040527,-0.019577746163518102,16.455414548387097,0.0005414606919917214
2021-03-03,1531.0999755859375,0.0015032695006897017,0.0008507338191696833,0.0015032695006897017,0.0009621018297269078,0.791365280289331,1224,-610.6293622141998,-1.47257903138561,1342,6636,6531,1.334848845512973,832,-483.615523465704,-1.498815647275818,857,4201,4181,26.670000076293945,0.10132748472935964,7.34499979019165,0.010350139894073936,16.464322096774193,0.000541167670962794
2021-03-04,1538.0,0.004496455699979448,0.0015032695006897017,0.004496455699979448,0.0039555807330698516,-0.1468740561763818,1198,-636.6293622141998,-2.155968617234597,1255,6622,6545,0.6227521929824562,744,-571.615523465704,-2.435997256684437,782,3648,3619,28.56999969482422,0.06881786450640696,7.456699848175049,0.015093155674691645,16.47322964516129,0.0005408749669095968
2021-03-05,1542.0,0.002597404057685471,0.004496455699979448,0.002597404057685471,0.002056821478367706,0.0558608990670059,1010,-824.6293622141998,-2.2946566126079073,1076,5895,5722,1.075408081348675,733,-582.615523465704,-2.189119657223053,770,3737,3641,24.65999984741211,-0.14717471401246487,7.508900165557861,0.006976068989030703,16.482137193548386,0.000540582579317765
2021-03-08,1530.300048828125,-0.00761644861873392,0.002597404057685471,0.00761644861873392,-0.008156155928920916,0.11332798950666763,2315,480.3706377858002,-2.1117803298658777,2400,13723,13427,0.8994273443092341,1763,447.384476534296,-2.1668275730517896,1816,9779,9583,25.46999931335449,0.0323187704838435,7.507740020751953,-0.00015451456435291284,16.50885983870968,0.0005397073101869967
2021-03-09,1549.199951171875,0.0122748106177721,-0.00761644861873392,0.0122748106177721,0.011735394434449395,-0.3674008810572687,1429,-405.6293622141998,-2.779158347819023,1503,8399,8173,1.0255944326309685,960,-355.615523465704,-2.392179128392854,986,5173,5081,24.030000686645508,-0.05819818370948532,7.755760192871094,0.032501326823865806,16.517767387096775,0.0005394161833227044
2021-03-10,1564.9000244140625,0.010083302647849833,0.0122748106177721,0.010083302647849833,0.009544177277483917,0.4927867004790083,1319,-515.6293622141998,-1.46729816617897,1348,7098,6978,1.2711275626423697,1040,-275.615523465704,-1.326129635952272,1065,5268,5208,22.559999465942383,-0.06312467536579736,7.606659889221191,-0.01941165320644048,16.52667493548387,0.000539125370365916
2021-03-11,1556.5,-0.005382228888500127,0.010083302647849833,0.005382228888500127,-0.005921063759309712,0.3001932367149757,1299,-535.6293622141998,-1.8604987970897133,1348,7245,7113,1.306132741577567,1030,-285.615523465704,-1.9902696427246425,1063,4957,4871,21.90999984741211,-0.029235256314019607,7.489699840545654,-0.015495442745237469,16.535582483870968,0.0005388348708095849
2021-03-12,1557.4000244140625,0.0005780689373896923,-0.005382228888500127,0.0005780689373896923,3.9524253242362826e-05,0.8832419120116424,1652,-182.62936221419977,-0.9634908935862776,1717,8933,8740,1.198501030541502,1109,-206.61552346570397,-1.092233232815995,1151,5337,5271,20.690000534057617,-0.057292629073265676,7.475100040435791,-0.0019512195095262124,16.544490032258064,0.0005385446841473295
2021-03-15,1555.5,-0.0012207424813608576,0.0005780689373896923,0.0012207424813608576,-0.001758418477838244,0.5704485488126649,3418,1583.3706377858002,-1.387298355439304,3707,18950,18538,1.2192839357774534,2423,1107.384476534296,-1.5870307738246028,2596,11647,11461,20.030000686645508,-0.03241933361122549,7.556000232696533,0.01076447791243577,16.571212677419354,0.0005376759964773865
2021-03-16,1570.4000244140625,0.009533342170956841,-0.0012207424813608576,0.009533342170956841,0.008995955114607494,0.8362646091001928,1606,-228.62936221419977,-1.4974198841479265,1680,8813,8673,1.8034356053646894,1047,-268.615523465704,-1.1652191089634711,1091,5443,5350,19.790000915527344,-0.012054378081987694,7.530720233917236,-0.003351294603168156,16.58012022580645,0.0005373870563493469
2021-03-17,1562.0999755859375,-0.005299325300686688,0.009533342170956841,0.005299325300686688,-0.005836423727286794,0.7680101465614431,1304,-530.6293622141998,-1.647618523543518,1353,7096,6983,1.625788457412573,906,-409.615523465704,-1.7739396484054,935,4661,4566,19.229999542236328,-0.028705270080567794,7.4882001876831055,-0.0056622125481954515,16.58902777419355,0.0005370984266001055
2021-03-18,1550.9000244140625,-0.0071956309006872485,-0.005299325300686688,0.0071956309006872485,-0.007732441007416516,0.2699835630294602,1377,-457.6293622141998,-2.244493857380254,1510,7909,7737,0.8029619181946402,1053,-262.615523465704,-2.093130382273224,1127,5672,5584,21.57999992370605,0.11529542049856295,7.49429988861084,0.0008142434485135931,16.597935322580646,0.000536810106729267
2021-03-19,1529.0,-0.014221496378212366,-0.0071956309006872485,0.014221496378212366,-0.014758018474451021,0.1292758089368259,1607,-227.62936221419977,-2.3924135997745424,1682,9086,8945,0.827394021280189,1179,-136.61552346570397,-1.9676965993283069,1242,5921,5831,20.950000762939453,-0.029628273509284025,7.320219993591309,-0.023502335441752672,16.606842870967743,0.000536522096238655
2021-03-22,1379.300048828125,-0.10303776744693267,-0.014221496378212366,0.10303776744693267,-0.10357342736300751,-0.32609552406868736,3576,1741.3706377858002,-2.835313283983383,3778,21314,20883,0.6853010106928374,2406,1090.384476534296,-2.8934321594913865,2482,13654,13523,18.8799991607666,-0.10403556651887166,8.095390319824219,0.10065442207270256,16.633565516129032,0.0005356599160748312
2021-03-23,1377.4000244140625,-0.0013784776467878877,-0.10303776744693267,0.0013784776467878877,-0.0019138507849256541,-0.1127142287764049,1257,-577.6293622141998,-2.887842611095792,1327,7527,7412,0.8727447216890597,862,-453.615523465704,-2.4350860519789954,900,4689,4647,20.299999237060547,0.07251773219808452,7.825399875640869,-0.033919965924761805,16.64247306451613,0.0005353731381377664
2021-03-24,1413.9000244140625,0.02615417902963061,-0.0013784776467878877,0.02615417902963061,0.025619092362527927,0.9509950248756222,1537,-297.6293622141998,-1.8606858413963776,1591,8442,8249,1.4313298395021294,1172,-143.61552346570397,-1.8803451650070708,1241,6106,6012,21.200000762939453,0.04338036920115944,7.939599990844727,0.014488057564310455,16.651380612903225,0.0005350866671026818
2021-03-25,1394.4000244140625,-0.013887628150510685,0.02615417902963061,0.013887628150510685,-0.014422428652988295,0.9820408578107532,1685,-149.62936221419977,-1.9858900021519592,1933,9839,9680,1.4559096251795745,1339,23.384476534296027,-2.1252744386188027,1642,7657,7569,19.809999465942383,-0.06781438391420826,7.911399841308594,-0.003558157792825776,16.66028816129032,0.0005348005024776095
2021-03-26,1382.199951171875,-0.008787835383550203,-0.013887628150510685,0.008787835383550203,-0.009322350027320783,0.5408194057567316,1548,-286.6293622141998,-2.8593788513439407,1621,8616,8420,1.1039621318373074,1066,-249.61552346570397,-2.265855339311964,1120,5704,5612,18.86000061035156,-0.04914352418393228,7.947999954223633,0.0046155817197433,16.669195709677417,0.0005345146437705808
2021-03-29,1392.5999755859375,0.007496088646253325,-0.008787835383550203,0.007496088646253325,0.006962429747990634,0.9082366668954628,2573,738.3706377858002,-1.6139206179114363,2672,14569,14272,1.3325719371106497,1853,537.384476534296,-1.355649540075076,1932,10113,9802,20.739999771118164,0.09502088219807715,8.118200302124023,0.021188173008785387,16.69591835483871,0.000533658898262691
2021-03-30,1395.800048828125,0.0022952765880645547,0.007496088646253325,0.0022952765880645547,0.0017619023297277931,1.3173859622177853,1181,-653.6293622141998,-1.1772912216125688,1258,6511,6280,1.5866554054054052,886,-429.615523465704,-0.9879567609876235,920,4736,4640,19.61000061035156,-0.05602452043285265,8.243490219116211,0.015315332583032209,16.704825903225807,0.0005333742583367616
2021-03-31,1391.699951171875,-0.0029417762246597805,0.0022952765880645547,0.0029417762246597805,-0.003474866146548108,0.7614057971014494,1160,-674.6293622141998,-1.6611459558943973,1261,6900,6824,1.474605609114812,854,-461.615523465704,-1.4315953707195297,884,4564,4538,19.399999618530277,-0.0107666249268658,8.324700355529785,0.00980321736707101,16.713733451612903,0.0005330899218883274
2021-04-01,1426.5999755859375,0.024767987389907636,-0.0029417762246597805,0.024767987389907636,0.024235181501475564,0.6343071519795657,1174,-660.6293622141998,-1.3128352989149732,1232,6264,6129,1.356829035339064,813,-502.615523465704,-1.0542759682450011,836,4188,4140,17.329999923706055,-0.1128339470808001,8.241889953613281,-0.009997360964754424,16.722641,0.0005328058884320726
2021-04-05,1442.0999755859375,0.010806393908026086,0.024767987389907636,0.010806393908026086,0.010510511375947112,0.5412781065088758,3529,1694.3706377858002,-1.9445005623769382,3692,21125,20704,0.8448920863309354,2305,989.384476534296,-2.1084396045449796,2392,12510,12327,17.90999984741211,0.03292010822782251,8.184000015258789,0.009456865574226148,16.742453266666665,0.00029588253207897287
2021-04-06,1420.5999755859375,-0.015021067260534168,0.010806393908026086,0.015021067260534168,-0.01531686227203577,1.1076726342710994,1442,-392.6293622141998,-2.032430334526394,1499,8602,8504,1.2944891836412449,1134,-181.61552346570397,-1.853258346927428,1174,6333,6256,18.1200008392334,0.011657139377224394,8.11340045928955,-0.00866395812064626,16.747406333333334,0.00029579501150160133
2021-04-07,1417.9000244140625,-0.0019023794159914345,-0.015021067260534168,0.0019023794159914345,-0.0021980869586761603,0.47258471323610013,1509,-325.6293622141998,-2.532897079786459,1594,9119,8974,1.174523883858882,1124,-191.61552346570397,-2.1779279156820768,1211,6406,6376,17.15999984741211,-0.05443526176239321,8.14490032196045,0.0038749316437385723,16.7523594,0.0002957075426847258
2021-04-08,1416.5999755859375,-0.0009173038767226298,-0.0019023794159914345,0.0009173038767226298,-0.001212924002305706,0.32440424610052,1415,-419.6293622141998,-2.063820588653932,1514,9232,8915,1.32865139058947,1028,-287.615523465704,-1.9643242462544568,1064,5717,5602,16.950000762939453,-0.01231320633011249,8.14387035369873,-0.0001264635967440318,16.757312466666665,0.0002956201255830762
2021-04-09,1393.199951171875,-0.01665639264087233,-0.0009173038767226298,0.01665639264087233,-0.01695192540102327,0.8360510422754722,1719,-115.62936221419977,-2.006482502364201,1836,10266,10065,0.9946944515469188,1419,103.38447653429603,-1.897071124891372,1495,7822,7696,16.690000534057617,-0.015458109165233273,8.12952995300293,-0.00176243491065351,16.762265533333334,0.00029553276015093844
2021-04-12,1375.9000244140625,-0.012495144266544665,-0.01665639264087233,0.012495144266544665,-0.012790415239956455,1.4866225268130246,4800,2965.3706377858,-1.246337197886769,5093,25827,25169,1.7464380366797414,3696,2380.384476534296,-1.1181616902044609,3890,18866,18569,16.90999984741211,0.013095384214556818,8.170999526977539,0.005088136982682501,16.777124733333334,0.0002952709734117908
2021-04-13,1378.4000244140625,0.001815343747766626,-0.012495144266544665,0.001815343747766626,0.0015201599335678431,1.283589240988784,1619,-215.62936221419977,-1.691090262907185,1698,9183,8949,1.06979902979903,1359,43.38447653429603,-1.735055447407435,1410,7215,7089,16.649999618530273,-0.015494960371601146,8.154500007629395,-0.0020213194617276016,16.7820778,0.00029518381419878296
2021-04-14,1409.199951171875,0.022098708891941835,0.001815343747766626,0.022098708891941835,0.021803612185514895,0.6818078629656381,1704,-130.62936221419977,-1.7907559642032322,1833,9691,9448,1.2477585701728682,1266,-49.61552346570397,-2.015106880740242,1352,6826,6632,16.989999771118164,0.020214728696920783,8.107099533081055,-0.005829759695659621,16.787030866666665,0.00029509670642693795
2021-04-15,1407.800048828125,-0.00099389595952343,0.022098708891941835,0.00099389595952343,-0.0012889056095737495,0.6160401194395527,2414,579.3706377858002,-1.877348583622538,2603,13061,12663,1.0038046564452012,1705,389.384476534296,-1.895011230529406,1887,8805,8606,16.56999969482422,-0.025031109191174968,8.080300331115723,-0.003311121820013192,16.791983933333334,0.00029500965005031956
2021-04-16,1408.0999755859375,0.00021302372694070084,-0.00099389595952343,0.00021302372694070084,-8.189891808251274e-05,0.7259341199606684,1502,-332.6293622141998,-2.0362684813219523,1527,8136,7942,1.1292649337235323,1165,-150.61552346570397,-2.1825013235622017,1202,5809,5695,16.25,-0.0195009042453573,8.028800010681152,-0.006393963014447213,16.796937,0.0002949226450232136
2021-04-19,1377.199951171875,-0.02218884357523232,0.00021302372694070084,0.02218884357523232,-0.022483505512819475,0.5304546112639353,2403,568.3706377858002,-1.6614184651116426,2465,13814,13546,1.4043612334801765,1790,474.384476534296,-1.447783767235386,1831,9080,8979,17.290000915527344,0.06203544387071455,8.076199531555176,0.0058863283555215095,16.8117962,0.00029466193758715433
2021-04-20,1365.300048828125,-0.008678196555366531,-0.02218884357523232,0.008678196555366531,-0.00897277169287237,0.6451043585021489,1185,-649.6293622141998,-1.5214329576934136,1273,6516,6433,0.9809397590361446,795,-520.615523465704,-1.4064389818514538,817,4150,4102,18.68000030517578,0.07732509649126852,8.090399742126465,0.0017567348559650708,16.816749266666665,0.0002945751375058382
2021-04-21,1330.5,-0.025819409036621426,-0.008678196555366531,0.025819409036621426,-0.02611389742516933,0.6627761194029851,1199,-635.6293622141998,-1.3419595892812235,1290,6700,6527,1.2112802768166095,842,-473.615523465704,-1.240568241277925,924,4335,4313,17.5,-0.06525256820826132,8.10342025756836,0.001608084843229433,16.821702333333334,0.00029448838854790444
2021-04-22,1345.199951171875,0.010987853150328814,-0.025819409036621426,0.010987853150328814,0.010693451459661175,0.7643957345971566,1600,-234.62936221419977,-1.8151175131771884,1669,8440,8280,1.391210554466037,1099,-216.61552346570397,-1.3207159499923289,1167,5609,5589,18.709999084472656,0.06685721042401424,8.190099716186523,0.01063984657437189,16.8266554,0.00029440169066763866
2021-04-26,1374.0,0.02118352921422198,0.010987853150328814,0.02118352921422198,0.020889473805195256,-0.13250347467752546,7984,6149.3706377858,-3.1886457004128834,8468,41011,40387,0.35599691633530794,5024,3708.384476534296,-2.9255842860683616,5392,24646,24243,17.639999389648438,0.017729916653121687,8.406160354614258,0.012502130650436401,16.846467666666666,0.0002940554090267247
2021-04-27,1392.0,0.013015368112070227,0.02118352921422198,0.013015368112070227,0.01272139914620827,0.0025882104373547,1712,-122.62936221419977,-3.335037888912036,1772,9466,9205,0.5240528030173148,1128,-187.61552346570397,-2.8138064051487794,1195,5833,5671,17.559999465942383,-0.004545458184549777,8.290300369262695,-0.013878611397652788,16.851420733333335,0.00029396896586195663
2021-04-28,1385.9000244140625,-0.004391796203573582,0.013015368112070227,0.004391796203573582,-0.004685678777078369,0.3382666482071164,1244,-590.6293622141998,-2.2441036957784943,1329,7223,7100,0.499748005039899,927,-388.615523465704,-2.309239391483919,969,4762,4695,17.280000686645508,-0.016073754681327553,8.205940246582031,-0.010227888893144814,16.8563738,0.0002938825735047871
2021-04-29,1401.5,0.01119332591405151,-0.004391796203573582,0.01119332591405151,0.010899529682140011,0.6334070796460177,1339,-495.6293622141998,-1.8579039944141515,1420,7232,7072,0.7019744714798565,983,-332.615523465704,-1.856754460739359,1025,5014,4965,17.610000610351562,0.018917154055148863,8.184889793395996,-0.0025685660467603165,16.861326866666666,0.0002937962319114994
2021-04-30,1397.800048828125,-0.0026434846296893976,0.01119332591405151,0.0026434846296893976,-0.0029371945707264424,0.2585923064001344,998,-836.6293622141998,-1.9107040549441487,1038,5953,5828,0.9646483180428134,600,-715.615523465704,-2.2180262224588727,620,3270,3192,18.61000061035156,0.055232146283638574,8.184880256652832,-1.1651651960075359e-06,16.866279933333335,0.0002937099410370449
2021-05-03,1421.199951171875,0.01660194381474836,-0.0026434846296893976,0.01660194381474836,0.015976052322942826,-0.42540634255580434,2437,602.3706377858002,-2.7818698537203264,2560,13843,13454,0.3757779349363509,1613,297.384476534296,-2.5865691630582632,1697,8484,8291,18.309999465942383,-0.016251773932244876,8.274550437927246,0.010896010937000863,16.892371967741937,0.0006258914918055347
2021-05-04,1416.300048828125,-0.0034536790937169286,0.01660194381474836,0.0034536790937169286,-0.004079179090383433,1.210920730559217,919,-915.6293622141998,-1.6373651426585707,956,5311,5171,1.3861301840153808,707,-608.615523465704,-1.762535171987464,728,3641,3575,19.479999542236328,0.06194094519634577,8.258999824523926,-0.0018810984624596312,16.902941451612904,0.0006254999966665045
2021-05-05,1420.0,0.0026089998991213237,-0.0034536790937169286,0.0026089998991213237,0.0019838909081391627,0.9562111407181828,1476,-358.6293622141998,-1.6082426069616926,1539,7881,7780,1.3583699279817325,1102,-213.61552346570397,-1.6240717523755013,1179,5693,5618,19.149999618530277,-0.017085579008662154,8.319299697875977,0.007274586780246966,16.91351093548387,0.0006251089909821611
2021-05-06,1427.699951171875,0.005407851999317734,0.0026089998991213237,0.005407851999317734,0.004783133525483123,0.7242474413004214,1300,-534.6293622141998,-1.6675448526655534,1338,6644,6420,1.7798165137614683,1031,-284.615523465704,-1.4601751980555877,1062,4796,4643,18.38999938964844,-0.04049569027965366,8.329000473022461,0.0011653773832514043,16.924080419354837,0.0006247184738346101
2021-05-07,1441.300048828125,0.009480794372268389,0.005407851999317734,0.009480794372268389,0.008856465927959327,1.1128549501151188,1027,-807.6293622141998,-1.4303878768684228,1045,5212,5142,1.8674532139951174,796,-519.615523465704,-1.3654191355046779,814,3687,3635,16.690000534057617,-0.09699723575450897,8.276749610900879,-0.006293125489685379,16.934649903225807,0.0006243284443090617
2021-05-10,1460.9000244140625,0.013507182883234567,0.009480794372268389,0.013507182883234567,0.012884021610886334,0.48456794550017934,2710,875.3706377858002,-2.594192722971082,2835,13945,13639,0.9399654406319428,1621,305.384476534296,-2.0664750600145245,1678,8102,7972,19.65999984741211,0.1637763372852811,8.23799991607666,-0.004692746429198809,16.96635835483871,0.0006231612723482326
2021-05-11,1444.9000244140625,-0.011012568953847389,0.013507182883234567,0.011012568953847389,-0.011635342138052968,0.2545894473930691,1265,-569.6293622141998,-2.776421444143004,1337,6406,6323,0.7765086206896553,892,-423.615523465704,-2.9035701882922376,938,4176,4110,21.84000015258789,0.10515705090564602,8.271400451660156,0.00404625006473393,16.976927838709678,0.00062277318420558
2021-05-12,1441.300048828125,-0.0024946139293872474,-0.011012568953847389,0.0024946139293872474,-0.0031169995085312597,0.5761358928324819,1484,-350.6293622141998,-2.6685862576197943,1561,7241,7112,1.3908696644601686,963,-352.615523465704,-2.5747421035182136,1000,4381,4354,27.59000015258789,0.233710235896416,8.28950023651123,0.0021858463375265757,16.987497322580644,0.0006223855791440124
2021-05-17,1454.300048828125,0.008979200791773197,-0.0024946139293872474,0.008979200791773197,0.008358746023193468,0.5757393098426313,4695,2860.3706377858,-2.6836209301528307,5049,24719,24040,1.4437860255869537,2958,1642.384476534296,-2.1296675730925108,3125,14226,13957,19.71999931335449,0.04724469943401588,8.445099830627441,-0.00640921764637895,17.040344741935485,0.0006204547685797282
2021-05-18,1459.5999755859375,0.003637690077083604,0.008979200791773197,0.003637690077083604,0.003017620033931484,0.3324682984370392,1381,-453.6293622141998,-2.4085393536667974,1393,6782,6559,0.4677317017901655,976,-339.615523465704,-2.1997881678329674,991,4413,4367,21.34000015258789,0.07894993866919349,8.302020072937012,-0.017087503988706912,17.05091422580645,0.0006200700431521202
2021-05-20,1449.800048828125,-0.00673675928975798,0.003637690077083604,0.00673675928975798,-0.007356061311622805,0.4070080457177233,2519,684.3706377858002,-2.681720621015486,2613,13299,13173,1.0541242799362665,1677,361.384476534296,-2.4485970675452235,1752,8159,8065,20.670000076293945,-0.07050761829654915,8.410599708557129,0.006615894119325705,17.07205319354839,0.0006193020218648251
2021-05-21,1451.800048828125,0.0013785499375662804,-0.00673675928975798,0.0013785499375662804,0.000759631213331086,0.1744957331264545,1005,-829.6293622141998,-2.637193155567937,1091,5156,5034,1.2110524579346753,654,-661.615523465704,-2.605073477845901,704,3031,3022,20.149999618530277,-0.02547910792353214,8.36931037902832,-0.004921291311552838,17.082622677419355,0.0006189187242351945
2021-05-24,1452.199951171875,0.00027541483903440644,0.0013785499375662804,0.00027541483903440644,-0.00034235683379752396,0.5015803732691151,2327,492.3706377858002,-1.936676016418686,2434,13288,12934,0.9231895850284784,1611,295.384476534296,-1.6196321378001135,1684,8603,8491,18.399999618530277,-0.09085362557830234,8.416299819946289,0.005598791239277116,17.11433112903226,0.0006177716728319304
2021-05-25,1400.199951171875,-0.03646456565174568,0.00027541483903440644,0.03646456565174568,-0.037081955918347474,0.5750487329434696,1277,-557.6293622141998,-1.9271870066446253,1329,6669,6426,1.2954945624028995,807,-508.615523465704,-1.8207912859879245,839,3862,3723,18.84000015258789,0.023631633364472257,8.377969741821289,-0.004564669459241094,17.124900612903225,0.0006173902666017895
2021-05-26,1427.0999755859375,0.019029347328034775,-0.03646456565174568,0.019029347328034775,0.018412337997000466,0.2523259820813232,1104,-730.6293622141998,-1.7197556117845,1146,5804,5716,1.0926922100989602,822,-493.615523465704,-1.4113437256255057,846,3941,3868,17.360000610351562,-0.0818135328566583,8.452300071716309,0.008832991271046229,17.135470096774192,0.0006170093310343107
2021-05-27,1415.0,-0.008514864921542882,0.019029347328034775,0.008514864921542882,-0.009131493786801705,0.3339402985074628,1211,-623.6293622141998,-1.689383090253023,1281,6700,6595,1.196832688588008,786,-529.615523465704,-1.6569995343941524,842,4136,4116,16.739999771118164,-0.03636769300212449,8.451199531555176,-0.00013021447493331967,17.146039580645162,0.0006166288652588226
2021-05-28,1422.0999755859375,0.005005104133699533,-0.008514864921542882,0.005005104133699533,0.004388855265293329,0.6904444054101532,1027,-807.6293622141998,-1.5026257796138769,1051,5693,5594,0.6988267770876465,822,-493.615523465704,-1.8038595962395663,896,4347,4287,16.760000228881836,0.0011940573217919478,8.48235034942627,0.003679187557156991,17.15660906451613,0.0006162488684062045
2021-06-01,1432.0,0.008063146226348322,-0.0011257129167948363,0.008063146226348322,0.007448412673415386,0.3762942358213567,1223,-611.6293622141998,-1.7076320123578141,1241,6471,6369,0.6706550802139036,917,-398.615523465704,-1.3423305951512634,934,4488,4442,17.899999618530273,0.06580558282518024,8.487799644470215,-0.010034537035135127,17.198887,0.0006147335529329365
2021-06-02,1430.699951171875,-0.0009082676771387174,0.008063146226348322,0.0009082676771387174,-0.0015096315611207618,0.6919708029197079,1174,-660.6293622141998,-1.9146997426204364,1241,6439,6236,1.571633446767137,870,-445.615523465704,-1.5310158745064413,923,4114,4089,17.479999542236328,-0.02374334749601523,8.601699829101562,0.01333004180486608,17.2092329,0.0006013638839820445
2021-06-03,1428.0999755859375,-0.0018189284800501984,-0.0009082676771387174,0.0018189284800501984,-0.002419930942845895,1.0591283863368672,1121,-713.6293622141998,-1.516873284565206,1177,5943,5849,1.8188876276958004,926,-389.615523465704,-1.6860095160003583,981,4405,4350,18.040000915527344,0.0315342213447932,8.580490112304688,-0.002468803760400328,17.2195788,0.0006010024627956966
2021-06-04,1432.9000244140625,0.0033555073973728015,-0.0018189284800501984,0.0033555073973728015,0.002754865921594405,0.6669533906781356,894,-940.6293622141998,-0.9697199558313389,947,4999,4930,1.6463176574977814,656,-659.615523465704,-0.7205756202838353,683,3381,3344,16.420000076293945,-0.09409145671364344,8.70680046081543,0.014613347969798194,17.229924699999998,0.0006006414757783966
2021-06-07,1447.0999755859375,0.00986115711214532,0.0033555073973728015,0.00986115711214532,0.009261596000212232,0.0916414645132231,2760,925.3706377858002,-2.100766381963696,2858,15541,15172,0.7276456537542837,1754,438.384476534296,-1.9908815343453048,1893,9629,9473,16.420000076293945,0.0,8.67300033569336,-0.0038895920765847206,17.2609624,0.0005995611119330872
2021-06-08,1447.5999755859375,0.0003454589514676595,0.00986115711214532,0.0003454589514676595,-0.00025374290232482553,0.5437935581088716,999,-835.6293622141998,-2.0251722561189287,1020,5309,5153,1.3768475452196387,799,-516.615523465704,-1.9441775976712232,813,3870,3836,17.06999969482422,0.03882241025776176,8.597149848937988,-0.008784054992004015,17.2713083,0.000599201853792485
2021-06-09,1449.199951171875,0.0011046505033753375,0.0003454589514676595,0.0011046505033753375,0.0005058074774450636,0.7371209651124883,1101,-733.6293622141998,-1.430723246227766,1150,6134,6046,1.5926080892608083,792,-523.615523465704,-1.267990674020706,825,4302,4259,17.889999389648438,0.04691934447526731,8.599699974060059,0.00029658049782490186,17.2816542,0.0005988430259302739
2021-06-10,1456.699951171875,0.005161923607453272,0.0011046505033753375,0.005161923607453272,0.0045634389798788295,1.0287171736255434,1017,-817.6293622141998,-1.520773096006237,1042,5293,5234,1.4377460231868426,744,-571.615523465704,-1.3020426873903257,762,3709,3636,16.100000381469727,-0.10542256771952595,8.582300186157227,-0.002025351378009655,17.2920001,0.0005984846275744424
2021-06-11,1460.9000244140625,0.002879130914910653,0.005161923607453272,0.002879130914910653,0.00228100425695701,1.3563601465712796,983,-851.6293622141998,-0.815179292117265,1017,5731,5652,1.5350830078125006,783,-532.615523465704,-1.0919913669711494,810,4096,4047,15.649999618530272,-0.02834840307308947,8.425200462341309,-0.01847469483062466,17.302346,0.0005981266579536429
2021-06-14,1454.300048828125,-0.00452798209146155,0.002879130914910653,0.00452798209146155,-0.005125037405284771,0.9155699272433308,3681,1846.3706377858002,-1.4574681368791127,3943,18555,18219,1.6039010904622952,2790,1474.384476534296,-1.522039103617906,2949,13022,12806,16.389999389648438,0.046200462905372656,8.378479957580566,-0.005560760974302672,17.3333837,0.0005970553138232211
2021-06-15,1442.5999755859375,-0.008077694612747021,-0.00452798209146155,0.008077694612747021,-0.008674393664220445,1.166173913043478,1652,-182.62936221419977,-0.8369484304978274,1724,8050,7884,1.5501309128992844,1250,-65.61552346570397,-1.2616315910729774,1294,5729,5628,17.020000457763672,0.0377177945243885,8.45576000213623,0.00918135747321115,17.3437296,0.0005966990514734242
2021-06-16,1431.300048828125,-0.007863867841219443,-0.008077694612747021,0.007863867841219443,-0.008460211055252185,1.2456421261142294,1188,-646.6293622141998,-0.6835088514394475,1209,6058,5933,2.001008858267716,859,-456.615523465704,-0.4876652737767299,867,4064,4034,18.149999618530277,0.06428138965238342,8.555899620056152,0.011773192836111094,17.3540755,0.0005963432140327427
2021-06-17,1414.199951171875,-0.012019190661588724,-0.007863867841219443,0.012019190661588724,-0.012615178462330305,1.13125,1545,-289.6293622141998,-0.8432413573266677,1605,8336,8153,1.5910655737704915,1212,-103.61552346570397,-0.8731430841781767,1252,6100,5959,17.75,-0.02228502377181922,8.619999885559082,0.0074640123593047005,17.3644214,0.000595987800741581
2021-06-18,1391.0999755859375,-0.01646918212777084,-0.012019190661588724,0.01646918212777084,-0.01706481493861296,1.2633397068196308,1439,-395.6293622141998,-1.1532067656194027,1504,7845,7650,1.7269726922432571,1249,-66.61552346570397,-0.9694302109749808,1312,5969,5824,20.700000762939453,0.15374822120687637,8.71345043182373,0.010782787038698765,17.374767300000002,0.0005956328108421163
2021-06-21,1398.5,0.005305450126674728,-0.01646918212777084,0.005305450126674728,0.004710879752733327,0.8703344615914177,3008,1173.3706377858002,-1.035220990575837,3126,17431,17078,1.7253043412239537,2290,974.384476534296,-0.6706621952693627,2354,12112,11973,17.889999389648438,-0.14589187372458626,8.754280090332031,0.004674875515816721,17.405805,0.0005945703739414001
2021-06-22,1409.9000244140625,0.008118563545466894,0.005305450126674728,0.008118563545466894,0.007524346475401364,1.4479454086930712,1245,-589.6293622141998,-0.8946078713231387,1264,6741,6649,1.952408111533587,930,-385.615523465704,-0.830986608949376,944,4734,4690,16.65999984741211,-0.07123123582395531,8.779199600219727,0.0028425078314543773,17.4161509,0.0005942170700655309
2021-06-23,1402.4000244140625,-0.00533372517168423,0.008118563545466894,0.00533372517168423,-0.005927589357502861,1.0238032691185053,1247,-587.6293622141998,-1.3338915770597817,1297,6852,6615,1.404352374973845,955,-360.615523465704,-1.5321903043427687,997,4779,4573,16.31999969482422,-0.020619296743295247,8.63895034790039,-0.016104153861133043,17.426496800000002,0.0005938641858186307
2021-06-24,1410.800048828125,0.005971881956338105,-0.00533372517168423,0.005971881956338105,0.005378370235884808,1.002482888202926,1348,-486.6293622141998,-1.40242915450405,1400,7451,7237,1.4397354694485849,1027,-288.615523465704,-1.392146847903443,1061,5368,5251,15.970000267028809,-0.021679351888891696,8.634499549865723,-0.0005153340137042453,17.4368427,0.0005935117204532975
2021-06-25,1391.9000244140625,-0.013487216198682412,0.005971881956338105,0.013487216198682412,-0.014080375871907426,1.2926466025442136,1084,-750.6293622141998,-1.269556431552351,1116,6446,6239,2.083275261324041,852,-463.615523465704,-1.328095371448342,893,4592,4478,15.619999885559082,-0.022159841862596074,8.69729995727539,0.0072468738431050485,17.4471886,0.0005931596732250125
2021-06-28,1373.300048828125,-0.013453099681894285,-0.013487216198682412,0.013453099681894285,-0.014045205714825502,0.15853577646961275,2044,209.37063778580023,-1.750022866553226,2125,12061,11848,0.6025637803192156,1535,219.38447653429603,-1.9138926055701693,1614,7957,7799,15.760000228881836,0.008922961867715495,8.747309684753418,0.00573356073935207,17.478226300000003,0.0005921060329312163
2021-06-29,1371.699951171875,-0.0011658272039937311,-0.013453099681894285,0.0011658272039937311,-0.0017575828548236027,0.4905716993051169,1082,-752.6293622141998,-1.686630825243523,1121,6332,6140,1.2007104795737122,732,-583.615523465704,-1.4859855640495283,765,3941,3868,16.020000457763672,0.016362871262031953,8.683099746704102,-0.007367609895047982,17.4885722,0.0005917556508298717
2021-06-30,1356.300048828125,-0.011290370917919335,-0.0011658272039937311,0.011290370917919335,-0.011881776601084262,1.4542333743842366,1091,-743.6293622141998,-0.9836410897597261,1133,6496,6371,1.729233922623624,718,-597.615523465704,-1.0593060743357796,740,3903,3773,15.829999923706056,-0.011931101141382797,8.72599983215332,0.004928476868245674,17.4989181,0.0005914056831649275
2021-07-01,1372.800048828125,0.012092045332324705,-0.011290370917919335,0.012092045332324705,0.011500989203123752,-0.1160091743119267,1038,-796.6293622141998,-2.155477856323184,1089,6540,6345,1.2215354427274958,737,-578.615523465704,-2.2505362951143675,770,4077,4002,15.479999542236328,-0.02235803048305722,8.704700469970703,-0.0024438918017632163,17.509264,0.0005910561292009539
2021-07-02,1376.699951171875,0.0028368102994138313,0.012092045332324705,0.0028368102994138313,0.0024757265877330997,0.7691468073494637,923,-911.6293622141998,-2.2998608734386026,958,5497,5389,1.2903466826060974,618,-697.615523465704,-2.4190519515295743,650,3346,3292,15.06999969482422,-0.02684284620242955,8.664609909057617,-0.004616260661121094,17.515587451612905,0.00036108371168073154
2021-07-06,1382.5999755859375,-0.007206719124081084,0.011483190375780751,0.007206719124081084,-0.007567282062140434,0.3988507877664504,947,-887.6293622141998,-1.5479865251886848,1018,5395,5276,1.1180857675574891,646,-669.615523465704,-1.325581226474357,670,3218,3182,16.440000534057617,0.08701142972543527,8.65999984741211,-0.003274128602473679,17.540881258064516,0.0003605629380593502
2021-07-07,1390.5999755859375,0.005769524255338132,-0.007206719124081084,0.005769524255338132,0.005409091276054277,0.5424411909853596,1135,-699.6293622141998,-1.0705371665772732,1184,6079,5980,1.527433849226161,775,-540.615523465704,-0.9398182941656652,818,4006,3959,16.200000762939453,-0.01470613277992456,8.680299758911133,0.0023413575582305023,17.54720470967742,0.0003604329792838553
2021-07-08,1373.0,-0.012737164340450845,0.005769524255338132,0.012737164340450845,-0.013097467454608498,0.9751332149200712,1104,-730.6293622141998,-1.4279552855280708,1168,6193,6076,1.3934291581108829,857,-458.615523465704,-1.4731361518952677,893,4383,4264,19.0,0.15942768983307518,8.678500175476074,-0.00020733961429444391,17.553528161290323,0.0003603031141576535
2021-07-09,1378.300048828125,0.0038527643587620056,-0.012737164340450845,0.0038527643587620056,0.003492591016182662,1.0603356528857966,886,-948.6293622141998,-1.238415485757531,910,4886,4735,1.644407396180661,676,-639.615523465704,-1.5801352589584683,682,3299,3270,16.18000030517578,-0.16066304867479828,8.681900024414062,0.00039167864131082206,17.559851612903227,0.0003601733425793435
2021-07-12,1357.0,-0.015574510291863845,0.0038527643587620056,0.015574510291863845,-0.01593429487998581,0.7068179779312819,2012,177.37063778580023,-1.4552844159295855,2067,11147,10956,1.5714247130317356,1460,144.38447653429603,-1.1322440070133175,1504,7405,7252,16.170000076293945,-0.0006182521843864019,8.65429973602295,-0.003184124789936531,17.578821967741938,0.0003597845881219667
2021-07-13,1346.800048828125,-0.007544936293031359,-0.015574510291863845,0.007544936293031359,-0.007904591482757451,1.2002185633105054,1210,-624.6293622141998,-1.3864705371631847,1262,6863,6761,1.1521129844536897,908,-407.615523465704,-1.1843864622928446,949,4567,4509,17.1200008392334,0.05708974142698163,8.632100105285645,-0.0025684518633427127,17.585145419354838,0.00035965518972609184
2021-07-14,1367.300048828125,0.015106583484544604,-0.007544936293031359,0.015106583484544604,0.014747057600169951,0.7736571695469411,1135,-699.6293622141998,-1.4805649181339702,1173,6423,6107,1.1170130497825037,796,-519.615523465704,-1.3223603085845084,828,4138,4119,16.329999923706055,-0.04724351742387486,8.619199752807617,-0.0014955806216028172,17.59146887096774,0.00035952588437465226
2021-07-16,1363.300048828125,-0.002929761018172893,0.015106583484544604,0.002929761018172893,-0.0032890285705756937,-0.15361356932153392,2157,322.3706377858002,-2.052005232938086,2254,12204,12015,0.8749230994580348,1383,67.38447653429603,-1.908642922504876,1422,6827,6740,18.450000762939453,0.0812629919747747,8.560689926147461,-0.002725065144622741,17.60411577419355,0.0003592675524028009
2021-07-19,1351.5999755859375,-0.008619209231157535,-0.002929761018172893,0.008619209231157535,-0.008978089980930408,0.1693803062762833,2338,503.3706377858002,-1.9002753053460275,2492,12603,12258,0.9554024184111302,1517,201.38447653429603,-1.9045750682128848,1718,7691,7555,22.5,0.1984508973721072,8.532099723815918,-0.003345297002982142,17.62308612903226,0.00035888074977287227
2021-07-26,1349.0999755859375,-0.001851372428835993,-0.008619209231157535,0.001851372428835993,-0.0022093538700630475,0.18379586802343514,5928,4093.3706377858,-2.094937848989875,6172,32430,31841,0.7723941468213302,4767,3451.384476534296,-2.235679428089415,5007,24397,24083,17.579999923706055,0.021852459740864652,8.54757022857666,-0.001044220090760556,17.66735029032258,0.00035798144122705446
2021-07-27,1359.5999755859375,0.007752835516946777,-0.001851372428835993,0.007752835516946777,0.007394982180574157,0.9016014234875448,1085,-749.6293622141998,-1.4278904700630055,1134,6182,6026,1.6310844892812109,875,-440.615523465704,-1.7193303999504808,926,4758,4677,19.36000061035156,0.09644722545763793,8.554499626159668,0.0008103578129508192,17.673673741935485,0.0003578533363726195
2021-07-28,1360.800048828125,0.0008822770984146725,0.007752835516946777,0.0008822770984146725,0.0005245517752437178,0.8048400328137822,1066,-768.6293622141998,-1.844974020535172,1107,6095,6011,0.9250310302027307,843,-472.615523465704,-1.8996589206213688,883,4834,4666,18.309999465942383,-0.055761783855972864,8.556099891662598,0.000187049612835491,17.679997193548388,0.0003577253231709547
2021-07-29,1391.5999755859375,0.0223813487703301,0.0008822770984146725,0.0223813487703301,0.02202375136880678,0.5689717925386717,1194,-640.6293622141998,-2.319136329743798,1287,6594,6486,0.21871688115064336,963,-352.615523465704,-2.228813827300647,1066,5284,5144,17.700000762939453,-0.03388264683517473,8.551259994506836,-0.0005658263247039856,17.686320645161288,0.00035759740152332086
2021-07-30,1392.9000244140625,0.0009337754875837254,0.0223813487703301,0.0009337754875837254,0.0005763059162514151,-0.0843058924240262,1115,-719.6293622141998,-2.456766173836725,1209,7009,6817,0.6473068813494348,906,-409.615523465704,-2.5795511973163725,980,5217,5089,18.239999771118164,0.030052289414132554,8.45226001739502,-0.011644776581144446,17.692644096774192,0.0003574695713323103
2021-08-02,1399.699951171875,0.004869970820400964,0.0009337754875837254,0.004869970820400964,0.004465966927041625,-0.8632285680778704,2650,815.3706377858002,-3.5862067761992527,2836,17054,16404,-0.400091946977243,2242,926.384476534296,-3.7539631640654254,2406,13051,12715,19.459999084472656,0.06474405761339283,8.43667984008789,-0.0018450159522488967,17.7124454516129,0.0004040038933593389
2021-08-03,1408.800048828125,0.006480419799476845,0.004869970820400964,0.006480419799476845,0.006076579059350716,-0.6484676503972754,1066,-768.6293622141998,-2.9557487116706125,1097,6167,6097,-0.276556603773585,781,-534.615523465704,-2.9195357845504497,815,4240,4178,18.040000915527344,-0.07576946432690278,8.349800109863281,-0.010351247698594421,17.719599903225806,0.00040384074012612915
2021-08-04,1413.800048828125,0.0035428364322820875,0.006480419799476845,0.0035428364322820875,0.003139158713667079,-0.4418885774351787,924,-910.6293622141998,-2.458409210795712,983,5708,5539,-0.7878748370273794,664,-651.615523465704,-2.3875227764600413,708,3835,3711,17.969999313354492,-0.0038879027995192016,8.401200294494629,0.006136988205197283,17.726754354838707,0.00040367771861500845
2021-08-05,1431.800048828125,0.01265127879104851,0.0035428364322820875,0.01265127879104851,0.012247763962380944,-0.2051141724853744,923,-911.6293622141998,-2.910829854879278,951,5299,5195,0.2204413793103447,724,-591.615523465704,-3.0091377838680837,741,3625,3585,17.280000686645508,-0.03915385947247127,8.475500106811523,0.00880507333589876,17.733908806451613,0.00040351482866756523
2021-08-06,1434.800048828125,0.0020930726247383423,0.01265127879104851,0.0020930726247383423,0.00168972055461473,-0.2808017334777898,878,-956.6293622141998,-2.808353569105616,921,4615,4525,-0.1823867069486404,613,-702.615523465704,-3.0769474907173118,656,3310,3290,16.149999618530273,-0.06762977706408986,8.52560043334961,0.00589379157503943,17.741063258064514,0.00040335207012361226
2021-08-09,1432.5999755859375,-0.0015345425508731516,0.0020930726247383423,0.0015345425508731516,-0.0019374071322017282,0.12183824294785044,1658,-176.62936221419977,-2.327948318279306,1726,9607,9355,0.6643255950631795,1301,-14.615523465703973,-2.511234075466559,1378,6806,6713,16.719999313354492,0.03468554054099084,8.627900123596191,0.011927699859555926,17.762526612903226,0.0004028645813285766
2021-08-10,1437.5,0.0034145355329407577,-0.0015345425508731516,0.0034145355329407577,0.0030118331861269582,0.298067287043665,710,-1124.6293622141998,-1.836522017094069,732,4191,4116,0.7934887459807075,491,-824.615523465704,-1.775090249837316,506,2488,2446,16.790000915527344,0.004177959028340658,8.6489896774292,0.0024413612115142163,17.769681064516128,0.00040270234681379964
2021-08-11,1410.9000244140625,-0.018677677748500796,0.0034145355329407577,0.018677677748500796,-0.019080217991412136,-0.0696015424164523,812,-1022.6293622141998,-2.4417726515441083,877,4668,4524,0.5431070678796361,521,-794.615523465704,-2.287867785709786,543,2858,2810,16.170000076293945,-0.03762584731032467,8.598799705505371,-0.0058198894333970535,17.776835516129033,0.00040254024291134035
2021-08-12,1444.5,0.0235354249832851,-0.018677677748500796,0.0235354249832851,0.023133046713822533,-0.2565742574257425,901,-933.6293622141998,-3.0892515474139346,928,5050,4984,0.0856010149064383,635,-680.615523465704,-2.8460281338399835,648,3153,3115,15.59000015258789,-0.03652798545002149,8.625439643859863,0.003093310427974874,17.783989967741935,0.00040237826946256424
2021-08-13,1447.5999755859375,0.0021437549180979313,0.0235354249832851,0.0021437549180979313,0.001741538491787097,0.193180873180873,881,-953.6293622141998,-2.6841656563711616,946,4810,4713,-0.0522971360381861,661,-654.615523465704,-2.7377207939081645,714,3352,3281,15.449999809265137,-0.00902070185877843,8.561189651489258,-0.007476776344654215,17.791144419354836,0.00040221642631083424
2021-08-16,1455.300048828125,0.005305102646822883,0.0021437549180979313,0.005305102646822883,0.004903370969756662,-0.24541742680913908,1962,127.37063778580023,-2.621538846827443,2083,11511,11243,0.3193330738289867,1435,119.38447653429603,-2.7780912663075967,1517,7707,7568,16.1200008392334,0.04245179814165022,8.512200355529785,-0.005738688143881005,17.81260777419355,0.0004017316770662213
2021-08-17,1461.699951171875,0.0043880100190105496,0.005305102646822883,0.0043880100190105496,0.0039864396654784645,0.6325024154589373,903,-931.6293622141998,-1.748956113161421,955,5175,5130,1.132922077922078,557,-758.615523465704,-1.559727137097758,593,3080,3035,17.90999984741211,0.10529841841281065,8.454700469970703,-0.006777914986318835,17.81976222580645,0.00040157035353208503
2021-08-18,1449.5999755859375,-0.008312469043437267,0.0043880100190105496,0.008312469043437267,-0.008713878202949296,1.458492688413948,965,-869.6293622141998,-1.249903832066316,1012,5334,5221,1.7316548582995948,742,-573.615523465704,-1.3796286353800593,777,3952,3878,21.56999969482422,0.18594423869998947,8.42667007446289,-0.0033208703279608183,17.826916677419355,0.0004014091595120293
2021-08-19,1439.9000244140625,-0.00671395577717209,-0.008312469043437267,0.00671395577717209,-0.007115203872021285,1.2840102974828378,1293,-541.6293622141998,-1.089909937759224,1354,6992,6798,1.8358453473132368,918,-397.615523465704,-1.128995938173468,953,4578,4480,21.670000076293945,0.004625372816078682,8.453519821166992,0.003181216504518613,17.834071129032257,0.0004012480948491942
2021-08-20,1444.5999755859375,0.003258766046910948,-0.00671395577717209,0.003258766046910948,0.002857678887522231,1.1195608473790009,1193,-641.6293622141998,-2.0438233888900106,1246,6467,6315,1.9590279354985243,852,-463.615523465704,-1.723372142525656,879,4403,4339,18.559999465942383,-0.154920120485587,8.530799865722656,0.009100226479820117,17.841225580645162,0.0004010871593887172
2021-08-23,1459.300048828125,0.010124452417140098,0.003258766046910948,0.010124452417140098,0.009723847290474614,0.6981765539333455,2903,1068.3706377858002,-1.8205757106729548,3037,16233,15841,1.4089542483660131,2124,808.384476534296,-1.773961709292006,2228,10710,10529,17.149999618530273,-0.07901054721458206,8.490799903869629,-0.0046999149345592055,17.86268893548387,0.0004006051266654833
2021-08-24,1465.9000244140625,0.004512502816979616,0.010124452417140098,0.004512502816979616,0.00411205811051891,0.9970770770770768,975,-859.6293622141998,-1.7757342961562403,1030,4995,4907,1.6397943755669795,695,-620.615523465704,-1.600312546707205,720,3307,3261,17.219999313354492,0.004073307755883778,8.42650032043457,-0.00760167310549889,17.869843387096772,0.00040044470646070603
2021-08-25,1453.300048828125,-0.008632538720414244,0.004512502816979616,0.008632538720414244,-0.009032823135097994,1.5865190839694654,1215,-619.6293622141998,-1.6210866600588176,1301,6550,6462,1.814837872892348,764,-551.615523465704,-1.2527692802021486,815,3855,3798,16.790000915527344,-0.025287933507119265,8.411800384521484,-0.001746012249707243,17.876997838709677,0.0004002844146837503
2021-08-26,1448.5,-0.0033083280208234082,-0.008632538720414244,0.0033083280208234082,-0.003708452272003161,1.2408634361233477,1048,-786.6293622141998,-1.820181775191438,1114,5675,5632,2.035384615384616,604,-711.615523465704,-1.3871844476526427,619,3185,3146,18.84000015258789,0.11519875162978147,8.373379707336426,-0.004577936498136534,17.88415229032258,0.00040012425117975274
2021-08-27,1458.199951171875,0.006674226677719895,-0.0033083280208234082,0.006674226677719895,0.006274262461924492,1.5484182898190362,1350,-484.6293622141998,-1.405214241856864,1405,7239,7094,1.9687912087912087,1000,-315.615523465704,-1.2659441787796155,1062,5005,4905,16.389999389648438,-0.13931092173088985,8.376409530639648,0.0003617745027379926,17.891306741935484,0.00039996421579540357
2021-08-31,1472.0999755859375,0.009487171292328652,0.006674226677719895,0.009487171292328652,0.009087845939947244,1.5875290973359772,4129,2294.3706377858,-1.3144529127507818,4355,23198,22645,1.8346037077708155,2971,1655.384476534296,-1.288278616284911,3167,15481,15218,16.479999542236328,0.01775369602797844,8.367300033569336,0.0022338080947300622,17.919924548387097,0.0003993253523814078
2021-09-01,1474.0999755859375,0.0013576813117662065,0.009487171292328652,0.0013576813117662065,0.0009585153564730003,0.9319633774160732,933,-901.6293622141998,-1.308624071113836,976,4915,4853,1.8230668414154654,659,-656.615523465704,-1.3101461103697474,685,3052,3028,16.110000610351562,-0.02270726162901823,8.304499626159668,-0.0075337642875439245,17.927079,0.00039916595529320624
2021-09-02,1479.0999755859375,0.003386160680078564,0.0013576813117662065,0.003386160680078564,0.002588572311864922,0.8752129323831044,1059,-775.6293622141998,-1.4551126411541482,1148,5753,5681,1.606366047745358,801,-514.615523465704,-1.3669334211719155,843,3770,3724,16.40999984741211,0.018450660728144403,8.283780097961426,-0.002498093752673261,17.941383133333332,0.0007975883682136419
2021-09-03,1468.699951171875,-0.007056155657295053,0.003386160680078564,0.007056155657295053,-0.007853108385249141,1.0655340883855209,833,-1001.6293622141998,-1.5090726499911935,863,4503,4388,1.6311869126348766,583,-732.615523465704,-1.302828120589092,618,2873,2801,16.40999984741211,0.0,8.279580116271973,-0.0005071412714746623,17.955687266666665,0.000796952727954087
2021-09-07,1454.699951171875,-0.013654885932700509,0.004076923632343059,0.013654885932700509,-0.014449306198927604,1.1664373088685016,1231,-603.6293622141998,-1.1383894238476628,1339,6540,6390,1.3194650483254666,926,-389.615523465704,-1.1826119327138134,971,4449,4365,18.13999938964844,0.10022851523673723,8.276780128479004,-0.004324398680302024,18.0129038,0.0007944202662270947
2021-09-08,1433.9000244140625,-0.01440163846631722,-0.013654885932700509,0.01440163846631722,-0.01519542812991538,0.5191092219552764,1034,-800.6293622141998,-1.434333810485403,1066,5411,5316,1.3149813806932111,710,-605.615523465704,-1.0946380915516802,724,3491,3439,17.959999084472656,-0.009972399142124519,8.344799995422363,0.008184570436852934,18.027207933333333,0.0007937896635981591
2021-09-09,1452.699951171875,0.01302583851952732,-0.01440163846631722,0.01302583851952732,0.01223267845822051,0.8021988006541885,979,-855.6293622141998,-1.5756867722513204,1016,5503,5410,1.2892463235294116,673,-642.615523465704,-1.4726485955414603,694,3264,3244,18.799999237060547,0.045709817355874635,8.472200393676758,0.01515167183286507,18.041512066666666,0.0007931600613068099
2021-09-10,1438.699951171875,-0.009683966162928891,0.01302583851952732,0.009683966162928891,-0.010476497619903843,0.8485984848484848,867,-967.6293622141998,-1.298357511327336,917,5280,5127,2.139624252775405,645,-670.615523465704,-1.0434407230346123,683,3513,3448,20.950000762939453,0.10828185353128676,8.440400123596191,-0.0037605461707586295,18.0558162,0.0007925314569749513
2021-09-13,1438.300048828125,-0.0002779995455860431,-0.009683966162928891,0.0002779995455860431,-0.0010686511536504293,0.22236411773867001,2218,383.3706377858002,-1.002455212779335,2289,12842,12424,0.9721253534401507,1663,347.384476534296,-1.1868300561014664,1727,8488,8331,19.3700008392334,-0.07841316203994701,8.46660041809082,0.003099345197656997,18.0987286,0.0007906516080643861
2021-09-14,1434.4000244140625,-0.002715234247017691,-0.0002779995455860431,0.002715234247017691,-0.0035052612189534773,0.5138430784607697,1112,-722.6293622141998,-1.1544832516685637,1160,6003,5853,1.6100789473684207,773,-542.615523465704,-0.8857061167066782,796,3800,3742,19.459999084472656,0.004635508965875068,8.422100067138672,-0.0052698493856429525,18.113032733333334,0.0007900269719357863
2021-09-15,1424.0,-0.007276847339402418,-0.002715234247017691,0.007276847339402418,-0.008066250661389638,0.692051683633516,926,-908.6293622141998,-1.2798026417817023,940,5108,5010,1.7014312383322967,622,-693.615523465704,-0.9161572839859384,659,3214,3163,18.18000030517578,-0.06803892417555253,8.430669784545898,0.001017010048946232,18.127336866666667,0.0007894033219872207
2021-09-16,1418.0,-0.00422238487984825,-0.007276847339402418,0.00422238487984825,-0.005011165535733164,0.7262404195240018,808,-1026.6293622141998,-1.3567123247272064,854,4958,4839,0.9967977171845276,571,-744.615523465704,-1.4541444810718918,605,3154,3091,18.690000534057617,0.027666544506303185,8.425800323486328,-0.0005777557417199509,18.141641,0.0007887806558849139
2021-09-17,1419.4000244140625,0.0009868361990791215,-0.00422238487984825,0.0009868361990791215,0.0001986772277767177,0.857734616706772,1075,-759.6293622141998,-1.7148347703312776,1141,5818,5675,1.5772526616463256,787,-528.615523465704,-1.6661204572600348,827,3851,3788,20.809999465942383,0.10744496470005153,8.529009819030762,0.012174806976187879,18.155945133333333,0.0007881589713024038
2021-09-20,1391.9000244140625,-0.01956452651769912,0.0009868361990791215,0.01956452651769912,-0.020350826301220065,1.069013088079236,2543,708.3706377858002,-1.1556229888261507,2619,14135,13810,1.2628399111205166,1860,544.384476534296,-1.0391485184741314,1904,9451,9215,25.709999084472656,0.2114463709259874,8.635199546813965,0.012373547812398874,18.198857533333335,0.0007862997835209456
2021-09-21,1385.5999755859375,-0.004536496585131013,-0.01956452651769912,0.004536496585131013,-0.005322178587032049,0.9745475113122172,1088,-746.6293622141998,-1.0557822873699256,1133,6188,6078,1.3799152753550958,756,-559.615523465704,-0.7898107297026272,800,4013,3949,24.36000061035156,-0.0539375177708427,8.668299674987793,0.003825835239849744,18.213161666666668,0.000785682001901036
2021-09-22,1407.5,0.015681839825523666,-0.004536496585131013,0.015681839825523666,0.014896774635244692,0.8937061994609165,1412,-422.6293622141998,-1.0662227986134405,1483,7420,7234,1.522043969102792,1010,-305.615523465704,-1.013032423459146,1057,5049,4955,20.8700008392334,-0.1546297065956409,8.620400428771973,-0.005541118590347486,18.2274658,0.0007850651902789738
2021-09-23,1401.5,-0.004271989409002436,0.015681839825523666,0.004271989409002436,-0.0050564387553743905,0.8180823056671748,1267,-567.6293622141998,-1.3378860809911994,1305,7217,6960,1.7980156075808251,899,-416.615523465704,-1.2333936461441166,919,4485,4364,18.6299991607666,-0.11353962173545984,8.656299591064453,0.004155795252336733,18.241769933333334,0.0007844493463719538
2021-09-24,1384.699951171875,-0.012059617206777319,-0.004271989409002436,0.012059617206777319,-0.012843451674681802,0.657868348698043,1101,-733.6293622141998,-1.5136689963714638,1136,6183,5920,1.5127592543974795,734,-581.615523465704,-1.9373995789654375,753,3809,3664,17.75,-0.04838762364465317,8.756429672241211,0.01150091790359804,18.256074066666667,0.0007838344679044838
2021-09-27,1391.699951171875,0.005042511942503971,-0.012059617206777319,0.005042511942503971,0.0042605163400144756,0.8077414168164192,4249,2414.3706377858,-1.7061015022537818,4402,21146,20519,1.1603792777737414,2939,1623.384476534296,-1.720172547738385,3040,13763,13557,18.76000022888184,0.055341439857178217,8.858619689941406,0.011602711070844821,18.298986466666666,0.0007819956024894956
2021-09-28,1383.800048828125,-0.005692612990323308,0.005042511942503971,0.005692612990323308,-0.006473997553489779,0.5237142062830136,1422,-412.6293622141998,-1.6364179133143608,1459,7194,6994,1.6570629660314833,1012,-303.615523465704,-1.3453404725308444,1040,4828,4783,23.25,0.21457817625476233,8.814200401306152,-0.005026858412287077,18.313290600000002,0.0007813845631664706
2021-09-29,1391.9000244140625,0.005836364423206414,-0.005692612990323308,0.005836364423206414,0.005055589945195615,1.878421312284164,1988,153.37063778580023,-1.2698041737324357,2097,10135,9913,1.953481423746428,1616,300.384476534296,-1.366364970842859,1738,7698,7552,22.559999465942383,-0.03012672907627412,8.866900444030762,0.005961189775110409,18.327594733333335,0.000780774478010799
2021-09-30,1406.4000244140625,0.010363527516719108,0.005836364423206414,0.010363527516719108,0.009583362171929125,1.1335647875720842,1712,-122.62936221419977,-1.3141677117407786,1796,8497,8304,1.4635557016102532,1289,-26.615523465703973,-1.3000123377064727,1378,6086,5980,23.13999938964844,0.02538429243196716,8.916139602661133,0.005537780304811776,18.341898866666668,0.0007801653447899825
2021-10-01,1401.5,-0.003490173685328862,0.010363527516719108,0.003490173685328862,-0.004269730846606588,1.2664949928469238,1297,-537.6293622141998,-1.5372350294363286,1388,6990,6851,0.9789596109113982,999,-316.615523465704,-1.6777715407260478,1031,4729,4680,21.100000381469727,-0.09228963682790375,8.885000228881836,-0.0034985855778219134,18.356203,0.000779557161277726
2021-10-04,1394.4000244140625,-0.005078858890381338,-0.003490173685328862,0.005078858890381338,-0.0062084894954559065,0.8939493949394941,2488,653.3706377858002,-1.4338644292120974,2671,14544,14035,1.2173445986722995,1600,284.384476534296,-1.384086008297818,1655,8285,8142,22.959999084472656,0.08448047301532594,8.85260009765625,-0.0036532751516089356,18.41858635483871,0.001129630605074569
2021-10-05,1391.699951171875,-0.001938246373892146,-0.005078858890381338,0.001938246373892146,-0.0030666023533837744,0.7371174914998111,988,-846.6293622141998,-1.586690530393361,1008,5294,5188,1.6124316109422494,674,-641.615523465704,-1.237397473364997,686,3290,3257,21.299999237060547,-0.0750464946798554,8.847100257873535,-0.0006214613636672355,18.439380806451613,0.0011283559794916284
2021-10-06,1371.699951171875,-0.014475175453004814,-0.001938246373892146,0.014475175453004814,-0.01560225968013458,1.0552740599107713,1068,-766.6293622141998,-1.3050644873037194,1099,6276,5982,1.3747016147905455,785,-530.615523465704,-1.5188134912350524,807,4273,4089,21.0,-0.014184599173202148,8.861960411071777,0.0016782546475940855,18.460175258064517,0.0011270842271297677
2021-10-07,1396.9000244140625,0.01820470232325609,-0.014475175453004814,0.01820470232325609,0.017078886984970974,0.3544158785133875,1296,-538.6293622141998,-1.7181040418390472,1348,7507,7336,1.0871176217147789,809,-506.615523465704,-1.3426877281552663,867,4642,4538,19.540000915527344,-0.07205874425477805,8.866040229797363,0.0004602683495177718,18.48096970967742,0.0011258153382851183
2021-10-08,1398.0,0.0007871305829346078,0.01820470232325609,0.0007871305829346078,-0.0003374187203626023,0.5531781818181818,1198,-636.6293622141998,-1.348276571238518,1236,6875,6722,0.7574350234341714,855,-460.615523465704,-1.5002441856708244,881,4694,4393,18.770000457763672,-0.04020381848217929,8.87090015411377,0.0005480003126621778,18.501764161290325,0.0011245493032972101
2021-10-11,1416.300048828125,0.013005227902429603,0.0007871305829346078,0.013005227902429603,0.011884459676910947,0.09721979719293528,2497,662.3706377858002,-1.7132720451065349,2605,14891,14515,0.8268381945214593,1731,415.384476534296,-1.2946621806977834,1779,9017,8858,20.0,0.0634723985675252,8.955010414123535,0.009436924289944812,18.564147516129033,0.0011207682255186553
2021-10-12,1416.800048828125,0.00035297023610616547,0.013005227902429603,0.00035297023610616547,-0.0007665432741110485,0.2959242618741975,1068,-766.6293622141998,-1.7437570149618995,1167,6232,6046,0.5996009577015166,772,-543.615523465704,-1.6829858045729709,819,3759,3605,19.850000381469727,-0.007528247203173337,8.99487018585205,0.004441237034933229,18.584941967741937,0.001119513510217214
2021-10-13,1413.5,-0.002331943798646289,0.00035297023610616547,0.002331943798646289,-0.0034502053997623365,0.8895392278953922,1171,-663.6293622141998,-1.4959286755329495,1261,6424,6300,0.7021554689291448,806,-509.615523465704,-1.0410852124663192,847,4361,4322,18.63999938964844,-0.06289424983755545,9.037989616394045,0.004782326618805876,18.60573641935484,0.0011182616011160475
2021-10-14,1411.800048828125,-0.0012033775865499163,-0.002331943798646289,0.0012033775865499163,-0.0023203900753616742,0.9226533166458074,1199,-635.6293622141998,-0.8029466071227989,1295,7191,6920,1.5649462365591396,922,-393.615523465704,-0.5486137509955364,975,5115,5013,16.860000610351562,-0.10036578773839322,9.146920204162598,0.011980470814120903,18.62653087096774,0.001117012488811758
2021-10-15,1409.5999755859375,-0.0015595616850315104,-0.0012033775865499163,0.0015595616850315104,-0.002675327848974306,0.6835978072706289,1253,-581.6293622141998,-1.3129815860559524,1311,6932,6713,1.371368560689808,863,-452.615523465704,-1.268368444427684,898,4523,4412,16.299999237060547,-0.033778927768254884,9.190099716186523,0.004709553899294565,18.647325322580645,0.0011157661639427958
2021-10-18,1417.699951171875,0.005729846819732293,-0.0015595616850315104,0.005729846819732293,0.004617802998779265,1.2287518831846098,3244,1409.3706377858002,-1.1251497061745748,3399,17258,16747,1.801281949199777,2503,1187.384476534296,-1.0585701143653103,2622,12559,12287,16.309999465942383,0.0006133228821253111,9.236949920654297,0.005084949174218545,18.709708677419357,0.0011120438209530278
2021-10-19,1429.9000244140625,0.008568723130970714,0.005729846819732293,0.008568723130970714,0.0074579145779324835,0.979140422378659,1454,-380.6293622141998,-1.3114865438369572,1510,8097,7853,1.5309817030260384,1237,-78.61552346570397,-1.3799007495318767,1261,5684,5593,15.699999809265137,-0.03811768368319456,9.339099884033203,0.010998139444563642,18.73050312903226,0.0011108085530382305
2021-10-20,1432.800048828125,0.0020260770125493186,0.008568723130970714,0.0020260770125493186,0.0009165009861780921,0.898444028238006,1151,-683.6293622141998,-0.6478913432927651,1211,6941,6394,1.7998931623931624,867,-448.615523465704,-0.7905410514280682,899,4680,4356,15.489999771118164,-0.013466060552870796,9.305399894714355,-0.003615009940612672,18.75129758064516,0.0011095760263712265
2021-10-21,1455.4000244140625,0.015650187862483084,0.0020260770125493186,0.015650187862483084,0.014541841630645504,0.2769415258108725,1628,-206.62936221419977,-1.6529296355025533,1671,8756,8540,0.7321905449296282,1057,-258.615523465704,-1.7170544086375974,1090,5542,5350,15.010000228881836,-0.031477978758680386,9.214960098266602,-0.009766604469459279,18.772092032258065,0.00110834623183758
2021-10-22,1479.9000244140625,0.016693740717106206,0.015650187862483084,0.016693740717106206,0.015586621556743717,0.8690288713910761,1129,-705.6293622141998,-1.6428750798277194,1160,6477,6138,1.276393668272539,849,-466.615523465704,-1.7417407187753584,882,4359,4278,15.43000030517578,0.027597025259155847,9.531149864196776,0.03373710667361189,18.79288648387097,0.0011071191603624893
2021-10-25,1492.9000244140625,0.008746019008087318,0.016693740717106206,0.008746019008087318,0.007642564813940941,0.09216461063993832,3660,1825.3706377858002,-1.4638844852072785,3856,20752,20200,0.9722992254382389,2962,1646.384476534296,-1.5520246824829582,3129,14718,14511,15.239999771118164,-0.012390150913142705,9.674400329589844,0.014917887856164292,18.855269838709678,0.0011034541941463772
2021-10-26,1509.199951171875,0.010859123323514944,0.008746019008087318,0.010859123323514944,0.009756885398552764,0.9235205616850554,1444,-390.6293622141998,-1.1834962870349484,1509,7976,7762,1.201065980518287,1022,-293.615523465704,-1.4305948475394663,1066,5441,5320,15.979999542236328,0.04741437645208414,9.586700439453123,-0.009106488487149579,18.87606429032258,0.0011022379249621811
2021-10-27,1519.300048828125,0.006670057851780151,0.010859123323514944,0.006670057851780151,0.005569033517718201,1.245812637172231,1607,-227.62936221419977,-1.214795989335434,1664,8657,8427,0.8768781158672857,1192,-123.61552346570397,-1.5198940847920803,1228,5817,5690,16.979999542236328,0.060698242232118525,9.529069900512695,-0.006029651174923826,18.896858741935485,0.00110102433406195
2021-10-28,1522.0,0.0017755248333438322,0.006670057851780151,0.0017755248333438322,0.0006757114207342448,0.9925080520935442,1309,-525.6293622141998,-1.1406299976560748,1336,7141,7011,0.9928938845494382,1075,-240.61552346570397,-1.1821718674088384,1108,5249,5187,16.530000686645508,-0.026859200551924454,9.50570011138916,-0.0024554854984945697,18.91765319354839,0.0010998134126095874
2021-11-01,1536.300048828125,0.009351700497918941,0.0017755248333438322,0.009351700497918941,0.008256704252024597,0.7376850797266513,5288,3453.3706377858,-1.0543531688344157,5487,28096,27461,1.2820249486498672,4038,2722.384476534296,-1.083960516955131,4214,19961,19579,16.40999984741211,0.009182777607491557,9.582900047302246,0.0060477686790750985,19.000831,0.0010949962458943444
2021-11-02,1533.0999755859375,-0.0020851465277796745,0.009351700497918941,0.0020851465277796745,-0.006600102245600341,0.4821066194234175,1164,-670.6293622141998,-1.625464860725632,1200,6209,6107,1.1872764965016849,825,-490.615523465704,-1.8918885313142095,839,3859,3824,16.030000686645508,-0.02342888634704037,9.539910316467283,-0.004496180471303595,19.08681286666667,0.004514955717820667
2021-11-03,1547.0,0.00902575818129575,-0.0020851465277796745,0.00902575818129575,0.004531095699863465,0.5155950514026834,984,-850.6293622141998,-1.0728799675113654,1021,5739,5602,1.6561836518046706,670,-645.615523465704,-1.228719639182211,697,3768,3648,15.100000381469728,-0.059767240372714976,9.600799560546877,0.006362297936126254,19.172794733333333,0.004494662481432285
2021-11-04,1575.699951171875,0.01838201540672171,0.00902575818129575,0.01838201540672171,0.01390746455483089,0.2261409337296729,893,-941.6293622141998,-1.5009719975881988,962,5719,5579,1.0933672029353656,622,-693.615523465704,-1.9542853697245943,660,3543,3461,15.4399995803833,0.022266748335608214,9.639599800109863,0.004033210686737227,19.2587766,0.004474550851890821
2021-11-05,1583.5999755859375,0.0050011338353763615,0.01838201540672171,0.0050011338353763615,0.0005465154331602967,0.9339417858904786,1019,-815.6293622141998,-1.3144265706810283,1107,6081,5875,1.661903506459267,714,-601.615523465704,-1.2319532015883163,787,3793,3659,16.479999542236328,0.06518597928502101,9.694029808044434,0.005630619065447889,19.34475846666667,0.004454618402216065
2021-11-08,1608.5,0.015601346863916947,0.0050011338353763615,0.015601346863916947,0.011205474361197296,0.5260307524833311,2454,619.3706377858002,-1.374989886160148,2616,14698,14298,1.2743349144153433,1760,444.384476534296,-1.2792121600238928,1889,9698,9438,17.219999313354492,0.043923962420296184,9.687740325927734,-0.0006490101052682365,19.602704066666668,0.004395872502719651
2021-11-09,1615.5999755859375,0.00440432189872416,0.015601346863916947,0.00440432189872416,2.768854904630809e-05,0.80985,1080,-754.6293622141998,-1.2030129489675,1135,6000,5887,1.6618186385330322,805,-510.615523465704,-1.226875674323277,823,3981,3860,17.780000686645508,0.03200280958004064,9.683159828186035,-0.00047292565555850295,19.688685933333335,0.004376633349677852
2021-11-10,1624.0999755859375,0.0052474115703876,0.00440432189872416,0.0052474115703876,0.0008898497016179294,0.2222712741665399,1231,-603.6293622141998,-1.6595218133751943,1395,6569,6401,0.903522504892368,799,-516.615523465704,-1.4999454302175392,936,4088,3963,18.729999542236328,0.052052223311124725,9.72719955444336,0.00453776264094041,19.7746678,0.00435756186876967
2021-11-11,1625.0999755859375,0.0006155361606558571,0.0052474115703876,0.0006155361606558571,-0.003723119716913897,0.6753344590206519,1351,-483.6293622141998,-1.987265376566835,1449,7699,7571,1.385377725856698,976,-339.615523465704,-1.8651097617168384,1046,5136,5061,17.65999984741211,-0.05882430548036191,9.843099594116213,0.01184462166948097,19.860649666666667,0.004338655877569754
2021-11-12,1638.5,0.008211851830020414,0.0006155361606558571,0.008211851830020414,0.003891938598656346,0.3654295673569817,1758,-76.62936221419977,-2.2925974806098983,1812,9754,9431,1.2719487098306157,1224,-91.61552346570397,-2.183009622158411,1267,6317,6232,16.290000915527344,-0.08075070771974943,9.920900344848633,0.007873016883388123,19.946631533333335,0.004319913231364068
2021-11-15,1702.5,0.038316569884798146,0.008211851830020414,0.038316569884798146,0.03405192542043105,0.3309204739483623,3424,1589.3706377858002,-2.0013136326056666,3647,19327,18724,1.165324848305461,2599,1283.384476534296,-1.8429962021987338,2767,13514,13198,16.489999771118164,0.012202643875715364,10.02960968017578,0.010898008232205917,20.204577133333334,0.004264644464367102
2021-11-16,1685.5999755859375,-0.009976190017588607,0.038316569884798146,0.009976190017588607,-0.014222724494873436,0.2800024521824423,1522,-312.6293622141998,-2.413277182132377,1598,8156,7989,0.8610803834808259,1091,-224.61552346570397,-1.942520395256212,1134,5424,5324,16.3700008392334,-0.007303680041878168,10.057499885559082,0.002776927483226888,20.290559000000002,0.004246534477284829
2021-11-17,1707.0,0.012615874788361858,-0.009976190017588607,0.012615874788361858,0.008387297138726803,0.789138877728673,1408,-426.6293622141998,-1.5782531193871194,1497,7467,7358,1.377222969080084,1035,-280.615523465704,-1.3049599111858594,1099,5207,5109,17.110000610351562,0.044212680926723626,10.34220027923584,0.0279140259427773,20.376540866666666,0.004228577649635054
2021-11-18,1736.9000244140625,0.01736448532163925,0.012615874788361858,0.01736448532163925,0.013153713274988103,1.2218033913840516,1726,-108.62936221419977,-1.1029728292348635,1794,8728,8419,1.4158624942192075,1399,83.38447653429603,-1.1433711903696322,1441,6487,6325,17.59000015258789,0.027667443847847712,10.730779647827148,0.03688357515874736,20.462522733333333,0.004210772046651146
2021-11-19,1737.300048828125,0.0002302828895268599,0.01736448532163925,0.0002302828895268599,-0.003962832876489755,0.7846303772796883,1323,-511.6293622141998,-1.5650042014929764,1411,7183,7022,1.8285743547726343,988,-327.615523465704,-1.1620051394828694,1046,4882,4817,17.90999984741211,0.01802864012875469,11.03711986541748,0.02814791049305512,20.5485046,0.0041931157660166155
2021-11-22,1755.5,0.010421504602880449,0.0002302828895268599,0.010421504602880449,0.006280480295175362,0.9535736786839344,2388,553.3706377858002,-1.0402773772787512,2557,14285,13896,1.7685733708847238,1934,618.384476534296,-1.0844725000018967,2068,10297,10034,19.170000076293945,0.06798735348449784,11.10550022125244,0.006176375961485447,20.8064502,0.004141024307705086
2021-11-23,1784.5999755859375,0.016440570177152395,0.010421504602880449,0.016440570177152395,0.012316623258185808,1.080586175593308,1342,-492.6293622141998,-1.696643179573398,1399,7711,7601,1.7957099080694587,1093,-222.61552346570397,-1.3766397520969025,1136,5874,5790,19.3799991607666,0.010895002121107753,11.406100273132324,0.02670782293831777,20.892432066666665,0.004123946918966588
2021-11-24,1812.300048828125,0.015402496969793737,0.016440570177152395,0.015402496969793737,0.011295487165162214,1.0948275862068964,1354,-480.6293622141998,-0.3766879875440028,1424,7888,7678,1.9725844320028891,1011,-304.615523465704,0.2283630681570911,1076,5537,5418,18.57999992370605,-0.04215583387907041,12.818900108337402,0.11677232887291751,20.978413933333332,0.004107009804631522
2021-11-26,1776.4000244140625,-0.02380795899432457,0.0038000334004001613,0.02380795899432457,-0.02788150853648784,0.2935789473684209,1032,-802.6293622141998,-2.062289561988407,1116,6650,6419,1.0509449298922984,848,-467.615523465704,-1.9786213963042811,898,4921,4840,28.6200008392334,0.43202007417217186,11.984299659729004,0.0058832893814001015,21.150377666666664,0.004073549542163267
2021-11-29,1808.800048828125,0.01807481079701282,-0.02380795899432457,0.01807481079701282,0.014050441722439602,0.9677704662845823,2457,622.3706377858002,-1.2096435592103407,2580,14133,13683,1.3906281604674684,1629,313.384476534296,-1.0427063465330502,1696,8899,8702,22.959999084472656,-0.2203522718751432,12.329099655151367,0.028364862394818557,21.408323266666667,0.00402436907457322
2021-11-30,1809.699951171875,0.0004973897262969886,0.01807481079701282,0.0004973897262969886,-0.0035108486958434536,0.5727901326854793,963,-871.6293622141998,-1.646631560132746,1001,5351,5189,1.539614000654236,588,-727.615523465704,-1.300842265440974,613,3057,2986,27.190000534057617,0.16909574670959093,12.699000358581545,0.029560984602761433,21.49430513333333,0.004008238422140442
2021-12-01,1857.4000244140625,0.026016614801303233,0.0004973897262969886,0.026016614801303233,0.02202437823649032,1.20037647902474,979,-855.6293622141998,-0.975255780680064,1029,5578,5493,1.6858119658119657,640,-675.615523465704,-1.098455652324278,677,3510,3467,31.1200008392334,0.13500144799177308,13.50160026550293,0.06128493816080382,21.580287,0.003992236564812912
2021-12-02,1880.0999755859373,0.012147280427104952,0.026016614801303233,0.012147280427104952,0.008571694256547196,0.8990662139219016,982,-852.6293622141998,-1.2736533673580785,1055,5890,5747,1.5124223602484468,772,-543.615523465704,-1.022381649209992,824,4025,3945,27.950000762939453,-0.10743349938015533,13.44320011138916,-0.004334806325853525,21.657587290322578,0.0035755861705577562
2021-12-03,1910.4000244140625,0.01598770306461176,0.012147280427104952,0.01598770306461176,0.012424856173649107,1.0439498240783234,1096,-738.6293622141998,-1.580568325689414,1179,6537,6397,1.4794725738396626,881,-434.615523465704,-1.9997853442795743,929,4740,4660,30.670000076293945,0.09286775371604661,13.717100143432615,0.020169829871151745,21.73488758064516,0.0035628468909626515
2021-12-06,1927.4000244140625,0.00885930010618624,0.01598770306461176,0.00885930010618624,0.005334132155677388,0.8707768438177874,2471,636.3706377858002,-1.0887316784048988,2653,14752,14342,1.3696979199331034,1781,465.384476534296,-1.335558745126728,1889,9567,9320,27.18000030517578,-0.12080356066278455,13.632049560546877,-0.006219634466140169,21.966788451612903,0.0035251679505088535
2021-12-07,1981.0,0.027429810614526547,0.00885930010618624,0.027429810614526547,0.02391702583312493,0.136084722005918,1249,-585.6293622141998,-1.481899556755485,1297,6421,6304,0.7056122448979592,943,-372.615523465704,-1.2275944311808038,965,4312,4209,21.88999938964844,-0.21645153629884614,13.78314971923828,0.011023205571086478,22.044088741935482,0.0035127847814016154
2021-12-08,2004.5999755859373,0.011842759713195119,0.027429810614526547,0.011842759713195119,0.008342271406445032,0.4038768866528558,1321,-513.6293622141998,-1.900268324222516,1377,6758,6633,0.47374806971100814,944,-371.615523465704,-1.9680684841800211,978,4533,4458,19.899999618530277,-0.09531017109099146,13.520500183105469,-0.019239745532619944,22.12138903225806,0.0035004883067500867
2021-12-09,2031.4000244140625,0.013280695111997755,0.011842759713195119,0.013280695111997755,0.009792417492689644,0.4230821684282305,1065,-769.6293622141998,-1.337876859505991,1136,5866,5748,1.24642166344294,792,-523.615523465704,-1.5409079349531516,829,4136,4003,21.57999992370605,0.08104724373347415,13.682700157165527,0.011925206904998426,22.198689322580645,0.0034882776193081106
2021-12-10,2035.5,0.002016266419289462,0.013280695111997755,0.002016266419289462,-0.0014598854051551028,-0.12461882496442368,771,-1063.6293622141998,-1.605187164811657,824,4919,4658,1.0171895006402047,586,-729.615523465704,-1.8249650239255029,615,3124,3104,18.690000534057617,-0.1437783062526054,13.773300170898438,0.00659967522550967,22.275989612903224,0.003476151824444565
2021-12-13,2101.5,0.03190988650213788,0.002016266419289462,0.03190988650213788,0.02846961146845216,0.6715999020967611,1942,107.37063778580023,-1.0363312912310143,2052,12257,11737,1.0618644067796608,1425,109.38447653429603,-0.9883150144228056,1504,7906,7760,20.309999465942383,0.08312469925500683,13.85488986968994,0.005906281653185697,22.507890483870966,0.0034402750336857183
2021-12-14,2157.699951171875,0.026391441470457928,0.03190988650213788,0.026391441470457928,0.022962961362882908,1.5468512898330804,949,-885.6293622141998,-0.6777820781577337,984,5272,5208,1.915265200517464,743,-572.615523465704,-0.7205644343364656,772,3865,3825,21.88999938964844,0.07491653435511594,13.803290367126465,-0.003731233362868846,22.58519077419355,0.0034284801075750186
2021-12-15,2162.300048828125,0.002129675645788137,0.026391441470457928,0.002129675645788137,-0.0012870901368333795,0.9743847027641042,926,-908.6293622141998,-0.8691935298778718,993,5282,5137,1.952942786750616,696,-619.615523465704,-0.6046863382647332,738,3653,3587,19.290000915527344,-0.1264430092732273,14.377799987792969,0.04077835333228099,22.66249106451613,0.0034167657826215166
2021-12-16,2278.60009765625,0.05238876956060203,0.002129675645788137,0.05238876956060203,0.04898363832515152,0.9654920084729444,906,-928.6293622141998,-0.4551749914759908,948,5193,4924,1.3333603020496223,725,-590.615523465704,-0.6230176114949924,758,3708,3569,20.56999969482422,0.06424681445002371,14.81410026550293,0.029894098386475568,22.739791354838708,0.0034051312354505103
2021-12-17,2084.5,-0.08903224380116782,0.05238876956060203,0.08903224380116782,-0.09242581945503209,1.0595942228335626,1004,-830.6293622141998,-0.8436612168822024,1075,5816,5568,1.5737850131673452,800,-515.615523465704,-0.8901069214551058,854,4177,3963,21.56999969482422,0.0474697574240046,15.66075038909912,0.05557815911974404,22.81709164516129,0.0033935756538642577
2021-12-20,2056.39990234375,-0.013572184628440046,-0.08903224380116782,0.013572184628440046,-0.016931559372778952,0.9716103049287221,2622,787.3706377858002,-0.9283337470239005,2771,15643,15118,1.6663067608476285,1889,573.384476534296,-0.5145261245125642,1983,9910,9633,22.8700008392334,0.05852259847760256,16.608980178833008,0.05878591673532831,23.048992516129033,0.0033593747443389052
2021-12-21,1892.0,-0.08332236308058792,-0.013572184628440046,0.08332236308058792,-0.08667049020069614,1.3064628099173552,1073,-761.6293622141998,-1.015440415137976,1122,6050,5959,1.956188340807175,909,-406.615523465704,-0.835117932558643,933,4460,4376,21.01000022888184,-0.0848275189796523,13.475899696350098,-0.20904064133259065,23.126292806451612,0.0033481271201082205
2021-12-22,1804.199951171875,-0.04751721745287331,-0.08332236308058792,0.04751721745287331,-0.050854172014512936,0.836553799849511,1084,-750.6293622141998,-0.6992701686767964,1155,6645,6425,1.385289957567185,788,-527.615523465704,-0.8091822074267088,834,4242,4121,18.6299991607666,-0.12022538618477858,12.270709991455078,-0.09368776132134703,23.203593096774192,0.003336954561639624
2021-12-23,1805.300048828125,0.000609556830759132,-0.04751721745287331,0.000609556830759132,-0.002716299489198107,1.091533763148965,963,-871.6293622141998,-0.9128799510079092,1042,5894,5648,1.6627619867929944,684,-631.615523465704,-1.016482906931517,723,3483,3342,17.959999084472656,-0.03662612766793574,12.032299995422363,-0.01962042103618952,23.280893387096775,0.003325856319957239
2021-12-27,1897.0999755859373,0.003061942377713299,0.046537639121927835,0.003061942377713299,-0.00022024950801755342,1.1449780358871267,2255,420.3706377858002,-0.9738883376022203,2394,13431,12994,1.5142720306513409,1497,181.38447653429603,-0.9133567977695596,1585,8352,8098,17.68000030517578,-0.015712937427571433,10.807069778442385,-0.0545787744546998,23.590094548387096,0.0032821918857308522
2021-12-28,1850.5,-0.02487051866313991,0.003061942377713299,0.02487051866313991,-0.028141972998389313,-0.0630928744760644,698,-1136.6293622141998,-1.635473548207138,743,4533,4375,1.071705001825484,452,-863.615523465704,-1.022198929026573,483,2739,2671,17.540000915527344,-0.007950035329993409,11.521050453186035,0.06397530720090903,23.66739483870968,0.003271454335249405
2021-12-29,1895.5,0.02402678313017878,-0.02487051866313991,0.02402678313017878,0.02076599631956046,-0.5131613467424574,685,-1149.6293622141998,-2.2037751388751103,719,4574,4365,1.282485207100592,429,-886.615523465704,-1.9028749908300657,440,2535,2460,16.950000762939453,-0.03421616030294203,11.803119659423828,0.0241880381641805,23.74469512903226,0.003260786810618322
2021-12-30,1863.699951171875,-0.016918923069333167,0.02402678313017878,0.016918923069333167,-0.020169111698377786,0.539477052477601,1038,-796.6293622141998,-1.5212822173496667,1090,5469,5319,1.3465834818775997,682,-633.615523465704,-1.066333315608504,727,3366,3279,17.329999923706055,0.022171220487458933,12.640299797058104,0.06852623211191701,23.821995419354838,0.003250188629044621
2021-12-31,1857.699951171875,-0.003224595773880215,-0.016918923069333167,0.003224595773880215,-0.006464254890463145,0.9288580629180084,645,-1189.6293622141998,-0.8278842642357079,685,4037,3870,1.9130081300813009,370,-945.615523465704,-0.08895695218915049,383,2091,1995,17.219999313354492,-0.006367640200394624,13.290499687194824,0.05015936419471474,23.89929570967742,0.0032396591165829306
2022-01-03,1926.699951171875,0.036469532430659035,-0.003224595773880215,0.036469532430659035,0.03492200052492762,0.1409366684406599,1563,-271.6293622141998,-1.7544321164315095,1642,9395,9045,1.4920048771990946,1070,-245.61552346570397,-1.1520145688271406,1110,5741,5478,16.600000381469727,-0.03666874078209838,13.356599807739258,0.004961159553922456,24.050977741935483,0.0015475319057314193
2022-01-04,1963.5999755859373,0.018970841206744516,0.036469532430659035,0.018970841206744516,0.017425700456100094,0.3932779860739154,677,-1157.6293622141998,-1.8030616090930052,713,3734,3574,1.2787303058387398,416,-899.615523465704,-1.485492463350455,432,2158,2125,16.90999984741211,0.018502435544357602,13.061699867248535,-0.022326356640778484,24.088168612903225,0.0015451407506444225
2022-01-05,2005.300048828125,0.0210141890819442,0.018970841206744516,0.0210141890819442,0.019471432108441145,0.5144294534644409,779,-1055.6293622141998,-1.6742916648415807,823,4373,4230,0.8266002844950213,547,-768.615523465704,-1.5952742750691074,558,2812,2664,19.729999542236328,0.1542351429461621,13.411499977111816,0.02642827248775118,24.12535948387097,0.0015427569735030559
2022-01-06,2007.5999755859373,0.0011462667874344652,0.0210141890819442,0.0011462667874344652,-0.00039411375277762883,1.2586183465458665,812,-1022.6293622141998,-1.626930706456775,861,4415,4307,1.7635069556777745,611,-704.615523465704,-1.1393108310298914,647,3091,3032,19.61000061035156,-0.006100625500360934,13.687999725341797,0.020406970369535697,24.16255035483871,0.001540380540212094
2022-01-07,2033.300048828125,0.012720146310563164,0.0011462667874344652,0.012720146310563164,0.011182134893676055,0.7128211284513808,708,-1126.6293622141998,-1.1726245399886386,766,4165,4098,1.2248968363136177,436,-879.615523465704,-1.3032213577063056,455,2181,2147,18.76000022888184,-0.04431271555415718,13.782099723815918,0.006851112186039775,24.199741225806452,0.001538011416887109
2022-01-10,2045.199951171875,0.005835447400823764,0.012720146310563164,0.005835447400823764,0.0043044998298511885,0.7970627267097231,1868,33.37063778580023,-1.747313339841885,2012,11303,10952,1.395996568487275,1278,-37.61552346570397,-1.7300704864924494,1367,6994,6826,19.399999618530277,0.03354609062729154,13.749349594116213,-0.0023791079626120115,24.311313838709676,0.001530947570972575
2022-01-11,2046.0,0.000391107180226689,0.005835447400823764,0.000391107180226689,-0.0011375001725759302,0.8901622718052736,790,-1044.6293622141998,-1.1913689776064318,840,4930,4800,1.7207339449541288,484,-831.615523465704,-1.2273798030736145,502,2725,2654,18.40999984741211,-0.052379059449223685,13.809000015258787,0.004329033860502564,24.34850470967742,0.0015286073528026191
2022-01-12,2064.199951171875,0.008856050965515689,0.000391107180226689,0.008856050965515689,0.0073297766872508965,0.6614852809991082,753,-1081.6293622141998,-1.7925843352460122,789,4484,4367,1.0189521800281294,537,-778.615523465704,-1.7784139403642063,565,2844,2759,17.6200008392334,-0.04385931881904721,13.760499954223633,-0.003518388880533151,24.385695580645162,0.0015262742782647927
2022-01-13,2070.699951171875,0.0031439722883993284,0.008856050965515689,0.0031439722883993284,0.0016200239736996846,0.8200037993920972,918,-916.6293622141998,-1.3857056224772044,988,5264,5134,0.95362765229295,531,-784.615523465704,-1.4755510198731456,549,2922,2848,20.309999465942383,0.1420786811593658,13.243399620056152,-0.038302879291879706,24.422886451612904,0.0015239483146996437
2022-01-14,2072.89990234375,0.001061855129046152,0.0031439722883993284,0.001061855129046152,-0.0004597743006006475,1.2978913457314396,1239,-595.6293622141998,-0.1793595651165836,1312,6829,6629,2.0952526799387448,895,-420.615523465704,0.3313492953392124,929,4571,4437,19.190000534057617,-0.056724011447385425,13.5826997756958,0.025297621215123467,24.460077322580645,0.0015216294296467995
2022-01-18,1979.800048828125,-0.05215664394802789,0.006203952202362184,0.05215664394802789,-0.05366906798023922,1.2938818249813016,1267,-567.6293622141998,-1.555350672866973,1325,6685,6483,1.6335526315789477,972,-343.615523465704,-1.6482238330610186,1004,4712,4485,22.790000915527344,0.17193254558031584,13.450599670410156,0.0012959351556025218,24.608840806451614,0.0015124240322113292
2022-01-19,2042.0999755859373,0.030982824017777386,-0.05215664394802789,0.030982824017777386,0.029472683958119,1.4262462773533602,1411,-423.6293622141998,-1.380177060667546,1509,7723,7568,1.846868649547386,1034,-281.615523465704,-0.9940099103109059,1094,5413,5288,23.850000381469727,0.04546234989896832,13.527700424194336,0.005715776266193858,24.646031677419355,0.0015101400596583873
2022-01-20,2014.199951171875,-0.013756608194545272,0.030982824017777386,0.013756608194545272,-0.015264471169488605,1.271701315231226,1306,-528.6293622141998,-0.5440894625308433,1360,7071,6820,1.9533394327538884,881,-434.615523465704,-0.2175352354630543,906,4372,4292,25.59000015258789,0.07041742280560326,13.42360019683838,-0.007725099914084966,24.683222548387096,0.0015078629749433338
2022-01-21,2011.199951171875,-0.001490535414221711,-0.013756608194545272,0.001490535414221711,-0.0029961281611770745,1.5689962476547845,1207,-627.6293622141998,-1.060701129595527,1288,6396,6232,1.7462555066079295,825,-490.615523465704,-0.8838211287952309,872,3859,3795,28.850000381469727,0.11990835004213829,13.354999542236328,-0.005123554281327068,24.720413419354838,0.0015055927469553635
2022-01-24,1910.300048828125,-0.05147121122782323,-0.001490535414221711,0.05147121122782323,-0.0529700341228661,0.19784482758620686,2366,531.3706377858002,-1.8969278047687863,2466,12992,12647,0.9145844155844155,1454,138.38447653429603,-1.8207916803040316,1523,7700,7393,29.899999618530277,0.035748461461826586,13.434650421142578,0.005946409431863182,24.831986032258065,0.0014988228950428718
2022-01-25,1945.0999755859373,0.018053053731019973,-0.05147121122782323,0.018053053731019973,0.0165564739444447,0.0339928640934155,950,-884.6293622141998,-1.95678575821062,1101,6166,5869,1.135675675675676,603,-712.615523465704,-2.2647055073611524,714,3515,3420,31.15999984741211,0.04127674846717597,13.434760093688965,8.163375696550367e-06,24.869176903225807,0.0014965797865752718
2022-01-26,1951.199951171875,0.003131165815971501,0.018053053731019973,0.003131165815971501,0.0016368224339128054,1.0827553889409558,984,-850.6293622141998,-1.3886949580023478,1036,5335,5206,1.5854746930218626,662,-653.615523465704,-1.3349749711935102,707,3339,3319,31.959999084472656,0.0253498761464045,13.476900100708008,0.0031317310902527875,24.906367774193548,0.0014943433820586954
2022-01-27,1997.699951171875,0.0235519514654691,0.003131165815971501,0.0235519514654691,0.022059837813985125,1.36931485953985,1504,-330.6293622141998,-0.8869831068103268,1577,7867,7640,2.0746233148295,980,-335.615523465704,-0.6255313293539573,1033,5044,4796,30.489999771118164,-0.047086338758656796,13.577099800109863,0.007407419082628245,24.94355864516129,0.0014921136514839755
2022-01-28,1983.199951171875,-0.007284817242412521,0.0235519514654691,0.007284817242412521,-0.00877470780743343,1.0252913328477786,977,-857.6293622141998,-1.21710013584979,1055,5492,5293,1.9735883424408018,673,-642.615523465704,-0.9694059265935808,711,3294,3202,27.65999984741211,-0.09741143277332177,13.617600440979004,0.0029785708577898607,24.98074951612903,0.0014898905650209098
2022-01-31,2003.199951171875,0.010034200430614152,-0.007284817242412521,0.010034200430614152,0.00855093955596191,0.6822370438515791,2292,457.3706377858002,-1.1330300123763564,2378,13044,12625,1.5798418442568019,1487,171.38447653429603,-0.978792759613944,1529,7461,7341,24.82999992370605,-0.10793472427263467,13.482049942016602,-0.010003939351424742,25.092322129032258,0.001483260874652242
2022-02-01,2015.4000244140625,0.006071821429340584,0.010034200430614152,0.006071821429340584,0.004590757359478153,1.1677442023893183,1119,-715.6293622141998,-1.0382808524792886,1163,5692,5585,2.0526558891454965,821,-494.615523465704,-0.7687530592569524,851,3897,3822,21.959999084472656,-0.12283002149677473,13.29580020904541,-0.01391095516746027,25.129513,0.0014810640698624305
2022-02-02,2002.199951171875,-0.006571147361910864,0.006071821429340584,0.006571147361910864,-0.00852075580227775,-0.0932713906473351,1790,-44.62936221419977,-2.4123895184105164,1922,9794,9576,1.1205300179944382,1161,-154.61552346570397,-1.9343802884296948,1303,6113,5961,22.09000015258789,0.005902449388932326,13.350179672241213,0.0040816317458464875,25.1785535,0.001949608440366886
2022-02-03,1957.9000244140625,-0.022374068865404693,-0.006571147361910864,0.022374068865404693,-0.02431988372749383,1.7380900184969512,2898,1063.3706377858002,-1.1640381715089738,3072,14597,14278,2.2695436608317308,2137,821.384476534296,-0.8765328471587401,2252,9883,9734,24.350000381469727,0.09740684085512573,13.46560001373291,0.008608442910401103,25.227594,0.001945814862089137
2022-02-04,1943.800048828125,-0.007227637543439283,-0.022374068865404693,0.007227637543439283,-0.009169673561791176,1.8391442451420028,2097,262.3706377858002,-1.197294281354268,2257,10704,10323,2.4167139575733008,1514,198.38447653429603,-0.9952299727482834,1589,7401,7177,23.21999931335449,-0.047517918496258305,13.566200256347656,0.00744313778952909,25.2766345,0.0019420360183518936
2022-02-07,1997.5999755859373,0.027301602554563525,-0.007227637543439283,0.027301602554563525,0.025370815513658353,0.787599787120809,2685,850.3706377858002,-1.5377259074738614,2927,15032,14660,1.9102343059239615,1776,460.384476534296,-1.0439585502315991,1858,9048,8912,22.86000061035156,-0.015625261632240678,13.556659698486328,-0.0007035068035377884,25.423756,0.0019307870409051718
2022-02-08,2007.0999755859373,0.004744434257731584,0.027301602554563525,0.004744434257731584,0.0028173679725902795,1.0294427454977917,1177,-657.6293622141998,-1.5808413094156335,1217,5886,5774,1.2566195223742178,899,-416.615523465704,-1.365285264503745,918,4313,4257,21.440000534057617,-0.06413032395420283,13.570369720458984,0.0010108016567710704,25.4727965,0.0019270662851413043
2022-02-09,2042.9000244140625,0.017679496942699165,0.004744434257731584,0.017679496942699165,0.015756137100608796,0.5608848080133557,1081,-753.6293622141998,-1.144769202394334,1125,5990,5736,0.5991106460894584,742,-573.615523465704,-1.3818697335336183,787,3823,3736,19.959999084472656,-0.07152813609679119,13.577210426330566,0.0005039643297397515,25.521836999999998,0.0019233598420903685
2022-02-10,2038.699951171875,-0.0020580530918217674,0.017679496942699165,0.0020580530918217674,-0.003977720721147986,0.7901871706341996,1028,-806.6293622141998,-1.7515621847341174,1077,5503,5365,0.974759674636431,788,-527.615523465704,-1.816719817808212,824,4057,4005,23.90999984741211,0.18056655007325953,13.539199829101562,-0.0028035143123234002,25.570877499999998,0.0019196676293262186
2022-02-11,2051.10009765625,0.006063956347029243,-0.0020580530918217674,0.006063956347029243,0.004147966781976525,-0.183308088458043,1258,-576.6293622141998,-1.950218336623097,1328,6602,6432,0.7388468116296116,800,-515.615523465704,-1.991703560581199,854,4093,3964,27.36000061035156,0.1347853399740475,13.496100425720217,-0.0031883825581151145,25.619918,0.0019159895650527185
2022-02-14,2001.9000244140625,-0.02427954042638823,0.006063956347029243,0.02427954042638823,-0.026184579880962292,0.9018957345971567,2361,526.3706377858002,-0.923996436441792,2503,13926,13378,1.463906339234723,1708,392.384476534296,-0.9715650396908849,1778,8755,8497,28.32999992370605,0.034839196086860244,13.505419731140137,0.000690280083182345,25.7670395,0.0019050394545740638
2022-02-15,2038.199951171875,0.0179702996649835,-0.02427954042638823,0.0179702996649835,0.01606888248624804,0.9136321483771253,1267,-567.6293622141998,-0.6404428884732495,1318,6470,6293,1.4518728487548085,1008,-307.615523465704,-0.5670954730227602,1044,4939,4893,25.700000762939453,-0.09743028956184699,13.590800285339355,0.006302047793153506,25.81608,0.001901417178735461
2022-02-16,2041.4000244140625,0.0015688174907686724,0.0179702996649835,0.0015688174907686724,-0.0003289911609093575,1.2793349168646082,1367,-467.6293622141998,-1.0199490106741624,1439,7157,6966,1.6261904761904762,1011,-304.615523465704,-0.8994089792590905,1066,4956,4888,24.290000915527344,-0.05642624088191999,13.60319995880127,0.0009119419143877495,25.8651205,0.0018978086516780299
2022-02-17,2010.0,-0.015501136875746715,0.0015688174907686724,0.015501136875746715,-0.01739535067101919,0.912568093385214,1042,-792.6293622141998,-1.0953717868055204,1075,5140,4964,1.5397350993377483,770,-545.615523465704,-1.224883654388491,795,3473,3439,28.11000061035156,0.1460606259257955,13.59570026397705,-0.000551470460412553,25.914161,0.001894213795272474
2022-02-18,2032.4000244140625,0.011082650678885123,-0.015501136875746715,0.011082650678885123,0.009192018146905352,0.5946083995459704,946,-888.6293622141998,-1.1559565803617635,995,5286,5150,1.228541912632822,664,-651.615523465704,-1.4118964456772825,686,3388,3279,27.75,-0.012889566438965801,13.522600173950195,-0.0053912130112789645,25.9632015,0.0018906325319797712
2022-02-22,2017.5,-0.01015886816939533,0.0028006165814924984,0.01015886816939533,-0.012035310048932324,1.2059779367918904,1306,-528.6293622141998,-1.7829762728147067,1444,6708,6626,1.5919767748746374,845,-470.615523465704,-1.6665488787169094,895,3789,3703,28.809999465942383,0.037486690366762734,13.67549991607666,0.004942177196381786,26.159363499999998,0.0018764418795369922
2022-02-23,2016.0,-0.0007437709528446524,-0.01015886816939533,0.0007437709528446524,-0.0026166983918685474,1.121845825553481,1411,-423.6293622141998,-1.5880337244699547,1541,7498,7270,1.0309504132231406,969,-346.615523465704,-1.7569770672091836,1035,4840,4765,31.020000457763672,0.0739096419462359,13.762280464172363,0.006325645606975917,26.208403999999998,0.001872927439023895
2022-02-24,1851.4000244140625,-0.08517322737133709,-0.0007437709528446524,0.08517322737133709,-0.08704265350982943,0.5693772636990303,1694,-140.62936221419977,-2.397275097186484,1799,8559,8308,1.059366754617414,1357,41.38447653429603,-1.9079755891092425,1469,6443,6349,30.31999969482422,-0.022824621796435525,13.820500373840332,0.004221474003691698,26.2574445,0.0018694261384923302
2022-02-25,1952.4000244140625,0.05311727469771186,-0.08517322737133709,0.05311727469771186,0.0512513367933248,0.4419974022225428,1262,-572.6293622141998,-2.055863234600376,1352,6929,6784,0.6882467690807119,814,-501.615523465704,-1.3946719936569043,898,4101,4059,27.59000015258789,-0.09435415694926126,14.053000450134276,0.016682903964962796,26.306485,0.001865937904387056
2022-02-28,1946.199951171875,-0.003180669218701207,0.05311727469771186,0.003180669218701207,-0.005036220091967543,0.9670717890616952,3681,1846.3706377858002,-2.1233236177386674,3914,19418,18975,1.3696080953606034,2326,1010.384476534296,-1.9753042229853288,2506,11661,11413,30.149999618530277,0.08873151676105362,14.02884006500244,-0.0017207127916056635,26.4536065,0.0018555508732663358
2022-03-01,1969.9000244140625,0.012104064116931042,-0.003180669218701207,0.012104064116931042,0.01025194993673331,0.615685524974516,1445,-389.6293622141998,-1.9460642635255123,1525,7848,7560,1.357457908465734,820,-495.615523465704,-1.5707777848331559,863,4217,4162,33.31999969482422,0.09997289761890603,13.791000366210938,-0.017098983311646266,26.502647,0.0018521141801977326
2022-03-02,1986.0999755859373,0.00819011209641777,0.012104064116931042,0.00819011209641777,0.005854662277080428,0.5365182591295647,1371,-463.6293622141998,-2.0424407553359245,1510,7996,7511,1.66857978843124,872,-443.615523465704,-2.058259595513438,957,4443,4376,30.739999771118164,-0.08059307747498817,13.835200309753418,0.0031998595662779484,26.56461493548387,0.0023354498193373426
2022-03-03,2023.300048828125,0.018556961405780878,0.00819011209641777,0.018556961405780878,0.01622695320613991,0.9235796045785638,943,-891.6293622141998,-2.103228631973389,983,4805,4680,1.6731517509727627,673,-642.615523465704,-1.8480894025731622,721,3341,3249,30.479999542236328,-0.008494014864764431,13.982999801635742,0.010626200259791337,26.62658287096774,0.002330008199640968
2022-03-04,1990.800048828125,-0.016193273406777623,0.018556961405780878,0.016193273406777623,-0.018517865285834795,0.772648178357803,1016,-818.6293622141998,-1.83829631034036,1150,5517,5376,1.1871176775531365,696,-619.615523465704,-2.1286944417855924,752,3858,3754,31.979999542236328,0.04803997729179485,14.113499641418455,0.009289468853191322,26.688550806451612,0.0023245918790571717
2022-03-07,1997.300048828125,0.003259700406906933,-0.016193273406777623,0.003259700406906933,0.0009512074470114647,1.8571632081295408,4254,2419.3706377858,-1.741271263141557,4664,21059,20767,2.158601108958514,3134,1818.384476534296,-1.5231525350606796,3358,14969,14771,36.45000076293945,0.13083078629404346,14.239629745483398,0.008897143900569806,26.874454612903225,0.0023084929598954683
2022-03-08,2011.4000244140625,0.007034716230033564,0.003259700406906933,0.007034716230033564,0.004731540138287003,1.8461112478464188,1674,-160.62936221419977,-1.7687086021228642,1748,8126,7945,2.0975108711950816,1495,179.38447653429603,-1.764647751493007,1554,6669,6461,35.130001068115234,-0.03688598270340872,14.378999710083008,0.009739884056702505,26.936422548387096,0.002303176091746561
2022-03-09,2042.699951171875,0.015441429105086802,0.007034716230033564,0.015441429105086802,0.01314354544637864,1.326081081081081,2820,985.3706377858002,-1.3691717754628243,2980,12580,12198,1.9818219333539664,2232,916.384476534296,-1.2317396714975906,2408,9693,9511,32.45000076293945,-0.07935503002105185,14.491299629211426,0.007779655084442344,26.998390483870967,0.0022978836587081615
2022-03-10,2042.0,-0.00034271852870135515,0.015441429105086802,0.00034271852870135515,-0.0026353340214203165,2.1760713258556224,3797,1962.3706377858002,-1.85709548973423,4100,17385,17069,2.197530784186649,3414,2098.384476534296,-1.974930636104211,3704,15430,15239,30.229999542236328,-0.07086567301265848,14.659099578857422,0.011512830535751091,27.060358419354838,0.002292615492718961
2022-03-11,2053.89990234375,0.005810657540250612,-0.00034271852870135515,0.005810657540250612,0.0035232861129950526,1.4332565505326806,2060,225.37063778580023,-1.7513961181625146,2232,10419,10232,1.6598119858989422,1621,305.384476534296,-1.6469103920803283,1730,7659,7566,30.75,0.017055200603855316,14.838000297546388,0.012130203517063044,27.12232635483871,0.0022873714272555593
2022-03-14,2088.5,0.016705727672368522,0.005810657540250612,0.016705727672368522,0.014433945480884914,1.4692663977289708,5468,3633.3706377858,-1.0985495358492383,5858,26772,26208,1.827555440948943,4253,2937.384476534296,-1.0901537893113034,4482,19390,19097,31.770000457763672,0.03263246843757495,14.75,-0.005948395034503383,27.30823016129032,0.0022717821914836085
2022-03-15,2079.39990234375,-0.0043667613570287,0.016705727672368522,0.0043667613570287,-0.006633394250061639,1.8251850872554205,1518,-316.6293622141998,-1.3943068237391367,1600,7564,7390,2.0357811120917924,1113,-202.61552346570397,-1.0984850296534936,1179,5665,5581,29.82999992370605,-0.0630078667210695,14.774860382080078,0.0016840308562759033,27.370198096774192,0.002266632893032939
2022-03-16,2088.800048828125,0.004510418180878511,-0.0043667613570287,0.004510418180878511,0.0022489112959285912,1.554297361567206,1703,-131.62936221419977,-1.0173681203986464,1860,8831,8665,1.9364589955499047,1284,-31.615523465703973,-0.8413897842960388,1381,6292,6222,26.670000076293945,-0.11197525491444403,14.700799942016602,-0.005025203513751681,27.432166032258063,0.00226150688494992
2022-03-17,2133.60009765625,0.021220977877369478,0.004510418180878511,0.021220977877369478,0.018964573867792107,1.796968653117465,1756,-78.62936221419977,-0.6665225398703596,1869,8709,8543,2.3648193161562143,1357,41.38447653429603,-1.0097016481851362,1422,6171,6053,25.670000076293945,-0.03821634319943387,14.557979583740234,-0.009762641841552115,27.494133967741938,0.002256404009577372
2022-03-18,2144.300048828125,0.005002441907861177,0.021220977877369478,0.005002441907861177,0.0027511177971846898,1.3749363356118482,1350,-484.6293622141998,-1.0550627470357326,1440,7461,7175,1.8996037249851399,1063,-252.61552346570397,-1.6697907800812568,1099,5047,4894,23.8700008392334,-0.07270052234591615,14.703310012817385,0.00993337109067659,27.55610190322581,0.002251324110676487
2022-03-21,2175.0,0.014215482976473855,0.005002441907861177,0.014215482976473855,0.011979262245081876,1.6359745252165931,3131,1296.3706377858002,-1.4040802547616962,3313,17429,16879,2.136501482422702,2345,1029.384476534296,-1.7645494400682469,2470,11805,11312,23.530000686645508,-0.014346243588262985,14.806859970092772,0.007017945497077144,27.74200570967742,0.002236220731391979
2022-03-22,2188.800048828125,0.00632480621361777,0.014215482976473855,0.00632480621361777,0.0040935750097750075,1.4570406504065043,1185,-649.6293622141998,-2.175970015993409,1254,6150,6042,1.8501821493624773,902,-413.615523465704,-2.063305946099097,937,4392,4266,22.940000534057617,-0.02539409693912241,14.82174015045166,0.0010044471591244197,27.803973645161292,0.0022312312038427627
2022-03-23,2183.10009765625,-0.002607540982418683,0.00632480621361777,0.002607540982418683,-0.004833804874740652,1.13831279945243,1094,-740.6293622141998,-1.7295210258772755,1149,5844,5683,1.4876048714479024,747,-568.615523465704,-1.7835177032292686,788,3695,3620,23.56999969482422,0.027092569018550887,14.818300247192385,-0.00023211191540709145,27.865941580645163,0.0022262638923219694
2022-03-24,2176.199951171875,-0.0031657156744054945,-0.002607540982418683,0.0031657156744054945,-0.005387034323188529,1.3367507369800196,1167,-667.6293622141998,-1.2625685741919768,1227,6106,5986,1.9593630919978224,726,-589.615523465704,-1.220553475088135,759,3674,3641,21.670000076293945,-0.08404588493141855,14.826700210571287,0.0005667035570248569,27.927909516129034,0.0022213186487830337
2022-03-25,2175.5,-0.0003216909188431628,-0.0031657156744054945,0.0003216909188431628,-0.0025380862453344005,1.6075468821466683,1339,-495.6293622141998,-1.2173212394487112,1401,6559,6399,1.654174841944626,1008,-307.615523465704,-1.1220386910219728,1039,4587,4546,20.809999465942383,-0.04049520432695106,14.836000442504885,0.0006270657784747847,27.989877451612905,0.0022163953264912376
2022-03-28,2172.5,-0.0013799450211877222,-0.0003216909188431628,0.0013799450211877222,-0.003581700460329376,1.473179817135117,4633,2798.3706377858,-1.599036679576674,5014,23624,23168,2.027783627999778,3698,2382.384476534296,-1.8179128096203399,4102,18043,17744,19.6299991607666,-0.058374649206258046,14.82759952545166,-0.0005664125249059308,28.175781258064518,0.0022017554391416537
2022-03-29,2206.5,0.015528971570054898,-0.0013799450211877222,0.015528971570054898,0.013332053209812119,2.2765920505983748,3192,1357.3706377858002,-1.5836758218957436,3557,16127,15744,2.224361795774648,2759,1443.384476534296,-1.6799315985853147,3075,13632,13454,18.899999618530277,-0.03789706365376267,14.821399688720703,-0.0004182155880902919,28.23774919354839,0.0021969183602427783
2022-03-30,2230.199951171875,0.01068369592760276,0.015528971570054898,0.01068369592760276,0.008491593439496336,1.699275680421422,1804,-30.629362214199773,-1.805284662190712,1952,9112,8778,2.251593479218681,1417,101.38447653429603,-1.8247648947019666,1508,6809,6504,19.32999992370605,0.02249638739130696,14.569250106811523,-0.017158910762145613,28.29971712903226,0.0021921024881064242
2022-03-31,2233.300048828125,0.0013890884528899767,0.01068369592760276,0.0013890884528899767,-0.0007982192306851927,1.2965407131452902,2169,334.3706377858002,-1.7613011729609758,2422,11274,10931,1.6555525497091843,1520,204.38447653429603,-1.5750641807744252,1677,7393,7219,20.559999465942383,0.061689125338078736,14.651009559631348,0.005596094430357566,28.36168506451613,0.0021873076835751694
2022-04-01,2251.699951171875,0.008205130690514853,0.0013890884528899767,0.008205130690514853,0.006022596881808244,1.353371475275848,2043,208.37063778580023,-0.992782822166142,2210,9788,9589,1.7750798185178962,1244,-71.61552346570397,-0.785086275614544,1331,5951,5812,19.6299991607666,-0.04628844907562309,14.666199684143066,0.0010362600167510756,28.423653,0.002182533808706609
2022-04-04,2311.39990234375,0.02616789451090352,0.008205130690514853,0.02616789451090352,0.025176756706717148,1.4122743012614396,2935,1100.3706377858002,-1.3714036776802252,3323,16172,15805,1.8300466428029072,1901,585.384476534296,-1.2489202560909498,2054,9219,9083,18.56999969482422,-0.05551160660496785,14.674039840698242,0.0005344303160948919,28.508378200000003,0.0009911378041863742
2022-04-05,2326.300048828125,0.0064256842440928805,0.02616789451090352,0.0064256842440928805,0.0054355278214492965,0.8696239503468419,998,-836.6293622141998,-1.4457378944880388,1044,5478,5320,1.1709318497913772,730,-585.615523465704,-1.1794635579617527,779,3595,3560,21.030000686645508,0.12440266343456106,14.691499710083008,0.0011891401764988043,28.536619933333334,0.0009901564226435838
2022-04-06,2316.39990234375,-0.004264829342601912,0.0064256842440928805,0.004264829342601912,-0.005254006325223155,0.39020869292327,1124,-710.6293622141998,-2.1839207610118048,1210,6373,6183,0.6642560073937155,820,-495.615523465704,-2.2455240164516845,875,4328,4242,22.100000381469727,0.049627603419411595,14.717900276184082,0.001795383326762009,28.56486166666667,0.0009891769826212437
2022-04-07,2345.199951171875,0.01235645107660334,-0.004264829342601912,0.01235645107660334,0.011368251598240191,0.478631655022886,1560,-274.6293622141998,-2.5851031483975158,1735,8302,8083,0.9728314562339458,1099,-216.61552346570397,-2.552495777377596,1196,5061,4994,21.549999237060547,-0.025201844638247307,14.699589729309082,-0.0012448750206938927,28.5931034,0.0009881994783631474
2022-04-08,2393.39990234375,0.020344243067497172,0.01235645107660334,0.020344243067497172,0.01935701916336016,1.1199939366378655,1328,-506.6293622141998,-1.8453605657810033,1376,6597,6441,1.572345782626941,986,-329.615523465704,-1.7833410433794956,1011,4766,4639,21.15999984741211,-0.018263181367582593,14.753700256347656,0.0036743323372357426,28.621345133333335,0.0009872239041370126
2022-04-11,2449.10009765625,0.023005741648818433,0.020344243067497172,0.023005741648818433,0.022021432944164417,0.8522697682492839,1980,145.37063778580023,-1.1918742465924081,2089,11521,11137,1.474838621068535,1394,78.38447653429603,-1.2726258908134727,1459,7281,7161,24.3700008392334,0.14124030229531587,14.74020004272461,-0.00091545807295671,28.706070333333333,0.0009843087046540163
2022-04-12,2463.800048828125,0.0059842433601683285,0.023005741648818433,0.0059842433601683285,0.005000902566495108,1.0924870466321246,903,-931.6293622141998,-1.270537469002306,954,5018,4901,1.4495680000000002,636,-679.615523465704,-1.7237725612554002,655,3125,3091,24.26000022888184,-0.00452398912382654,14.664600372314451,-0.0051420064694025725,28.734312066666668,0.00098334079367322
2022-04-13,2460.39990234375,-0.001380994703087613,0.0059842433601683285,0.001380994703087613,-0.0023633694874826017,0.7980704697986578,810,-1024.6293622141998,-1.744153281639644,865,4768,4584,1.6117294235254915,625,-690.615523465704,-1.6166320478097072,655,3001,2963,21.81999969482422,-0.10600194653157295,14.581500053405762,-0.005682846009611013,28.7625538,0.0009823747843949885
2022-04-14,2475.39990234375,0.006078061012222675,-0.001380994703087613,0.006078061012222675,0.005096650341001408,1.3792074282871831,1018,-816.6293622141998,-1.6143501472509671,1081,6031,5904,2.1007952286282308,627,-688.615523465704,-1.5209539599561648,674,3521,3459,22.700000762939453,0.03953799167815706,14.59060001373291,0.0006238810782471535,28.790795533333334,0.0009814106712212674
2022-04-18,2510.300048828125,0.006354107193801826,0.007646220498088575,0.006354107193801826,0.0053765341254523235,-0.24479797979797968,2437,602.3706377858002,-2.5596517258054905,2545,13860,13551,0.752131516439555,1504,188.38447653429603,-2.244216758635274,1594,7999,7883,22.170000076293945,-0.023624931027489242,14.621800422668455,-6.150318013499283e-05,28.903762466666667,0.0009775730683495019
2022-04-19,2519.199951171875,0.0035390840573048285,0.006354107193801826,0.0035390840573048285,0.0025624657048306625,0.2484725640654409,1319,-515.6293622141998,-2.1459446133020394,1391,6907,6768,1.0897210300429183,981,-334.615523465704,-2.128022189793577,1020,4660,4588,21.3700008392334,-0.03675191846691165,14.640899658203123,0.0013053640432315406,28.9320042,0.000976618352474166
2022-04-20,2525.89990234375,0.002656024778546772,0.0035390840573048285,0.002656024778546772,0.0016803592789810145,0.2194418604651163,1187,-647.6293622141998,-2.4403689181640065,1257,6450,6349,1.06084729981378,853,-462.615523465704,-2.1696289069666754,905,4296,4174,20.31999969482422,-0.050382500910835126,14.652000427246094,0.0007579153680228216,28.960245933333333,0.0009756654995657576
2022-04-21,2556.800048828125,0.012159099486344981,0.002656024778546772,0.012159099486344981,0.011184384982168139,0.0018026418026417,1137,-697.6293622141998,-2.0578209028918266,1215,6435,6362,1.0374393792434529,637,-678.615523465704,-1.7756206301641209,666,3093,3040,22.68000030517578,0.10987788462348555,14.666799545288086,0.0010095310389740724,28.988487666666668,0.0009747145041768422
2022-04-22,2472.5,-0.0335267111724462,0.012159099486344981,0.0335267111724462,-0.034500476533327,0.308981159685385,996,-838.6293622141998,-1.831781941329022,1039,5467,5371,0.968338713682642,862,-453.615523465704,-2.214255041739073,879,4027,3893,28.209999084472656,0.21819300024463079,14.70398998260498,0.0025324792279187067,29.0167294,0.0009737653608808058
2022-04-25,2482.60009765625,0.004076652921259925,-0.0335267111724462,0.004076652921259925,0.003105723931656457,0.285668408186742,4094,2259.3706377858,-2.541115007904151,4375,20863,20352,0.9600089766606822,2793,1477.384476534296,-2.133570618637475,2998,13368,13106,27.020000457763672,-0.043099143086190964,14.747099876403809,0.002927560561938324,29.1014546,0.0009709289896034682
2022-04-26,2418.300048828125,-0.026241603269367534,0.004076652921259925,0.026241603269367534,-0.027211590470204085,0.8497762741460222,1915,80.37063778580023,-2.353519834827236,2027,9163,9009,1.0650285351934052,1389,73.38447653429603,-2.617913278774876,1481,6308,6197,33.52000045776367,0.21556493979660302,14.771900177001951,0.001680294480730922,29.12969633333333,0.0009699872008365518
2022-04-27,2451.39990234375,0.013594415921374422,-0.026241603269367534,0.013594415921374422,0.012625368684028443,0.5317583268783889,1538,-296.6293622141998,-2.5617198670016537,1616,7746,7614,0.9692129629629627,1101,-214.61552346570397,-2.1914754392749027,1154,5616,5469,31.600000381469727,-0.0589851566056232,14.799699783325195,0.001880156268163484,29.157938066666667,0.0009690472373459782
2022-04-28,2428.39990234375,-0.009426686028091616,0.013594415921374422,0.009426686028091616,-0.010394795121921235,0.4302754491017964,1669,-165.62936221419977,-2.026161862761679,1846,8350,8200,0.872198275862069,1384,68.38447653429603,-2.4686503365496413,1542,6496,6408,29.989999771118164,-0.052293147535713964,14.809800148010254,0.0006822381398029892,29.186179799999998,0.0009681090938296188
2022-04-29,2430.60009765625,0.0009056165724933132,-0.009426686028091616,0.0009056165724933132,-6.155619251418454e-05,0.2988903115663679,1413,-421.6293622141998,-1.6344527247350469,1480,7029,6860,0.8373897707231039,1316,0.38447653429602724,-1.9651715524471085,1399,5670,5559,33.400001525878906,0.10769196053867162,14.78888988494873,-0.0014129183769215426,29.214421533333333,0.0009671727650074978
2022-05-05,2466.300048828125,0.014580891009790285,0.0009056165724933132,0.014580891009790285,0.012992378086119864,0.5204030772564742,5070,3235.3706377858,-1.3247934712014122,5333,27687,26870,0.9888207473624033,3909,2593.384476534296,-1.2771746241563953,4100,19241,18823,31.200000762939453,0.20488185050598062,14.739700317382812,-0.004541971882475226,29.45793364516129,0.0015885129236704214
2022-05-06,2458.699951171875,-0.003086336523503043,0.014580891009790285,0.003086336523503043,-0.004672330075390347,0.6983844532896277,843,-991.6293622141998,-1.9540885442274385,896,4271,4223,1.4351317957166396,554,-761.615523465704,-2.3199557138870603,580,2428,2414,30.190000534057617,-0.032907357859992,14.865079879760742,0.00847027481109235,29.504690806451613,0.0015859935518873043
2022-05-09,2465.699951171875,0.0028429879187945,-0.003086336523503043,0.0028429879187945,0.0012645047608050987,0.3632313095835424,1796,-38.62936221419977,-1.9076953654020783,1899,9965,9705,0.902960825994534,1267,-48.61552346570397,-1.7288329695152358,1368,6586,6505,34.75,0.14066881060216926,14.940130233764648,0.005036066670001634,29.644962290322578,0.0015784831579894014
2022-05-10,2490.199951171875,0.00988728589058084,0.0028429879187945,0.00988728589058084,0.00831129041542167,0.78359375,864,-970.6293622141998,-1.813398084823861,911,4480,4333,0.9170776818742292,646,-669.615523465704,-1.2649091596785562,672,3244,3176,32.9900016784668,-0.05197503589226457,15.098400115966797,0.010537888836394874,29.6917194516129,0.0015759954751591702
2022-05-11,2453.89990234375,-0.014684453062233363,0.00988728589058084,0.014684453062233363,-0.01625796868338098,0.5693811693242217,899,-935.6293622141998,-0.9676269864808176,947,5268,5114,2.0225466982373064,733,-582.615523465704,-0.678296465630564,762,3801,3771,32.560001373291016,-0.01311995280695535,15.32544994354248,0.014926055869400455,29.738476612903224,0.0015735156211476179
2022-05-12,2391.0,-0.0259668673896401,-0.014684453062233363,0.0259668673896401,-0.027537910948696814,0.2929232700455045,988,-846.6293622141998,-1.4500062488581325,1054,6373,6131,1.1113625062158132,686,-629.615523465704,-1.369405246897959,726,4022,3983,31.770000457763672,-0.024562120621479416,15.285400390625,-0.0026166914889411462,29.785233774193546,0.0015710435590567166
2022-05-13,2419.199951171875,0.011725198343305552,-0.0259668673896401,0.011725198343305552,0.010156619091085988,0.1438827098078868,1937,102.37063778580023,-1.9010241437460216,2098,9890,9650,1.1932937023964332,1178,-137.61552346570397,-1.8004608090454617,1268,5383,5300,28.8700008392334,-0.09571943994586465,15.406800270080566,0.007910837929873694,29.83199093548387,0.0015685792522195639
2022-05-16,2390.800048828125,-0.011808828428189784,0.011725198343305552,0.011808828428189784,-0.013370060928187981,0.6729769609980214,6003,4168.3706377858,-1.2701318953718763,6360,29819,29365,1.567211151039965,3819,2503.384476534296,-1.0817226846949242,4089,18366,18151,27.46999931335449,-0.049708547633251145,15.480199813842772,0.004752788016395659,29.972262419354838,0.001561232499998196
2022-05-17,2394.800048828125,0.0016716820669851141,-0.011808828428189784,0.0016716820669851141,0.00011288321490927357,0.5116585505585791,2978,1143.3706377858002,-1.7100207380421015,3196,13964,13579,1.1210148181409971,2031,715.384476534296,-1.6627158286124608,2185,8908,8797,26.100000381469727,-0.05115914616663997,15.600299835205078,0.007728358326984074,30.01901958064516,0.0015587988520758406
2022-05-18,2393.60009765625,-0.0005011908613670337,0.0016716820669851141,0.0005011908613670337,-0.002057563640850296,0.2650420501953512,3016,1181.3706377858002,-1.3645079618742952,3300,15101,14826,1.128907452187294,1935,619.384476534296,-1.3784744161750602,2078,9098,8965,30.959999084472656,0.17076069020588336,15.911999702453612,0.01978338857593503,30.065776741935483,0.0015563727794832625
2022-05-20,2372.39990234375,-0.008896489777972088,-0.0005011908613670337,0.008896489777972088,-0.010448032997218247,0.4060232492734601,4309,2474.3706377858,-1.5235284094314383,4534,21334,21025,1.3653183073363684,2845,1529.384476534296,-1.5678406884507734,2969,13399,13291,29.43000030517578,0.0027220133435583802,15.902649879455566,-0.003367967470846826,30.15929106451613,0.0015515432192461582
2022-05-23,2380.89990234375,0.003576466627241997,-0.008896489777972088,0.003576466627241997,0.0020321118091695635,0.5958739441195581,4807,2972.3706377858,-1.8647209698075755,5107,24624,24102,1.4097769543219552,2973,1657.384476534296,-1.7341513168824012,3086,14033,13843,28.479999542236328,-0.032812502144316524,15.92990016937256,0.001712102645358123,30.299562548387097,0.0015443548180724335
2022-05-24,2375.0,-0.002481088959586728,0.003576466627241997,0.002481088959586728,-0.004023062423038985,0.7011097314915409,2753,918.3706377858002,-1.5731645609667888,2953,12886,12535,1.2640557939914163,1872,556.384476534296,-1.49714962149287,1984,8388,8240,29.450000762939453,0.0334918655332464,15.933099746704102,0.00020083340242433627,30.346319709677417,0.0015419734634522573
2022-05-25,2418.10009765625,0.01798471072933866,-0.002481088959586728,0.01798471072933866,0.016445111287839105,0.5596729580214774,2578,743.3706377858002,-1.5546517922800251,2733,12292,12105,1.3345216722236468,1751,435.384476534296,-1.5268287941869167,1828,7798,7658,28.3700008392334,-0.03736165760137902,16.09749984741211,0.010265280478079198,30.39307687096774,0.0015395994414995559
2022-05-26,2450.800048828125,0.013432373576760259,0.01798471072933866,0.013432373576760259,0.011895140858362232,0.556597326901819,2056,221.37063778580023,-1.7351060283780686,2123,9951,9759,0.7354029770685262,1525,209.38447653429603,-1.8142656623061408,1591,7457,7321,27.5,-0.031146273729954037,16.347999572753906,0.015441568616353207,30.439834032258062,0.0015372327183980268
2022-05-27,2438.800048828125,-0.004908386719806598,0.013432373576760259,0.004908386719806598,-0.006443259980346108,0.030770829004778698,1682,-152.62936221419977,-1.7497223994794011,1822,9626,9237,0.995098355369236,1165,-150.61552346570397,-1.652678178213801,1287,6202,6090,25.71999931335449,-0.06691713200005571,16.360700607299805,0.0007766150971666899,30.486591193548385,0.0015348732605395096
2022-05-31,2547.10009765625,0.007843544258779717,0.03560581611180399,0.007843544258779717,0.006318036842237372,0.9101684870036404,2380,545.3706377858002,-1.42944890168795,2485,11811,11495,1.7250982259792833,1796,480.384476534296,-1.532678926540835,1863,8399,8266,26.190000534057617,0.018108806238812062,16.383499145507812,0.0030075431554901287,30.673619838709676,0.0015255074165423457
2022-06-01,2568.800048828125,0.008483387357831934,0.007843544258779717,0.008483387357831934,0.006960203569904682,0.7364555197351225,2229,394.3706377858002,-1.4976322294763729,2341,11477,11303,1.6436630703236703,1582,266.384476534296,-1.3760271677125548,1679,7693,7602,25.690000534057617,-0.019275847000948997,16.377729415893555,-0.00035222913958163273,30.720377,0.001523183787927252
2022-06-02,2601.60009765625,0.012687795107037464,0.008483387357831934,0.012687795107037464,0.011899681181281024,0.5690146303652746,1980,145.37063778580023,-1.5044941933910283,2047,10321,9888,1.5479512566641278,1321,5.384476534296027,-1.3242685523407445,1358,6565,6357,24.71999931335449,-0.03848922709776528,16.443700790405273,0.0040200236821935536,30.7445977,0.0007881139257564397
2022-06-03,2601.300048828125,-0.00011533906860019928,0.012687795107037464,0.00011533906860019928,-0.0009028323598952366,0.8295472492761253,1396,-438.6293622141998,-1.7838679743681034,1479,7598,7408,1.1452262308152283,1003,-312.615523465704,-1.7319988000543922,1062,5017,4927,24.790000915527344,0.002827778165847551,16.48349952697754,0.0024173786759700035,30.7688184,0.0007874932912950372
2022-06-06,2648.10009765625,0.017831099750265065,-0.00011533906860019928,0.017831099750265065,0.017045462511231103,0.8518574239092698,3195,1360.3706377858002,-1.7607145574941356,3412,17282,16936,1.485417192893828,2365,1049.384476534296,-1.8288900947777675,2506,11877,11648,25.06999969482422,0.011231517018839617,16.508699417114258,0.0015276274903687041,30.8414805,0.0007856372390339618
2022-06-07,2648.199951171875,3.7706895272687874e-05,0.017831099750265065,3.7706895272687874e-05,-0.0007473136023932547,1.460218839200761,2038,203.37063778580023,-1.845291267173744,2143,10510,10373,1.715645119752768,1539,223.38447653429603,-1.620829025149231,1597,7766,7678,24.020000457763672,-0.04278506428781263,16.594329833984375,0.005173581379440598,30.8657012,0.0007850204976659426
2022-06-08,2540.39990234375,-0.04155863497989443,3.7706895272687874e-05,0.04155863497989443,-0.04234303970374201,1.5236307449536457,3010,1175.3706377858002,-1.7537842242727577,3281,15209,14987,1.8666311507167763,2096,780.384476534296,-1.5658499574098912,2227,10324,10156,23.959999084472656,-0.0025011006728514825,16.837099075317383,0.014523669292986766,30.8899219,0.00078440472384758
2022-06-09,2571.60009765625,0.01220680075489961,-0.04155863497989443,0.01220680075489961,0.011423010839595564,0.5252077562326872,1800,-34.62936221419977,-1.855862605150991,1896,9025,8860,1.266170763260026,1339,23.384476534296027,-2.0660014679440484,1410,6184,6111,26.09000015258789,0.08516636996056637,17.176990509033203,0.019985997076457578,30.914142599999998,0.000783789915304047
2022-06-10,2543.10009765625,-0.011144463559485233,0.01220680075489961,0.011144463559485233,-0.011927639629252619,0.3123032311516156,1347,-487.6293622141998,-1.9299655990468807,1453,7242,7084,1.1101993865030677,1005,-310.615523465704,-2.241252339169661,1073,5216,5125,27.75,0.061683735195286235,17.239599227905273,0.0036382912086342866,30.9383633,0.0007831760697673861
2022-06-13,2510.10009765625,-0.013061215807960285,-0.011144463559485233,0.013061215807960285,-0.013842556096584833,0.43365106298033734,3722,1887.3706377858002,-2.1362612113569064,3897,20038,19516,0.866669140567018,2659,1343.384476534296,-2.4070552168180064,2774,13474,13257,34.02000045776367,0.20371276023099444,17.23390007019043,-0.0003306399340248789,31.0110254,0.0007813402886245482
2022-06-14,2508.89990234375,-0.00047826074332620055,-0.013061215807960285,0.00047826074332620055,-0.001258991015903168,0.3447762942141017,1558,-276.6293622141998,-2.1967599756460627,1651,8538,8321,1.1459194291660473,1244,-71.61552346570397,-2.0364170265603168,1314,6727,6564,32.689998626708984,-0.039879421696833575,17.269100189208984,0.0020404098754438103,31.0352461,0.0007807302725769675
2022-06-15,2531.10009765625,0.008809658290565086,-0.00047826074332620055,0.008809658290565086,0.008029537082262684,0.3076506085711363,1872,37.37063778580023,-1.8165199813691542,1954,9777,9440,1.4694345718901454,1292,-23.615523465703973,-2.0279407173983843,1331,6190,6033,29.6200008392334,-0.09861934155361644,17.251279830932617,-0.001032454442793248,31.0594668,0.0007801212083024017
2022-06-16,2485.39990234375,-0.01822045634229497,0.008809658290565086,0.01822045634229497,-0.018999969435870193,0.7058480307651506,1498,-336.6293622141998,-1.795261946065781,1538,7541,7402,1.2596006944444444,1180,-135.61552346570397,-2.180039017216426,1220,5760,5654,32.95000076293945,0.10654144692998793,17.236400604248047,-0.0008628720412628488,31.0836875,0.0007795130935752214
2022-06-17,2533.300048828125,0.01908924681959503,-0.01822045634229497,0.01908924681959503,0.018310340893418587,0.1608824358612912,1226,-608.6293622141998,-1.3584271855031664,1319,7094,6903,1.2882529474812434,943,-372.615523465704,-1.5292958529113692,1015,4665,4628,31.1299991607666,-0.056819326608450633,17.296600341796875,0.003486508376373388,31.1079082,0.0007789059261764451
2022-06-21,2575.89990234375,0.014349898141033046,0.0023262316428932814,0.014349898141033046,0.013573411455303077,0.888126204238921,1549,-285.6293622141998,-1.6697716333980337,1626,8304,8150,1.6668523676880225,1183,-132.61552346570397,-1.5211507840157548,1227,6103,6038,30.190000534057617,-0.030661196085893273,17.31220054626465,-0.001402628385195943,31.204791,0.0007764866857299691
2022-06-22,2574.300048828125,-0.000621278234730003,0.014349898141033046,0.000621278234730003,-0.0013971624566618264,1.1785339717282262,1835,0.370637785800227,-0.9552826826240858,1929,8772,8627,1.6311340538796582,1396,80.38447653429603,-0.6260154464829106,1479,6199,6064,28.950000762939453,-0.04194053103593365,17.34600067138672,0.0019504841365274785,31.2290117,0.0007758842219318233
2022-06-23,2543.199951171875,-0.01215456005160978,-0.000621278234730003,0.01215456005160978,-0.012929842743902908,0.40663064833005874,2061,226.37063778580023,-1.4589626402905371,2162,10180,9928,1.3138621092608822,1517,201.38447653429603,-1.5335011339390894,1577,6846,6766,29.049999237060547,0.0034482266622454993,17.342599868774414,-0.00019607609244785617,31.2532324,0.0007752826922931281
2022-06-24,2554.10009765625,0.004276837931773451,-0.01215456005160978,0.004276837931773451,0.003502155837130459,0.4171559783500083,1137,-697.6293622141998,-2.07301191000763,1182,6097,5900,0.918584883988054,875,-440.615523465704,-1.975451965313876,913,4353,4188,27.229999542236328,-0.06469916716028097,17.34589958190918,0.0001902482492451276,31.2774531,0.0007746820946429924
2022-06-27,2529.300048828125,-0.009757345427148413,0.004276837931773451,0.009757345427148413,-0.010530231299163171,0.5576233787201978,3699,1864.3706377858002,-1.7236803701686743,3914,18581,18187,1.331461769724547,2548,1232.384476534296,-1.5380300308888606,2667,12307,12066,26.950000762939453,-0.010335964210215428,16.668899536132812,-0.03981146317008922,31.3501152,0.0007728858720147577
2022-06-28,2490.199951171875,-0.015579594991536811,-0.009757345427148413,0.015579594991536811,-0.016351883972279508,1.6692763157894743,3497,1662.3706377858002,-1.100058263642302,3752,16720,16375,2.0709691252144093,2496,1180.384476534296,-0.9166792168968624,2682,11660,11467,28.36000061035156,0.050996397521043194,16.563800811767578,-0.006325039713746139,31.374335900000002,0.0007722889807426953
2022-06-29,2402.0,-0.03606128527026927,-0.015579594991536811,0.03606128527026927,-0.03683297828097351,1.3508460825220223,3497,1662.3706377858002,-0.6957672750237378,3710,17256,16979,1.9947479360618317,2525,1209.384476534296,-0.4198716189388162,2638,11386,11210,28.15999984741211,-0.007077197314253043,16.624500274658203,0.003657887182181658,31.3985566,0.0007716930107042415
2022-06-30,2405.39990234375,0.001414445637829531,-0.03606128527026927,0.001414445637829531,0.0006433476780606914,1.15904181184669,2216,381.3706377858002,-0.8402739359646781,2366,11480,11253,2.069765307460339,1502,186.38447653429603,-0.7176860843835177,1633,7627,7564,28.709999084472656,0.01934293637293805,16.62820053100586,0.00022255373387879943,31.4227773,0.0007710979597688396
2022-07-01,2443.800048828125,0.015838055585072904,0.001414445637829531,0.015838055585072904,0.015067551759261654,0.9231388114138595,1842,7.370637785800227,-1.4047071908462891,1932,9322,9219,1.741308730035664,1330,14.384476534296027,-1.3185510701398455,1390,6449,6374,26.700000762939453,-0.07258186826346097,16.6919002532959,0.003823505835448381,31.446998,0.0007705038258112503
2022-07-05,2371.300048828125,-0.014527268991270902,-0.015588607328207155,0.014527268991270902,-0.01499762100482983,0.819445947408289,1777,-57.62936221419977,-1.1154357831871449,1925,9241,9123,1.9251781840718936,1304,-11.615523465703973,-1.1958513418841397,1360,6454,6364,27.540000915527344,0.030975932563342613,16.778430938720703,0.0026791253141316344,31.50626019354839,0.0004703520135589285
2022-07-06,2408.199951171875,0.015441211638988626,-0.014527268991270902,0.015441211638988626,0.014971080752442993,1.0439098291116229,1682,-152.62936221419977,-1.6025732114427609,1768,8251,8098,1.9467104210020807,1321,5.384476534296027,-1.2551085510961,1395,6247,6163,26.729999542236328,-0.029853013518694623,17.001399993896484,0.013201504404200974,31.521075741935483,0.00047013088654563223
2022-07-07,2425.60009765625,0.007199396526367032,0.015441211638988626,0.007199396526367032,0.006729486559014984,0.6682421134767583,1845,10.370637785800227,-1.7713759723991476,1941,8971,8811,1.8895779265127723,1539,223.38447653429603,-1.5572395925252134,1633,7321,7201,26.07999992370605,-0.024617778892292053,17.212499618530273,0.01234014864483242,31.53589129032258,0.0004699099673520472
2022-07-08,2434.0,0.0034570378387635617,0.007199396526367032,0.0034570378387635617,0.0029873485830784335,1.3750835391544385,1325,-509.6293622141998,-1.6862705323761025,1381,6883,6696,2.030931158733169,1108,-207.61552346570397,-1.6668985229782685,1144,5273,5134,24.63999938964844,-0.05679762023851329,17.258899688720703,0.002692092525750407,31.55070683870968,0.00046968925568512793
2022-07-13,2408.10009765625,-0.010697899188595459,0.0034570378387635617,0.010697899188595459,-0.011166487988636856,1.7339186034710243,6099,4264.3706377858,-1.2990211497505848,6460,29559,28914,2.2179666095890416,5097,3781.384476534296,-1.3733750932537812,5388,23360,23053,26.81999969482422,-0.017372501793467377,17.280500411987305,-0.0037082541441631938,31.624784580645162,0.0004685888000413958
2022-07-14,2382.39990234375,-0.010729753419835938,-0.010697899188595459,0.010729753419835938,-0.011198122747252166,1.2923119090037,1434,-400.6293622141998,-1.3054949817716082,1477,7297,7028,2.0715999261856437,1151,-164.61552346570397,-1.248461786225463,1190,5419,5250,26.399999618530277,-0.015783870772208296,17.41119956970215,0.007534930611966838,31.639600129032257,0.00046836932741622765
2022-07-18,2451.300048828125,0.02851017403900767,-0.010729753419835938,0.02851017403900767,0.02804268055005129,0.7193983261705497,4415,2580.3706377858,-1.8540478821751578,4642,22105,21655,1.622160009953963,3444,2128.384476534296,-1.8699511983813193,3584,16074,15823,25.299999237060547,0.043212849641764174,17.339599609375,-0.007154458148339513,31.698862322580645,0.0004674934889563823
2022-07-19,2502.0,0.020471896048807624,0.02851017403900767,0.020471896048807624,0.020004621007894387,1.6640948346097453,2924,1089.3706377858002,-1.70954318235087,3061,12274,12096,2.3238257727820164,2368,1052.384476534296,-1.7455476806557393,2502,9964,9860,24.5,-0.03213124802708314,17.461000442504883,0.006976967374799663,31.713677870967743,0.0004672750409132372
2022-07-20,2525.199951171875,0.0092298361302743,0.020471896048807624,0.0092298361302743,0.008762779333349064,0.47663150955833855,2744,909.3706377858002,-2.4286584102696254,2821,12136,11937,1.7116438356164383,2052,736.384476534296,-2.4104986177469034,2144,8614,8436,23.8799991607666,-0.025631864170057687,17.541200637817383,0.004582588133786929,31.728493419354837,0.00046705679692523656
2022-07-21,2511.39990234375,-0.005479920487451509,0.0092298361302743,0.005479920487451509,-0.005946759244158385,0.3513382661916505,2234,399.3706377858002,-3.0468757449384527,2306,10947,10727,1.2343192783721415,1981,665.384476534296,-3.1412998106923515,2116,9534,9273,23.11000061035156,-0.032775802683622346,17.594999313354492,0.0030622957322638264,31.743308967741935,0.000466838756706876
2022-07-22,2516.60009765625,0.0020684952930234497,-0.005479920487451509,0.0020684952930234497,0.001601874373050577,2.468960364335018,2827,992.3706377858002,-1.3069717957509537,2991,14053,13820,3.127850647079399,2459,1143.384476534296,-1.3972558589049624,2605,11436,11307,23.030000686645508,-0.0034677070491447837,17.72047996520996,0.007106299134399056,31.758124516129033,0.0004666209199728726
2022-07-25,2548.5,0.012596127817393691,0.0020684952930234497,0.012596127817393691,0.012130159189562196,1.433781047237261,4819,2984.3706377858,-2.058542622280226,5050,24197,23714,2.4495450216908274,4053,2737.384476534296,-2.0597193547770183,4284,18902,18612,23.36000061035156,0.014227440440232874,17.757299423217773,0.002075635615391137,31.80257116129032,0.00046596862783149554
2022-07-26,2537.10009765625,-0.0044832158325216805,0.012596127817393691,0.0044832158325216805,-0.004948967434714418,1.4058021294413203,1707,-127.62936221419977,-1.7154360433609994,1777,8359,8207,2.358917647058824,1336,20.384476534296027,-1.569689377504407,1369,6375,6201,24.690000534057617,0.05537314089952182,17.829200744628906,0.0040409379350469414,31.817386709677418,0.0004657516021927382
2022-07-27,2544.10009765625,0.0027552563013737213,-0.0044832158325216805,0.0027552563013737213,0.002289721522753813,0.9883193445243803,1967,132.37063778580023,-2.2223296779281743,2030,10008,9727,1.3963611491108068,1520,204.38447653429603,-2.507918364057656,1573,7310,7195,23.239999771118164,-0.06052340285251661,17.871999740600586,0.0023976233792047273,31.832202258064516,0.00046553477861990806
2022-07-28,2543.300048828125,-0.0003145216856092097,0.0027552563013737213,0.0003145216856092097,-0.000779839842439815,1.758548769826402,1515,-319.6293622141998,-1.4856863561476616,1570,8007,7832,2.1980050323508267,1099,-216.61552346570397,-1.6628283263778862,1153,5564,5481,22.32999992370605,-0.03994385969968478,17.867399215698242,-0.0002574483657869586,31.84701780645161,0.00046531815683060535
2022-07-29,2592.39990234375,0.01912158032001195,-0.0003145216856092097,0.01912158032001195,0.018656478583467966,1.1944163150492264,1426,-408.6293622141998,-2.224253923598213,1517,7110,6955,1.587615062761506,1206,-109.61552346570397,-2.2703415494358583,1277,5975,5814,21.32999992370605,-0.045816533528988145,17.945199966430664,0.004344888385823206,31.86183335483871,0.00046510173654398346
2022-08-01,2656.300048828125,0.024350145523633827,0.01912158032001195,0.024350145523633827,0.02388569184174343,1.5465482741370686,3062,1227.3706377858002,-1.8013338766916254,3182,15992,15449,2.346630893736805,2392,1076.384476534296,-1.9633054506755483,2450,11368,11203,22.84000015258789,0.06839886256211869,17.922500610351562,-0.001265727032654119,31.90628,0.0004644536818903993
2022-08-02,2647.60009765625,-0.0032805892773977844,0.024350145523633827,0.0032805892773977844,-0.004272310763729135,1.3555112881806108,1233,-601.6293622141998,-1.306775098782929,1295,6777,6570,2.191516709511568,1020,-295.615523465704,-1.4374769480259002,1078,5057,4960,23.93000030517578,0.046619523204595135,17.89349937438965,-0.0016194573549582231,31.937937838709676,0.0009917214863313507
2022-08-03,2684.5,0.013840884733036888,-0.0032805892773977844,0.013840884733036888,0.012850145783889202,0.952324896998234,1309,-525.6293622141998,-1.7311227709852113,1353,6796,6541,1.6559378036929056,1086,-229.61552346570397,-1.9868511705564933,1126,5145,5073,21.950000762939453,-0.08636574039389384,17.943099975585938,0.0027681551134189266,31.969595677419353,0.0009907389491476861
2022-08-04,2723.699951171875,0.014496741256066587,0.013840884733036888,0.014496741256066587,0.013506982899153438,1.4689678172419542,1168,-666.6293622141998,-0.8924173292882212,1211,5997,5862,2.537408424908425,854,-461.615523465704,-1.0933922158282892,883,4368,4300,21.440000534057617,-0.023508813167236665,17.930700302124023,-0.0006912941399979326,32.00125351612903,0.0009897583569131482
2022-08-05,2750.5,0.00979148119682212,0.014496741256066587,0.00979148119682212,0.00880270149296388,1.9272049806622027,2276,441.3706377858002,-1.053718913727118,2381,10601,10473,2.8110100090991823,1917,601.384476534296,-0.7876562055029437,2007,8792,8711,21.149999618530277,-0.013618473656111421,17.941699981689453,0.0006132670143702262,32.03291135483871,0.0009887797038582416
2022-08-08,2795.10009765625,0.016085205747349864,0.00979148119682212,0.016085205747349864,0.01509935042493041,1.6936548360877812,3644,1809.3706377858002,-1.6309890451665574,3863,18455,18187,2.6297480024585127,2681,1365.384476534296,-1.3374616825188625,2794,13016,12672,21.290000915527344,0.00659763445218728,17.9237003326416,-0.0010037334256019182,32.12788487096774,0.0009858553224194545
2022-08-09,2785.199951171875,-0.0035482525257525843,0.016085205747349864,0.0035482525257525843,-0.0045331368945963225,1.0798664537668747,1379,-455.6293622141998,-1.700848810884933,1399,6889,6742,2.1369157916409307,1042,-273.615523465704,-1.864142301306099,1058,4857,4817,21.770000457763672,0.022295374365645357,17.93779945373535,0.0007863096582226549,32.15954270967742,0.000984884368843738
2022-08-10,2829.60009765625,0.01581572686654706,-0.0035482525257525843,0.01581572686654706,0.01483181154060622,1.1363433476394849,1084,-750.6293622141998,-1.5606720566819194,1113,5825,5735,2.0070745216515604,808,-507.615523465704,-1.577712217420262,828,3972,3896,19.739999771118164,-0.09788587386321505,17.923999786376953,-0.0007696026597616026,32.191200548387094,0.0009839153259408387
2022-08-11,2868.39990234375,0.013618955559213986,0.01581572686654706,0.013618955559213986,0.012636007371138055,0.7607532605802501,1352,-482.6293622141998,-2.1095032766842485,1433,7514,7347,1.57317158931083,1128,-187.61552346570397,-2.026679411843605,1205,5688,5575,20.200000762939453,0.02303561976592722,17.870100021362305,-0.0030116586836259887,32.22285838709677,0.000982948188075931
2022-08-12,2864.300048828125,-0.0014303397175943696,0.013618955559213986,0.0014303397175943696,-0.0024123226672315957,1.1630111524163569,1161,-673.6293622141998,-1.7330264042557757,1208,6456,6308,1.163969631236442,937,-378.615523465704,-1.9318074411493416,959,4610,4552,19.530000686645508,-0.03373086212935113,17.949100494384766,0.004411075623211983,32.25451622580645,0.000981982949637226
2022-08-15,2857.199951171875,-0.002481902053961538,-0.0014303397175943696,0.002481902053961538,-0.003461000629047359,0.9390772128060263,2147,312.3706377858002,-1.6849964961773725,2207,11682,11320,1.6288740385827762,1645,329.384476534296,-1.6089546603567226,1690,7931,7752,19.950000762939453,0.02127740153136365,17.940000534057617,-0.0005071155454661567,32.349489741935486,0.0009790985750858208
2022-08-16,2913.300048828125,0.019444368837520376,-0.002481902053961538,0.019444368837520376,0.018466227958851313,0.3250279329608936,1521,-313.6293622141998,-2.105053763693176,1619,8055,7842,1.6625726141078838,1201,-114.61552346570397,-1.6392729376459327,1260,6025,5917,19.690000534057617,-0.013118261804125196,17.951860427856445,0.0006608681696978818,32.38114758064516,0.0009781408786690632
2022-08-17,2980.0,0.022636824470614554,0.019444368837520376,0.022636824470614554,0.021659639416668944,0.721741203394679,2163,328.3706377858002,-1.3842718337223447,2227,10487,10264,1.758848500928628,1650,334.384476534296,-0.9141903356911506,1717,7538,7415,19.899999618530277,0.010608792786788055,17.90625,-0.002543940654432485,32.41280541935484,0.0009771850539456116
2022-08-18,3020.0,0.013333530869465168,0.022636824470614554,0.013333530869465168,0.012357299774031027,2.186044808903208,2887,1052.3706377858002,-1.0993681469696877,3014,13658,13480,2.862990745250854,2263,947.384476534296,-0.8995563796828484,2361,10265,10140,19.559999465942383,-0.017233075258002006,17.944000244140625,0.002105996908591083,32.444463258064516,0.0009762310954341415
2022-08-19,3020.199951171875,6.62068055906584e-05,0.013333530869465168,6.62068055906584e-05,-0.0009090721920834906,1.853593984962407,2189,354.3706377858002,-1.8937474991257686,2269,9975,9709,2.585694161840664,1455,139.38447653429603,-1.712570250641979,1521,6389,6283,20.600000381469727,0.05180445701037145,18.07670021057129,0.007368017006110829,32.47612109677419,0.000975278997674149
2022-08-22,3062.5,0.013908537678476334,6.62068055906584e-05,0.013908537678476334,0.012936103863854935,0.9711249910259172,2604,769.3706377858002,-1.610085890824363,2699,13929,13634,1.8089920747815482,1969,653.384476534296,-1.7652346462796136,2083,9842,9712,23.799999237060547,0.14439445430766584,18.087799072265625,0.0006137987398077339,32.571094612903224,0.0009724338146213991
2022-08-23,3121.5,0.019082079648816436,0.013908537678476334,0.019082079648816436,0.01811059054312643,0.8818571985953956,1561,-273.6293622141998,-1.0216697438542697,1632,7689,7559,1.4518461538461538,1137,-178.61552346570397,-0.9949415947373422,1196,5200,5163,24.11000061035156,0.012941168887216881,18.090999603271484,0.00017692853999444003,32.6027524516129,0.0009714891056900061
2022-08-24,3060.300048828125,-0.019800689189876635,0.019082079648816436,0.019800689189876635,-0.02077123542040295,1.025584975369458,1244,-590.6293622141998,-0.84112220458806,1282,6496,6349,1.5790004923682914,819,-496.615523465704,-1.2441340469457045,833,4062,4007,22.81999969482422,-0.05498938644760824,18.120899200439453,0.0016513690223632221,32.63441029032258,0.0009705462305263174
2022-08-25,3136.800048828125,0.024690221232421587,-0.019800689189876635,0.024690221232421587,0.023720616048625277,0.5765527616591446,832,-1002.6293622141998,-1.484112078679083,856,4653,4537,1.743004261363636,547,-768.615523465704,-1.605068796287493,565,2816,2724,21.780000686645508,-0.04664518202952005,18.14800071716309,0.0014944771873087437,32.666068129032254,0.0009696051837963088
2022-08-26,3146.10009765625,0.002960434004540064,0.024690221232421587,0.002960434004540064,0.0019917680443532863,0.9491897622292894,1284,-550.6293622141998,-1.395696155819227,1344,6603,6381,1.7767120181405898,876,-439.615523465704,-1.3324273223896783,914,4410,4251,25.559999465942383,0.1600364595838233,18.16580009460449,0.0009803093297287011,32.69772596774194,0.000968665960186778
2022-08-29,3165.0,0.005989434029392784,0.002960434004540064,0.005989434029392784,0.005023574854141407,0.48289201013124566,2339,504.3706377858002,-2.3468583561262975,2404,13029,12702,1.2918268634503285,1564,248.38447653429603,-2.0748232137175773,1613,8063,7928,26.209999084472656,0.02511237378979406,18.16750907897949,9.407259702642346e-05,32.79269948387097,0.0009658591752513769
2022-08-31,3171.199951171875,0.0019569941600267367,0.005989434029392784,0.0019569941600267367,0.0009929971556229115,0.9627015119655552,1820,-14.629362214199773,-1.6707463358177534,1870,9987,9792,1.19983378664249,1322,6.384476534296027,-1.843815346101806,1341,6618,6513,25.8700008392334,-0.013056953766507983,18.15026092529297,-0.0016371688789544635,32.85601516129032,0.0009639970044038253
2022-09-01,3142.699951171875,-0.009027762240203966,0.0019569941600267367,0.009027762240203966,-0.009990830849281752,1.0191211146838155,830,-1004.6293622141998,-1.4950081431580624,846,4665,4466,1.533400878081729,572,-743.615523465704,-1.4254516689038748,584,2961,2918,25.559999465942383,-0.012055420023286018,18.18919944763184,0.0021430443293224675,32.887673,0.000963068609077785
2022-09-02,3222.699951171875,0.025137214853272666,-0.009027762240203966,0.025137214853272666,0.023956317690281947,1.227787178040985,984,-850.6293622141998,-1.2257722118002086,996,5319,5113,1.7883876600698485,696,-619.615523465704,-1.3938074177048951,703,3436,3323,25.46999931335449,-0.0035273465826869926,18.20709991455078,0.000983642220551934,32.9265329,0.0011808971629907196
2022-09-06,3391.39990234375,0.009778145689603966,0.041245138636789185,0.009778145689603966,0.008602800375045228,1.1126222355950053,1320,-514.6293622141998,-1.6430610473717782,1356,6647,6533,1.8692307692307695,918,-397.615523465704,-1.5362377329153718,938,4407,4318,26.90999984741211,0.05499669703613629,18.214149475097656,0.00017133326435363224,33.0819725,0.0011753453145587382
2022-09-07,3402.800048828125,0.003355849773360188,0.009778145689603966,0.003355849773360188,0.0021818842738096167,1.285427202555231,1514,-320.6293622141998,-1.5134206023529768,1545,7514,7371,1.7222621524494042,1127,-188.61552346570397,-1.251032346240731,1146,5287,5219,24.63999938964844,-0.0881268451739526,18.22620964050293,0.0006619125682784616,33.1208324,0.0011739654995505716
2022-09-08,3437.39990234375,0.010116706781544069,0.003355849773360188,0.010116706781544069,0.008944117861088985,1.241340691446194,1191,-643.6293622141998,-1.1988087266910832,1230,6161,5967,2.079554330346887,881,-434.615523465704,-0.8232609614459487,912,4353,4217,23.61000061035156,-0.042700736945736,18.221200942993164,-0.00027484517890903674,33.159692299999996,0.001172588920455084
2022-09-09,3521.39990234375,0.02414326682745113,0.010116706781544069,0.02414326682745113,0.02297205126154925,0.7430859307732045,1092,-742.6293622141998,-1.5644616117570584,1112,5807,5680,0.9821095431714902,835,-480.615523465704,-1.747740658105297,851,4181,4119,22.790000915527344,-0.035348493518901854,18.23870086669922,0.0009599545901831561,33.1985522,0.0011712155659018768
2022-09-12,3649.199951171875,0.03564934203069746,0.02414326682745113,0.03564934203069746,0.03448222729410294,0.461913835956918,2368,533.3706377858002,-2.227768012620073,2421,12070,11770,0.6573161941374339,1765,449.384476534296,-2.3098902622352626,1804,8324,8214,23.8700008392334,0.046300592079318664,18.221399307250977,-0.0009490681958835517,33.3151319,0.0011671147365945184
2022-09-13,3426.89990234375,-0.06285191817977252,0.03564934203069746,0.06285191817977252,-0.06401767234734455,0.9039067422810337,1318,-516.6293622141998,-2.858205008199274,1356,6348,6222,0.969483919222139,862,-453.615523465704,-2.629875982361869,893,4011,3950,27.270000457763672,0.13316473813460536,18.22249984741211,6.039640033001363e-05,33.353991799999996,0.001165754167572032
2022-09-14,3447.0,0.005848253605819865,-0.06285191817977252,0.005848253605819865,0.004683856838784995,1.1994054696789525,1122,-712.6293622141998,-2.719129036927337,1167,5887,5773,1.6188783570300156,835,-480.615523465704,-2.733353657338103,856,3798,3742,26.15999984741211,-0.04155569288771608,18.246400833129883,0.0013107600554866795,33.3928517,0.0011643967670348703
2022-09-15,3363.10009765625,-0.024641090825776063,0.005848253605819865,0.024641090825776063,-0.02580413334970308,1.1642248722316866,1137,-697.6293622141998,-2.0123087131987214,1169,5870,5607,1.7932521315468932,853,-462.615523465704,-2.0340002194350024,874,4105,4057,26.270000457763672,0.004196100366660546,18.22907066345215,-0.0009502369823173834,33.4317116,0.0011630425239270176
2022-09-16,3377.300048828125,0.0042133914517006685,-0.024641090825776063,0.0042133914517006685,0.0030517000244552933,1.5735465116279048,1331,-503.6293622141998,-1.1550333500866374,1375,6536,6369,2.189241622574956,1085,-230.61552346570397,-0.9669292749007509,1115,5103,5036,26.299999237060547,0.0011412890518258574,18.27322006225586,0.002418994504423904,33.4705715,0.0011616914272453752
2022-09-19,3199.5,-0.05408204056327503,0.0042133914517006685,0.05408204056327503,-0.05523969746975649,0.7398960999849421,2694,859.3706377858002,-1.527087543334247,2790,13282,13069,1.4698609731876868,1746,430.384476534296,-1.1202819524300622,1810,8056,7948,25.76000022888184,-0.0207460000532964,18.25429916381836,-0.0010359805719432297,33.5871512,0.0011576569064814602
2022-09-20,3277.5,0.02408638905834005,-0.05408204056327503,0.02408638905834005,0.02293007077185858,1.6280900109769485,1871,36.37063778580023,-1.620001640985157,1957,9110,8967,2.1934703947368424,1194,-121.61552346570397,-1.286332445047343,1236,6080,5914,27.15999984741211,0.05292238695106717,18.29290008544922,0.002112388187192312,33.6260111,0.0011563182864814722
2022-09-21,3245.800048828125,-0.009719068712594222,0.02408638905834005,0.009719068712594222,-0.010874051471242723,0.9296904140246184,1629,-205.62936221419977,-2.2354991358239547,1675,8043,7762,1.6909660766961654,1153,-162.61552346570397,-1.888975630043452,1207,5424,5340,27.989999771118164,0.030101998277705832,18.310720443725582,0.0009736938273681034,33.664871,0.0011549827586485005
2022-09-22,3295.300048828125,0.01513535772529287,-0.009719068712594222,0.01513535772529287,0.01398170741301254,1.411567652447001,1630,-204.62936221419977,-2.102602829976404,1673,7642,7547,2.302447425670775,1178,-137.61552346570397,-2.021178630641008,1204,5516,5462,27.350000381469727,-0.023130752534395428,18.315000534057617,0.00023372046950909358,33.7037309,0.0011536503122803296
2022-09-23,3281.60009765625,-0.004166087573707405,0.01513535772529287,0.004166087573707405,-0.005318408510431967,0.4746893274853798,1041,-793.6293622141998,-2.006359954620281,1067,5472,5400,1.1673589164785556,857,-458.615523465704,-2.291333904841594,907,4430,4348,29.920000076293945,0.08981061284051299,18.33799934387207,0.0012549484576675446,33.742590799999995,0.0011523209367245615
2022-09-26,3260.199951171875,-0.006542609881690553,-0.004166087573707405,0.006542609881690553,-0.007690961010830868,1.005439191986091,2187,352.3706377858002,-2.0618668710029957,2283,12079,11808,1.4337435639834242,1603,287.384476534296,-2.2263061820930456,1662,7963,7828,32.2599983215332,0.07530086501150463,18.4325008392334,0.005140082563738569,33.8591705,0.0011483511291403153
2022-09-27,3265.60009765625,0.0016550147649594615,-0.006542609881690553,0.0016550147649594615,0.0005079808336737775,0.1465771812080535,1154,-680.6293622141998,-2.611580076494901,1180,5960,5807,1.2036007413290986,781,-534.615523465704,-2.332818798124356,802,3777,3681,32.599998474121094,0.010484220898846989,18.449499130249023,0.0009217662943031214,33.898030399999996,0.001147033931285684
2022-09-28,3198.199951171875,-0.02085540670215042,0.0016550147649594615,0.02085540670215042,-0.022001126453861194,0.7678932406822494,1192,-642.6293622141998,-2.1695179672373666,1230,6332,6202,1.8082802547770704,800,-515.615523465704,-1.7181301219448073,842,4239,4201,30.18000030517578,-0.07713277811500176,18.44289970397949,-0.00035776618211146217,33.936890299999995,0.0011457197517107738
2022-09-29,3146.89990234375,-0.016170326025843503,-0.02085540670215042,0.016170326025843503,-0.017314734605896956,0.5455253490080827,1199,-635.6293622141998,-1.4785560345198734,1261,6805,6711,1.8565625733740312,793,-522.615523465704,-1.5744063900715712,817,4259,4151,31.84000015258789,0.053543902316957874,18.52330017089844,0.004349951792162832,33.9757502,0.001144408580053451
2022-09-30,3180.0,0.010463386542101384,-0.016170326025843503,0.010463386542101384,0.009320286136103086,1.0627808676307018,949,-885.6293622141998,-1.6480970447461727,969,4495,4410,1.3217880236154078,763,-552.615523465704,-1.870495115867335,777,3557,3537,31.6200008392334,-0.006933507445969212,18.497499465942383,-0.001393849370425399,34.0146101,0.0011431004059982983
2022-10-03,3392.10009765625,0.0645680306244055,0.010463386542101384,0.0645680306244055,0.06363908005970438,0.9351298319052909,2920,1085.3706377858002,-1.6981316976405676,3065,15289,14959,2.0377938871473344,2112,796.384476534296,-1.4787993161038568,2182,10208,9965,30.100000381469727,-0.04926467389430347,18.51619911193848,0.0010104176726728738,34.11682625806451,0.0009289505647011145
2022-10-04,3458.0,0.019241159844607857,0.0645680306244055,0.019241159844607857,0.018313071428227322,1.8372994195971293,1143,-691.6293622141998,-1.2618964642495327,1164,5858,5732,2.484734054800827,901,-414.615523465704,-0.9152845282966616,918,4343,4279,29.06999969482422,-0.034818480355421226,18.523700714111328,0.0004050552140066397,34.14850438709677,0.0009280884163805344
2022-10-05,3484.39990234375,0.007605447674795929,0.019241159844607857,0.007605447674795929,0.0066782198079195975,1.3885212569316083,1033,-801.6293622141998,-1.6009766421413776,1053,5410,5266,0.8939889336016096,797,-518.615523465704,-1.5065704034053402,835,3976,3897,28.549999237060547,-0.018049794693725838,18.569700241088867,0.0024802012958159026,34.18018251612903,0.000927227866876331
2022-10-06,3553.89990234375,0.01974972961201471,0.007605447674795929,0.01974972961201471,0.01882336070026995,1.2376145637162594,1548,-286.6293622141998,-1.3713154198037858,1612,7965,7766,2.017564633905664,1020,-295.615523465704,-1.3245197003145086,1067,5067,4947,30.520000457763672,0.06672531203596996,18.54833984375,-0.0011509443735718268,34.21186064516129,0.0009263689117447605
2022-10-07,3567.60009765625,0.003847563635099417,0.01974972961201471,0.003847563635099417,0.0029220520885400573,1.3732392508572937,1440,-394.6293622141998,-1.2649394480109493,1488,7582,7416,1.6100772043884606,958,-357.615523465704,-1.3748040952628597,996,4922,4813,31.36000061035156,0.02715099352988201,18.575300216674805,0.0014524641237050983,34.243538774193546,0.0009255115465593598
2022-10-10,3582.0,0.004028175455511089,0.003847563635099417,0.004028175455511089,0.0031052265088551915,1.1266127054206532,2232,397.3706377858002,-1.7173875497393576,2317,12231,12048,1.7980169286578003,1644,328.384476534296,-1.7447869742518771,1688,8270,8171,32.45000076293945,0.03416725171638206,18.577999114990234,0.00014528444949581557,34.33857316129032,0.0009229489466558974
2022-10-11,3571.60009765625,-0.002907601635158501,0.004028175455511089,0.002907601635158501,-0.003829699532470922,2.0546734080349816,1493,-341.6293622141998,-1.304177338618412,1528,7318,7240,2.3277181339059148,1055,-260.615523465704,-1.1465870940032097,1080,5123,5087,33.630001068115234,0.03571809085163382,18.58309936523437,0.00027449405344541066,34.37025129032258,0.0009220978973124214
2022-10-12,3517.800048828125,-0.015177893906972682,-0.002907601635158501,0.015177893906972682,-0.016099142322997834,1.3964748201438857,1352,-482.6293622141998,-0.9869880487195152,1422,6950,6775,2.094804333407032,902,-413.615523465704,-0.7590465405757468,949,4523,4471,33.56999969482422,-0.0017857556117495637,18.5841007232666,5.388396382229581e-05,34.401929419354836,0.0009212484160251519
2022-10-13,3553.39990234375,0.010069056040797839,-0.015177893906972682,0.010069056040797839,0.00914865554233407,1.7781666150510989,1916,81.37063778580023,-1.116586802034866,1989,9687,9502,2.2254292147480994,1473,157.38447653429603,-0.988063209813844,1521,7106,6940,31.940000534057617,-0.04977364239369622,18.509899139404297,-0.004000737753217777,34.433607548387094,0.0009204004984637693
2022-10-14,3627.0,0.020500996163578623,0.010069056040797839,0.020500996163578623,0.01958144202326361,1.43738379814077,1494,-340.6293622141998,-1.2216509290793138,1556,7530,7428,1.8660595130748423,1130,-185.61552346570397,-1.0976251434093265,1165,5545,5517,32.02000045776367,0.0025015623572302516,18.55290031433105,0.0023204504168866675,34.46528567741935,0.0009195541403150138
2022-10-17,3847.60009765625,0.05904374237663944,0.020500996163578623,0.05904374237663944,0.058126717997196924,0.952773013150372,2559,724.3706377858002,-2.8673379479337715,2683,13992,13693,1.2195355069227338,2127,811.384476534296,-2.9149489265865394,2220,11195,10957,31.3700008392334,-0.02050867290942354,18.58690071105957,0.0018309417545723727,34.56032006451613,0.0009170243794425173
2022-10-18,3841.60009765625,-0.0015606307718303235,0.05904374237663944,0.0015606307718303235,-0.002476814987951912,0.5010038480843232,1088,-746.6293622141998,-2.2122386604452973,1105,5977,5846,1.2425136872173308,777,-538.615523465704,-1.866515700829856,789,4201,4136,30.5,-0.028125365341958763,18.54891014099121,-0.002046034943085505,34.591998193548385,0.0009161842161215887
2022-10-19,3880.300048828125,0.010023510911826496,-0.0015606307718303235,0.010023510911826496,0.009108165320946236,1.2190452428476386,1139,-695.6293622141998,-1.726408618817798,1169,6012,5918,2.5497488699146174,795,-520.615523465704,-0.9899867351350408,817,3982,3923,30.76000022888184,0.00848846846496936,18.57990074157715,0.001669356332519104,34.62367632258064,0.0009153455908802596
2022-10-20,3900.89990234375,0.005294787891558619,0.010023510911826496,0.005294787891558619,0.00438027939205964,1.2042071713147413,1194,-640.6293622141998,-1.3086784372499842,1230,6275,6157,2.124961171510984,917,-398.615523465704,-1.4141360773341751,942,4507,4363,29.979999542236328,-0.02568467467285204,18.59309959411621,0.0007101311691031314,34.6553544516129,0.0009145084994989789
2022-10-21,3934.60009765625,0.008601978970935594,0.005294787891558619,0.008601978970935594,0.007688306033162112,1.2444147871346594,1478,-356.6293622141998,-1.3967650654591646,1528,7493,7326,1.7454203539823012,948,-367.615523465704,-1.296998917203418,986,4520,4448,29.690000534057617,-0.009720170642020446,18.5856990814209,-0.00039810392248757685,34.68703258064516,0.0009136729377734817
2022-10-24,3977.5,0.010844231549909544,0.008601978970935594,0.010844231549909544,0.009933056161192099,1.3521087031303756,2672,837.3706377858002,-2.407443975847048,2797,14535,14229,1.8486058851905458,2055,739.384476534296,-2.7831412340173065,2286,10365,10197,29.850000381469727,0.005374545854703685,18.554330825805664,-0.00168918889684962,34.78206696774193,0.0009111753887174449
2022-10-25,3975.0,-0.0006287331235096053,0.010844231549909544,0.0006287331235096053,-0.0015390790273868721,1.183792572308746,1082,-752.6293622141998,-1.4949614990539672,1113,5843,5740,1.6395876826722346,786,-529.615523465704,-1.2894802043460174,800,3832,3801,28.459999084472656,-0.04768529212537634,18.59079933166504,0.0019635692443189753,34.81374509677419,0.0009103459038772668
2022-10-26,3976.39990234375,0.00035211469059722095,-0.0006287331235096053,0.00035211469059722095,-0.0005574032373027315,1.203848448687351,1232,-602.6293622141998,-1.2711755606309123,1252,6704,6616,1.6835753732869712,976,-339.615523465704,-1.2304007974093258,991,4889,4842,27.280000686645508,-0.04234570234723907,18.606800079345703,0.0008603108222526147,34.84542322580645,0.0009095179278999525
2022-10-27,3934.5,-0.01059305380399139,0.00035211469059722095,0.01059305380399139,-0.01150174526066368,1.3540981061782067,1211,-623.6293622141998,-0.8626477615188981,1242,6442,6348,1.7257301808066763,1016,-299.615523465704,-1.094943243777773,1043,5033,4973,27.38999938964844,0.004024102845698542,18.59040069580078,-0.0008817536946708998,34.87710135483871,0.0009086914566722896
2022-10-28,3879.0,-0.014206420535070895,-0.01059305380399139,0.014206420535070895,-0.015114287021166803,1.7298085688240672,1076,-758.6293622141998,-0.7800210234141146,1109,5485,5324,2.1382995119445165,839,-476.615523465704,-0.3865080298450075,856,3893,3847,25.75,-0.06174333388150429,18.60890007019043,0.0009946087982168744,34.908779483870966,0.0009078664860959085
2022-10-31,3979.0,0.0254531429869614,-0.014206420535070895,0.0254531429869614,0.02454774244944799,2.065922757423593,3109,1274.3706377858002,-1.5217387517470866,3197,16131,15771,2.6534241965337366,2437,1121.384476534296,-1.511214520355807,2519,11886,11622,25.8799991607666,0.00503581009507937,18.572969436645508,-0.0019326970486341923,35.00381387096774,0.000905400537513411
2022-11-01,4054.699951171875,0.01884615860601345,0.0254531429869614,0.01884615860601345,0.017941577077158342,2.310552663195834,1915,80.37063778580023,-1.3223656449101298,1993,9988,9872,2.32079002079002,1527,211.38447653429603,-1.4100604697108463,1610,7696,7597,25.809999465942383,-0.0027084441661897746,18.616670608520508,0.002350180960970073,35.035492,0.0009045815288551068
2022-11-02,4071.89990234375,0.004233006956118146,0.01884615860601345,0.004233006956118146,0.0038388567940189394,2.049603048586852,1730,-104.62936221419977,-1.0326460729663969,1834,9447,9383,2.473376623376623,1427,111.38447653429603,-0.7678796356729998,1503,7392,7319,25.86000061035156,0.0019354039072249207,18.60429954528809,-0.0006647362299711209,35.04930396666666,0.00039415016209920625
2022-11-03,4105.5,0.008217841159783182,0.004233006956118146,0.008217841159783182,0.007823846290827427,1.9410207029369264,1583,-251.62936221419977,-0.8815379015271039,1644,8308,8184,2.577340652637991,1361,45.38447653429603,-0.8017588811487546,1413,6558,6492,25.299999237060547,-0.021893031368095072,18.614999771118164,0.0005749826741178869,35.06311593333333,0.0003939948689557541
2022-11-04,4217.0,0.026796436597716328,0.008217841159783182,0.026796436597716328,0.026402596899582687,2.045499207606972,1187,-647.6293622141998,-0.8464005723675112,1298,6310,6244,2.341427537979261,799,-516.615523465704,-0.6466209030873866,882,4147,4027,24.549999237060547,-0.03009254241419883,18.60919952392578,-0.0003116385227443968,35.0769279,0.00039383969813364274
2022-11-07,4331.7001953125,0.02683614498783279,0.026796436597716328,0.02683614498783279,0.026442770069682254,0.7011325204156768,2358,523.3706377858002,-1.2661592550871485,2429,12723,12511,1.26714859437751,1769,453.384476534296,-1.255481674199845,1810,8715,8534,24.350000381469727,-0.008179957968859137,18.60007095336914,-0.0004906610972311703,35.1183638,0.0003933749181505371
2022-11-08,4360.2998046875,0.006580697787656676,0.02683614498783279,0.006580697787656676,0.006187477552485929,0.6066219808159026,1672,-162.62936221419977,-1.8314818558113677,1720,8653,8455,1.102626885033242,1228,-87.61552346570397,-1.7396472694188787,1276,6167,6070,25.540000915527344,0.047714021256488805,18.444000244140625,-0.008426267827827353,35.13217576666666,0.00039322023517074747
2022-11-09,4361.0,0.00016057132071715515,0.006580697787656676,0.00016057132071715515,-0.00023249435307495382,0.809895744317211,1108,-726.6293622141998,-1.784430279053019,1142,5851,5613,1.580943396226415,756,-559.615523465704,-1.717934960734328,785,3710,3626,26.09000015258789,0.0213062185459617,18.54050064086914,0.005218435474934169,35.145987733333335,0.00039306567379210897
2022-11-10,4467.10009765625,0.024038061509074716,0.00016057132071715515,0.024038061509074716,0.023645150275203645,0.9444143167028205,1129,-705.6293622141998,-1.008405690191876,1155,5532,5381,1.8619334555933984,794,-521.615523465704,-0.8247678142276124,811,3817,3773,23.530000686645508,-0.10327587307618198,18.585039138793945,0.0023993466253137683,35.1597997,0.00039291123387107156
2022-11-11,4455.5,-0.002600162299066566,0.024038061509074716,0.002600162299066566,-0.0029929192143315388,1.4386243386243385,265,-1569.6293622141998,-1.0627146818585913,273,1323,1299,2.124412532637076,172,-1143.615523465704,-0.669808887322407,176,766,756,22.520000457763672,-0.0438724083225021,18.482650756835938,-0.005524414531725565,35.173611666666666,0.00039275691526497293
2022-11-14,4570.2001953125,0.02541772229011682,-0.002600162299066566,0.02541772229011682,0.0250254276042098,-0.8375121175695066,4619,2784.3706377858,-4.202625012318728,4881,25789,25345,0.10411605937921715,3266,1950.384476534296,-4.116086825392497,3459,17784,17475,23.729999542236328,0.05233622755869435,18.491619110107425,0.0004851132141158382,35.21504756666667,0.0003922946859070206
2022-11-15,4657.0,0.018814453639485883,0.02541772229011682,0.018814453639485883,0.01842231278835294,-0.2063580822201513,1840,5.370637785800227,-3.1016442570880263,1991,9657,9493,0.7742752023546731,1348,32.38447653429603,-2.6047258464381127,1435,6795,6734,24.540000915527344,0.03356442543314979,18.591100692749023,0.005365400478859976,35.228859533333335,0.0003921408511329411
2022-11-16,4668.5,0.0024663569416034166,0.018814453639485883,0.0024663569416034166,0.002074369804642042,0.1639678778304371,1491,-343.6293622141998,-2.174594298986795,1579,7596,7515,1.1908189655172423,995,-320.615523465704,-1.9410596677733272,1036,4640,4578,24.11000061035156,-0.01767775908195146,18.60770034790039,0.0008924834020895974,35.2426715,0.00039198713696137453
2022-11-17,4507.2001953125,-0.03516165946842911,0.0024663569416034166,0.03516165946842911,-0.035553493011679656,1.2877657760090966,1777,-57.62936221419977,-1.5652918141936656,1833,8795,8611,2.0363533955584177,1310,-5.615523465703973,-1.3955952915844112,1370,6214,6180,23.93000030517578,-0.007493802835230617,18.603679656982425,-0.000216100071165617,35.256483466666666,0.00039183354325054553
2022-11-18,4526.7001953125,0.004317078878936496,-0.03516165946842911,0.004317078878936496,0.003925398809077373,0.8836536180308432,1686,-148.62936221419977,-1.556629435958642,1758,8430,8206,1.0259643660266395,1198,-117.61552346570397,-1.3164775649957612,1258,5781,5717,23.1200008392334,-0.03443483456993681,18.599199295043945,-0.00024086103475581496,35.27029543333333,0.00039168006985912265
2022-11-21,4570.2998046875,0.009585565178252547,0.004317078878936496,0.009585565178252547,0.009194344808065018,-2.809503346830841,4368,2533.3706377858,-3.7018099857067197,4556,24202,23610,-1.3864054982817873,2708,1392.384476534296,-3.0213981676151174,2901,14550,14294,22.36000061035156,-0.03342440451971913,18.610429763793945,0.0006036324131717686,35.311731333333334,0.0003912203701875295
2022-11-22,4780.7001953125,0.04500821461997273,0.009585565178252547,0.04500821461997273,0.04461714724331121,-1.9542744811191373,2101,266.3706377858002,-3.3238372206545472,2193,10937,10751,-0.30131420142148285,1596,280.384476534296,-2.811262703555068,1627,7457,7290,21.290000915527344,-0.04903615367539873,18.60059928894043,-0.0005283635165412887,35.3255433,0.00039106737666152303
2022-11-23,4854.2001953125,0.015257329672220092,0.04500821461997273,0.015257329672220092,0.01486641516946961,-1.093195718654434,2135,300.3706377858002,-2.790081321392037,2215,10464,10256,0.6030435437697766,1375,59.38447653429603,-2.377660182207178,1421,6637,6471,20.350000381469727,-0.04515659127403576,18.61210060119629,0.0006181391114340637,35.339355266666665,0.0003909145027504827
2022-11-25,4874.2998046875,0.0033084251857366546,0.0008236893178365941,0.0033084251857366546,0.002917816072524466,-0.694377626430952,1293,-541.6293622141998,-1.9437299738767155,1342,6901,6793,0.860312913177612,904,-411.615523465704,-1.6619384096185013,931,4538,4476,20.5,0.00734395551031755,18.62680053710937,0.000956138245820633,35.3669792,0.00039060911321218836
2022-11-28,4923.2001953125,0.009982300931129753,0.0033084251857366546,0.009982300931129753,0.00959214900861289,-0.5898394495412844,3204,1369.3706377858002,-2.312334937543075,3373,17440,17068,0.41967638119077416,2173,857.384476534296,-2.057125378221803,2259,11186,10961,22.209999084472656,0.08011771054057051,18.59602928161621,-0.0016533542802982123,35.4084151,0.00039015192251686415
2022-11-29,4962.5,0.0079508807558095,0.009982300931129753,0.0079508807558095,0.007560880992451676,0.3358714266895012,1401,-433.6293622141998,-1.9545958683518923,1444,7591,7393,1.2811902439024383,1055,-260.615523465704,-1.7936974297332815,1099,5125,5024,21.88999938964844,-0.014512713032827779,18.61849975585937,0.0012076185057365624,35.42222706666667,0.00038999976335782436
2022-11-30,4977.60009765625,0.003038220767070397,0.0079508807558095,0.003038220767070397,0.0026483730442344333,-0.1831385642737897,1287,-547.6293622141998,-2.3035937030479947,1331,6589,6426,1.2017884742768832,951,-364.615523465704,-2.1631802224087413,981,4529,4421,20.57999992370605,-0.06171015695339056,18.63990020751953,0.0011487586173647537,35.43603903333334,0.00038984772283596374
2022-12-01,5046.2001953125,0.013687656712629797,0.003038220767070397,0.013687656712629797,0.013297960911816295,-0.1350162033088863,1187,-647.6293622141998,-2.2113854761470546,1207,5863,5753,0.5757606490872212,866,-449.615523465704,-2.111380700705584,877,3944,3909,19.84000015258789,-0.036619617151065965,18.6299991607666,-0.0005313160031912658,35.449851,0.00038969580081350054
2022-12-02,4963.0,-0.016625126887705066,0.013687656712629797,0.016625126887705066,-0.01876765092380188,-0.0095533272561532,1099,-735.6293622141998,-2.338190195308964,1178,5485,5386,1.311009174311928,826,-489.615523465704,-1.9778533282313564,910,4033,3992,19.059999465942383,-0.040108239341404936,18.63260078430176,0.0001396372525386945,35.52588458064516,0.0021425240360968133
2022-12-05,4957.7998046875,-0.001048342047241704,-0.016625126887705066,0.001048342047241704,-0.003177182800687855,0.012305333656096182,2301,466.3706377858002,-2.352177530421007,2373,12393,12131,0.7840643771959658,1719,403.384476534296,-2.0625807188378165,1788,8823,8743,20.75,0.08495437647046357,18.630699157714844,-0.00010206431483676281,35.75398532258065,0.002128840753446151
2022-12-06,5000.10009765625,0.00849587720690022,-0.001048342047241704,0.00849587720690022,0.006371558790775913,0.8013554727211126,1107,-727.6293622141998,-1.5592375117235455,1151,5902,5838,0.7239262424106147,838,-477.615523465704,-1.3062458415929807,877,4447,4369,22.170000076293945,0.06619378039282739,18.62459945678711,-0.000327454145266997,35.830018903225806,0.0021243184161243065
2022-12-07,4827.0,-0.0352327750866064,0.00849587720690022,0.0352327750866064,-0.03735259033846267,0.4995243562407741,1058,-776.6293622141998,-2.032903550242323,1101,6097,6031,1.2870641169853771,881,-434.615523465704,-2.2384918460011725,910,4445,4411,22.68000030517578,0.022743465245738823,18.62660026550293,0.0001074225116325127,35.90605248387097,0.002119815251856273
2022-12-08,4855.89990234375,0.005969283675231352,-0.0352327750866064,0.005969283675231352,0.0038539525362620277,1.0632185698706966,1146,-688.6293622141998,-2.084017539687213,1206,6419,6330,1.3367156761234216,877,-438.615523465704,-1.8254205293564811,949,4829,4762,22.290000915527344,-0.017345303844040455,18.62697982788086,2.037722962421629e-05,35.98208606451613,0.0021153311389693246
2022-12-09,5005.2998046875,0.0303028716560648,0.005969283675231352,0.0303028716560648,0.02819200569924546,1.3820847997318588,1067,-767.6293622141998,-1.7391543351613905,1110,5967,5826,1.8745310086073703,847,-468.615523465704,-1.2980819639985517,897,4531,4461,22.82999992370605,0.023937268728642467,18.63853073120117,0.0006199246175317283,36.05811964516129,0.002110865956819339
2022-12-12,5193.2998046875,0.03687198365045048,0.0303028716560648,0.03687198365045048,0.03477440084692712,0.9823290717065035,3323,1488.3706377858002,-1.5633216936049028,3492,17990,17698,1.4919107285251032,2339,1023.384476534296,-1.5279279153800094,2478,11576,11467,25.0,0.09080036766832521,18.635610580444336,-0.000156685072280581,36.286220387096776,0.002097582803523357
2022-12-13,5256.2001953125,0.012039073707135889,0.03687198365045048,0.012039073707135889,0.009945881549094145,0.8866568102014416,1015,-819.6293622141998,-1.5812363220638428,1033,5411,5253,1.719977553310887,706,-609.615523465704,-1.580112807207644,727,3564,3483,22.549999237060547,-0.10314079275274912,18.617900848388672,-0.0009507685429102148,36.362253967741935,0.002093192158041743
2022-12-14,5066.5,-0.036758125461003106,0.012039073707135889,0.036758125461003106,-0.0388469453161116,0.3067901234567901,1289,-545.6293622141998,-1.9070272208983583,1324,6804,6672,1.2175021607605887,948,-367.615523465704,-1.3805096144085238,970,4628,4515,21.13999938964844,-0.06456808054524123,18.629499435424805,0.0006227864131534152,36.438287548387095,0.0020888198551084936
2022-12-15,5188.7998046875,0.023852175023511186,-0.036758125461003106,0.023852175023511186,0.02176770924349091,0.3740779610194901,1277,-557.6293622141998,-1.9022425233696603,1319,6670,6516,1.3752927120669056,825,-490.615523465704,-1.6078706391835105,839,4185,4143,22.82999992370605,0.0769085056296651,18.607770919799805,-0.0011670306595427309,36.51432112903226,0.0020844657800202747
2022-12-16,5214.2998046875,0.00490239486857074,0.023852175023511186,0.00490239486857074,0.00282226504954319,-0.3144699453551913,834,-1000.6293622141998,-2.403963132318968,869,4575,4472,0.8385913664394685,638,-677.615523465704,-1.6888129216919272,658,3081,3063,22.6200008392334,-0.009240949410513647,18.64459991455078,0.0019772704890984737,36.59035470967742,0.0020801298190275498
2022-12-19,5391.89990234375,0.033492995533986235,0.00490239486857074,0.033492995533986235,0.03142576603674115,0.4378503350004718,1964,129.37063778580023,-2.2639160113244916,2032,10597,10270,0.958826368527221,1421,105.38447653429603,-2.4283601775076784,1454,7331,7162,22.420000076293945,-0.008881086742406634,18.622900009155277,-0.0011645486223831197,36.818455451612905,0.002067229497245084
2022-12-20,5419.0,0.005013487251673897,0.033492995533986235,0.005013487251673897,0.002950522377783762,0.762126812624396,1257,-577.6293622141998,-2.2951058418164467,1295,7034,6875,1.2290170940170944,924,-391.615523465704,-2.1978768671984747,938,4680,4569,21.479999542236328,-0.04283117271744946,18.64520072937012,0.0011967727055917216,36.894489032258065,0.0020629648738901348
2022-12-21,5429.10009765625,0.0018620957557084507,0.005013487251673897,0.0018620957557084507,-0.00019662205415163525,0.9658904619970193,920,-914.6293622141998,-1.102120435988187,974,5368,5262,1.307311648596052,706,-609.615523465704,-1.4872427958696712,730,3607,3568,20.06999969482422,-0.06789610072682875,18.636680603027344,-0.0004570652653035525,36.970522612903224,0.002058717809860086
2022-12-22,5447.2001953125,0.003328358702510712,0.0018620957557084507,0.003328358702510712,0.0012738705055826672,0.6488062693639507,1005,-829.6293622141998,-1.8127896150045544,1040,5487,5407,1.6397344479960665,804,-511.615523465704,-1.5797066014321737,837,4067,4032,21.96999931335449,0.09045170754006276,18.654800415039062,0.000971793714974327,37.04655619354838,0.0020544881969280448
2022-12-23,5454.7998046875,0.0013941681537239681,0.003328358702510712,0.0013941681537239681,-0.000656107774031635,-0.0118156934306569,806,-1028.6293622141998,-2.8131339401271145,833,4384,4247,0.6479421928997794,627,-688.615523465704,-2.6013177195840247,650,3183,3158,20.8700008392334,-0.05136509384120208,18.66963005065918,0.0007946343033464624,37.12258977419355,0.002050275927755603
2022-12-27,5434.5,-0.012725766791997451,0.008997367617181666,0.012725766791997451,-0.014759364964439487,0.6409591836734694,1019,-815.6293622141998,-1.4165700834187385,1057,4900,4810,1.1815884476534295,644,-671.615523465704,-1.2560941394636154,661,3047,3030,21.649999618530277,0.036692675527112216,18.65679931640625,0.0017901753089432477,37.426724096774194,0.002033598172442035
2022-12-28,5345.60009765625,-0.016493709132220397,-0.012725766791997451,0.016493709132220397,-0.018523180174639973,0.8670984046754072,1322,-512.6293622141998,-1.9375988222339968,1364,6331,6291,1.7789278254815533,934,-381.615523465704,-1.931017719845847,964,4309,4273,22.13999938964844,0.022380462884019337,18.65699958801269,1.073445279345032e-05,37.50275767741935,0.002029471042419576
2022-12-29,5476.89990234375,0.024265418744916094,-0.016493709132220397,0.024265418744916094,0.022240058114654113,0.8092440668033997,1315,-519.6293622141998,-2.4516634376512223,1366,6826,6658,1.9830772811918065,911,-404.615523465704,-2.26952973351681,964,4296,4154,21.440000534057617,-0.032127538600664654,18.69367027282715,0.0019635897687315215,37.57879125806451,0.0020253606302619836
2022-12-30,5509.2001953125,0.005880227879300782,0.024265418744916094,0.005880227879300782,0.0038589610447052436,0.7079974678202161,962,-872.6293622141998,-2.232342650102349,980,4739,4682,1.6986977381768344,657,-658.615523465704,-2.1552512649406053,667,2918,2877,21.670000076293945,0.010670457956980314,18.70298957824707,0.0004984031007018981,37.65482483870967,0.002021266834595539
2023-01-03,5626.60009765625,-0.006112867428001194,0.02719877935935135,0.006112867428001194,-0.007125856795708125,1.5902067639044717,1081,-753.6293622141998,-1.583966309130035,1134,6239,6153,2.7794172062904705,774,-541.615523465704,-1.0287821857483168,824,4324,4236,22.899999618530277,0.05520807483314222,18.74329948425293,0.005272815965243404,37.88360451612903,0.0010129893677069317
2023-01-04,5523.5,-0.018493652114258387,-0.006112867428001194,0.018493652114258387,-0.019505616372842982,1.094597171460353,1277,-557.6293622141998,-2.18670633136663,1336,6293,6232,1.8637266493260825,858,-457.615523465704,-2.0206018335301987,903,4229,4210,22.01000022888184,-0.03963998796476396,18.70686912536621,-0.0019455383903647645,37.92196077419354,0.0010119642585845945
2023-01-05,5116.39990234375,-0.07656066967399865,-0.018493652114258387,0.07656066967399865,-0.07757161089611192,1.3990844354018293,1876,41.37063778580023,-1.715239657000355,1981,9830,9675,1.827033492822966,1290,-25.615523465703973,-1.798205480553257,1377,6270,6180,22.459999084472656,0.02023900261036192,18.735950469970703,0.0015533739588252707,37.96031703225806,0.0010109412221132694
2023-01-06,5342.0,0.04314906703157518,-0.07656066967399865,0.04314906703157518,0.04213914677956247,1.0081830790568649,1074,-760.6293622141998,-1.745109556082424,1125,5768,5611,1.533931484502448,744,-571.615523465704,-1.6708092817377982,782,3678,3652,21.1299991607666,-0.06104211663738497,18.766599655151367,0.0016345124212628665,37.99867329032258,0.0010099202520127044
2023-01-09,5171.0,-0.03253402127368473,0.04314906703157518,0.03253402127368473,-0.0335408909512034,0.5894277529811472,2728,893.3706377858002,-1.910813543934885,2835,15011,14735,1.6172272008434372,1863,547.384476534296,-1.728662368131924,1911,9485,9373,21.96999931335449,0.03898406323239964,18.768489837646484,0.00010071549167755024,38.113742064516124,0.0010068696775186673
2023-01-10,4988.0,-0.03603106559629437,-0.03253402127368473,0.03603106559629437,-0.037036922506904414,1.3090071807680288,1243,-591.6293622141998,-1.4732808530446628,1264,6406,6192,2.276784551963548,944,-371.615523465704,-1.4086674113556426,960,4609,4486,20.57999992370605,-0.06535812844402532,18.75849914550781,-0.0005324537164010311,38.15209832258064,0.001005856910610044
2023-01-11,4728.89990234375,-0.05334243115026502,-0.03603106559629437,0.05334243115026502,-0.05434727732931668,1.171426803613414,1529,-305.6293622141998,-1.869737038088215,1610,8081,7940,1.877720848056532,1169,-146.61552346570397,-1.7720965503777268,1213,5660,5594,21.09000015258789,0.02447927502705114,18.75445938110352,-0.00021537967564146595,38.19045458064516,0.00100484617905166
2023-01-12,4970.7001953125,0.049868117886453935,-0.05334243115026502,0.049868117886453935,0.048864280409739835,1.3601696038160866,1485,-349.6293622141998,-1.4527271894953482,1525,7547,7370,1.912753888380602,1165,-150.61552346570397,-1.407045689591376,1202,5465,5339,18.82999992370605,-0.11334766310842789,18.773399353027344,0.001009382052202457,38.22881083870968,0.0010038374767140964
2023-01-13,4984.89990234375,0.002852608887659682,0.049868117886453935,0.002852608887659682,0.0018497780901673845,0.8154496236630138,1596,-238.62936221419977,-2.1510286893977453,1656,7573,7459,1.8327455402911639,1076,-239.61552346570397,-1.9853628743522358,1127,4877,4844,18.350000381469727,-0.025821743328217784,18.77869987487793,0.0002823022944001228,38.267167096774195,0.0010028307974922974
2023-01-17,5315.0,0.02039467472887526,0.04372501362339723,0.02039467472887526,0.01939585053835557,1.2979947689625115,1731,-103.62936221419977,-1.9420349098615324,1812,8029,7870,1.8498978644382555,1206,-109.61552346570397,-1.493514300742287,1292,5385,5336,19.36000061035156,0.053579518085733954,18.779090881347656,-0.00021184773244232766,38.42059212903226,0.0009988241905196887
2023-01-18,5384.2001953125,0.012935763236224052,0.02039467472887526,0.012935763236224052,0.011937935700068222,1.1238216922203292,1335,-499.6293622141998,-1.3334402675339023,1386,7044,6936,1.7457863440639747,998,-317.615523465704,-1.179444697118265,1033,4877,4783,20.34000015258789,0.049380284747422815,18.75263023376465,-0.0014100420221060492,38.458948387096775,0.0009978275361558298
2023-01-19,5422.39990234375,0.007069728830730806,0.012935763236224052,0.007069728830730806,0.00607289596194287,0.4894778859971256,1221,-613.6293622141998,-1.2907088560272146,1279,6263,6106,1.3791449652777787,947,-368.615523465704,-0.8566641421509038,987,4608,4587,20.520000457763672,0.008810644488462888,18.763029098510746,0.0005543746370186233,38.49730464516129,0.000996832868787936
2023-01-20,5490.2998046875,0.012444359402239029,0.007069728830730806,0.012444359402239029,0.011448519219759302,0.8981913455037195,1198,-636.6293622141998,-1.6263386261136672,1256,5916,5848,1.4202806824435898,757,-558.615523465704,-1.5023963913019676,784,3634,3579,19.850000381469727,-0.03319601625992202,18.792699813842773,0.001580090301241351,38.5356609032258,0.0009958401824797266
2023-01-23,5404.39990234375,-0.01576944472920556,0.012444359402239029,0.01576944472920556,-0.016762318680111687,-0.12586090782561826,4747,2912.3706377858,-2.8228791110201996,4929,22273,21802,0.5164671771615496,2868,1552.384476534296,-2.6716100955530244,2965,13451,13181,19.809999465942383,-0.002017192599349769,18.79335021972656,3.460889789009417e-05,38.650729677419356,0.0009928739509061247
2023-01-24,5366.5,-0.007037491594457559,-0.01576944472920556,0.007037491594457559,-0.008029380724403635,-0.0328675981370593,2207,372.3706377858002,-2.2232932137035912,2292,10521,10217,0.9079649890590812,1463,147.38447653429603,-1.96353485532616,1519,6855,6733,19.200000762939453,-0.031276514981302975,18.719240188598636,-0.003951213538649478,38.689085935483874,0.0009918891299460762
2023-01-25,5297.7998046875,-0.012884323763210996,-0.007037491594457559,0.012884323763210996,-0.01387523002392748,0.5673142370958596,1395,-439.6293622141998,-2.0722760065081185,1431,7052,6959,1.386184773310522,993,-322.615523465704,-1.7700628815326729,1015,4676,4621,19.07999992370605,-0.006269656748659141,18.79523086547852,0.004051278276356266,38.727442193548384,0.000990906260716485
2023-01-26,5231.0,-0.012689138787757003,-0.012884323763210996,0.012689138787757003,-0.013679064125178945,0.1910883636911034,1292,-542.6293622141998,-2.336286141922267,1336,6643,6497,1.2820801440792429,892,-423.615523465704,-1.778881140895369,935,4442,4398,18.729999542236328,-0.018514170005640936,18.804000854492188,0.0004664983177331015,38.7657984516129,0.000989925337421942
2023-01-27,5191.7998046875,-0.007522044149282737,-0.012689138787757003,0.007522044149282737,-0.00851099050357148,0.1544904881285946,1297,-537.6293622141998,-2.812451931646464,1396,6781,6715,0.9066574202496542,861,-454.615523465704,-2.255469496285262,938,4326,4272,18.51000022888184,-0.011815353065151442,18.81049919128418,0.00034552296846877053,38.80415470967742,0.0009889463542887428
2023-01-30,5096.2998046875,-0.01856567232472842,-0.007522044149282737,0.01856567232472842,-0.019551693313193903,0.260323061630219,4243,2408.3706377858,-2.6033324669245714,4407,20120,19594,0.7665024245268268,2685,1369.384476534296,-2.531931351249319,2789,12786,12412,19.940000534057617,0.07441665236620897,18.798599243164062,-0.0006328228547134067,38.919223483870965,0.0009860209884654826
2023-01-31,4976.60009765625,-0.023767801345400182,-0.01856567232472842,0.023767801345400182,-0.024752851054099745,0.4930822826808234,1189,-645.6293622141998,-1.797941378929324,1213,6028,5947,0.8460500963391143,869,-446.615523465704,-1.5474413703495813,894,4152,4044,19.399999618530277,-0.027454744911028,18.808000564575195,0.0004999825379079809,38.95757974193548,0.0009850497086995617
2023-02-01,4713.39990234375,-0.05433745131605983,-0.023767801345400182,0.05433745131605983,-0.05532153165662829,-0.1155733261046355,1428,-406.6293622141998,-2.035132156901762,1461,7378,7224,0.3044401544401544,998,-317.615523465704,-2.0357787358252657,1013,5180,5090,17.8700008392334,-0.08214967027130217,18.804000854492188,-0.00021268265166320716,38.995936,0.0009840803405684567
2023-02-02,4752.2001953125,0.008198214563157516,-0.05433745131605983,0.008198214563157516,0.007380877388080127,-0.1463218092019752,1348,-486.6293622141998,-2.4328752425775737,1436,7694,7363,0.1999999999999997,866,-449.615523465704,-1.862797367515978,930,4576,4509,18.729999542236328,0.04700311588127257,18.807449340820312,0.00018337428202747167,39.027821857142854,0.0008173371750773887
2023-02-03,4997.60009765625,0.05035010692169201,0.008198214563157516,0.05035010692169201,0.04953343724114127,0.6165294205719417,1249,-585.6293622141998,-1.507399467903724,1323,6679,6559,1.1646678424456205,948,-367.615523465704,-1.2583548427963218,978,5103,4977,18.32999992370605,-0.02158743432649611,18.80525016784668,-0.00011693778988837641,39.059707714285715,0.0008166696805507424
2023-02-06,4930.2001953125,-0.013578221939260225,0.05035010692169201,0.013578221939260225,-0.014392895661714138,0.9343570896742812,4478,2643.3706377858,-2.521847979461154,4690,24345,23872,2.581687548942849,4857,3541.384476534296,-2.1208246261027526,5118,25540,25172,19.43000030517578,0.05827922140640191,18.825319290161133,0.0010666394107907097,39.15536528571428,0.0008146737224539131
2023-02-07,4505.2998046875,-0.09012515663239898,-0.013578221939260225,0.09012515663239898,-0.09093916720179579,1.6029889711758714,3521,1686.3706377858002,-1.979007592738775,3747,18769,18488,2.7537410478703546,4155,2839.384476534296,-1.2606347045747297,4390,21224,20959,18.65999984741211,-0.040436091853844745,18.829099655151367,0.00020079263517117392,39.18725114285714,0.0008140105693968105
2023-02-08,4505.2998046875,0.0,-0.09012515663239898,0.0,-0.0008133484950885255,1.47518878101402,3349,1514.3706377858002,-2.019715787439452,3507,17613,17321,2.9649303251493144,3491,2175.384476534296,-1.029363740525512,3624,18084,17606,19.6299991607666,0.05067677829384996,18.831600189208984,0.00013279275592991565,39.219137,0.0008133484950885255
2023-02-15,4950.5,0.09423414341423902,0.0,0.09423414341423902,0.09342539945418254,1.7968752937858388,15968,14133.3706377858,-1.3975452503134909,16920,85096,83394,2.8442023140495847,14338,13022.384476534296,-0.9241718390313522,15106,75625,74176,18.229999542236328,-0.03662231102109,18.84394073486328,0.0003439984006309813,39.442338,0.0008087439600564751
2023-02-16,5008.60009765625,0.011667872845346086,0.09423414341423902,0.011667872845346086,0.010859782423573112,1.9111070347610732,2123,288.3706377858002,-0.9988471912880209,2201,10903,10618,2.416752336448595,1728,412.384476534296,-0.7574662887855514,1791,8560,8297,20.170000076293945,0.10112779216855393,18.85038948059082,0.00034215998817836924,39.47422385714286,0.000808090421772974
2023-02-17,5026.7998046875,0.0036271054788321027,0.011667872845346086,0.0036271054788321027,0.002819667539959164,2.2094002151694427,1313,-521.6293622141998,-0.4762133038077799,1366,7436,7291,2.9744001222680687,1183,-132.61552346570397,-0.0749206414935469,1210,6543,6380,20.020000457763672,-0.007464558996273437,18.854820251464844,0.00023502168140184722,39.506109714285714,0.0008074379388729386
2023-02-21,5149.39990234375,9.710340733444335e-05,0.023999520757525095,9.710340733444335e-05,-0.0007077351028066314,0.9371685781230732,1513,-321.6293622141998,-1.649380793941682,1658,8109,7970,2.567043647287504,1140,-175.61552346570397,-1.3231549919808063,1227,5659,5545,22.8700008392334,0.13309424797811642,18.863500595092773,0.0005324015084378886,39.63365314285714,0.0008048385101410748
2023-02-22,5071.39990234375,-0.015263289718370468,9.710340733444335e-05,0.015263289718370468,-0.016067480984376128,1.2229715489989468,1149,-685.6293622141998,-1.7040424035962736,1199,5694,5624,2.074226078799251,896,-419.615523465704,-1.5282434514426633,932,4264,4234,22.290000915527344,-0.02568785625927578,18.862699508666992,-4.24684396360491e-05,39.665538999999995,0.0008041912660056586
2023-02-23,5086.2001953125,0.00291413390965344,-0.015263289718370468,0.00291413390965344,0.0021105888476030225,0.9211673699015475,1075,-759.6293622141998,-1.8196628480374095,1103,5688,5505,2.025543992431411,829,-486.615523465704,-1.2184742394488857,855,4228,4144,21.13999938964844,-0.05297123690102267,18.875200271606445,0.0006625044567645396,39.697424857142856,0.0008035450620504177
2023-02-24,5058.7998046875,-0.0054017658455338576,0.00291413390965344,0.0054017658455338576,-0.0062046657413030275,1.7315469699330122,1171,-663.6293622141998,-1.1348131780858446,1222,6419,6333,2.520524113631358,861,-454.615523465704,-0.8656903057356313,905,4541,4463,21.670000076293945,0.02476186749877466,18.86302947998047,-0.0006450112857997095,39.72931071428572,0.0008028998957691695
2023-02-27,5197.39990234375,0.02702921934103738,-0.0054017658455338576,0.02702921934103738,0.026228248743000625,1.2726355701817142,2536,701.3706377858002,-1.4073120194399802,2625,13978,13699,2.268565248738283,1856,540.384476534296,-0.9915730291479443,1909,9709,9583,20.950000762939453,-0.0337901362836813,18.882020950317383,0.0010063026395803222,39.824968285714284,0.0008009705980367547
2023-02-28,5237.2998046875,0.007647579312777768,0.02702921934103738,0.007647579312777768,0.006847249755219695,1.5016005690912324,1062,-772.6293622141998,-1.760223645079707,1086,5623,5476,1.9696812645763164,761,-554.615523465704,-1.5089414898583267,776,3859,3805,20.700000762939453,-0.01200494565700265,18.88419914245605,0.00011535134497096716,39.856854142857145,0.0008003295575580736
2023-03-01,5322.7001953125,0.016174669031657252,0.007647579312777768,0.016174669031657252,0.015374979489311125,1.1492430408595151,1175,-659.6293622141998,-1.8885714830810347,1219,6143,5977,2.124778325123154,835,-480.615523465704,-1.3558378812855305,867,4060,3983,20.57999992370605,-0.005814010429586494,18.882400512695312,-9.524975923283977e-05,39.88874,0.0007996895423461279
2023-03-02,5261.39990234375,-0.01158359763035042,0.016174669031657252,0.01158359763035042,-0.012352820344594131,0.9303077263670582,829,-1005.6293622141998,-1.6007453473918862,849,4517,4427,2.184023238925199,578,-737.615523465704,-1.0942946027588347,588,2754,2706,19.59000015258789,-0.049300486953194694,18.883399963378903,5.292887592618228e-05,39.91943512903226,0.000769222714243711
2023-03-03,5212.39990234375,-0.009356748917098636,-0.01158359763035042,0.009356748917098636,-0.010125380382530969,1.339136522753793,801,-1033.6293622141998,-0.6963700271125836,823,4285,4201,2.4257866184448478,562,-753.615523465704,-0.4612394313528455,573,2765,2721,18.489999771118164,-0.057789206725168754,18.88570022583008,0.00012180657958483444,39.95013025806451,0.0007686314654323318
2023-03-06,5392.2998046875,0.033931590270594274,-0.009356748917098636,0.033931590270594274,0.03316472711071175,1.4199883933012774,2248,413.3706377858002,-1.4701866711462859,2331,12062,11621,2.167930029154519,1579,263.384476534296,-1.0819552009126623,1636,7889,7745,18.61000061035156,0.006469070430775006,18.88681983947754,5.9281914251396516e-05,40.04221564516129,0.0007668631598825239
2023-03-07,5381.89990234375,-0.0019305202904156007,0.033931590270594274,0.0019305202904156007,-0.002696795821793876,0.9454454051880156,944,-890.6293622141998,-1.291713519276794,970,4973,4873,2.1405296488198045,679,-636.615523465704,-1.0329704238552972,699,3474,3380,19.59000015258789,0.05132013629439375,18.86989021301269,-0.0008967745111205637,40.072910774193545,0.0007662755313782752
2023-03-08,5438.39990234375,0.01044342846949536,-0.0019305202904156007,0.01044342846949536,0.009677739666739746,0.7159511876225758,875,-959.6293622141998,-1.5501374682873963,902,4589,4389,2.6233585858585866,623,-692.615523465704,-1.1960220447676977,654,3168,3125,19.11000061035156,-0.02480744955448161,18.918100357055664,0.0025516133286057696,40.103605903225805,0.0007656888027556144
2023-03-09,5446.2001953125,0.0014332716377431938,0.01044342846949536,0.0014332716377431938,0.0006681686657949411,1.1817830138913317,1042,-792.6293622141998,-1.4209781186356996,1132,5687,5561,2.300772002058673,752,-563.615523465704,-1.2225575735117569,812,3886,3859,22.61000061035156,0.1681805230936015,18.94079971313477,0.0011991557471090573,40.134301032258065,0.0007651029719482527
2023-03-10,5384.60009765625,-0.011375108063563856,0.0014332716377431938,0.011375108063563856,-0.012139626100461293,1.180078710644678,949,-885.6293622141998,-1.1302526493509149,1000,5336,5237,2.532878492527616,614,-701.615523465704,-1.2707355831998006,628,3078,3013,24.799999237060547,0.09245130912260863,18.95190048217773,0.0005859054278689539,40.16499616129032,0.0007645180368974377
2023-03-13,5323.2001953125,-0.011468382604215038,-0.011375108063563856,0.011468382604215038,-0.012231151190002206,0.8363312202852617,1772,-62.62936221419977,-1.3863443667790298,1818,10096,9842,2.107676704634108,1228,-87.61552346570397,-1.032401192590422,1263,6409,6299,26.520000457763672,0.06705556017148671,18.961389541625977,0.0005005664051010491,40.2570815483871,0.0007627685857871668
2023-03-14,5207.2998046875,-0.02201321320985109,-0.011468382604215038,0.02201321320985109,-0.022775400423147105,1.5618432203389834,878,-956.6293622141998,-0.9271651221830964,902,4720,4591,2.388822155488822,624,-691.615523465704,-0.6983609507917592,639,2997,2942,23.729999542236328,-0.11115913142156775,18.97100067138672,0.000506750558688437,40.28777667741935,0.0007621872132960151
2023-03-15,5121.60009765625,-0.016594540462040668,-0.02201321320985109,0.016594540462040668,-0.01735614718840051,1.358426966292134,1429,-405.6293622141998,-1.5116200555527437,1507,7120,6987,2.4956106870229,1096,-219.61552346570397,-1.308773771931442,1148,5240,5146,26.13999938964844,0.09672663368957533,18.974899291992188,0.00020548310215060306,40.31847180645161,0.0007616067263598408
2023-03-16,5229.60009765625,0.020867902689144766,-0.016594540462040668,0.020867902689144766,0.020106875566188752,1.820620177193485,1423,-411.6293622141998,-0.8747963594510562,1482,6998,6865,2.4836747624076025,1048,-267.615523465704,-1.122222850709872,1085,4735,4683,22.989999771118164,-0.12840735602736547,18.98699951171875,0.0006374928819508493,40.34916693548387,0.0007610271229560144
2023-03-17,5136.39990234375,-0.01798238602773889,0.020867902689144766,0.01798238602773889,-0.01874283442880789,1.841619644723091,1959,124.37063778580023,-0.3711012421307339,2042,9570,9419,2.521318894456119,1379,63.38447653429603,-0.3065366188252164,1422,6187,6135,25.51000022888184,0.10401121230658243,19.00200080871582,0.0007897705993985537,40.379862064516125,0.0007604484010689991
2023-03-20,4975.5,-0.03182655788931533,-0.01798238602773889,0.03182655788931533,-0.03258527539376187,1.6421239470517435,3326,1491.3706377858002,-0.43765779740014266,3453,16620,16096,2.331996402877697,2376,1060.384476534296,-0.43523595337941406,2490,11120,10940,24.149999618530277,-0.054786176823226014,19.00787925720215,0.00030931160650864284,40.4719474516129,0.0007587175044465388
2023-03-21,4906.60009765625,-0.01394461058624598,-0.03182655788931533,0.01394461058624598,-0.014702752874839941,1.4282153330540432,974,-860.6293622141998,-0.926265883241478,985,4774,4651,2.173738262910798,736,-579.615523465704,-0.7844175726302174,750,3408,3350,21.3799991607666,-0.12182849795903464,19.00881004333496,4.8967237816985635e-05,40.50264258064516,0.0007581422885939612
2023-03-22,5001.10009765625,0.019076650277769232,-0.01394461058624598,0.019076650277769232,0.018319082333497855,1.506909722222224,643,-1191.6293622141998,-1.1442237657216126,645,2880,2763,1.9148514851485152,459,-856.615523465704,-1.2299069710664965,461,2020,1963,22.26000022888184,0.040335489785902484,19.03319931030273,0.0012822282904458393,40.53333770967742,0.0007575679442713768
2023-03-23,5062.0,0.012103754358329312,0.019076650277769232,0.012103754358329312,0.011346759888829494,0.9513074384361524,734,-1100.6293622141998,-1.067264598042032,742,3939,3836,1.900868935553947,546,-769.615523465704,-0.8961509784280115,554,2762,2718,22.61000061035156,0.01560095715503785,19.04389953613281,0.0005620294841733064,40.56403283870968,0.0007569944694998173
2023-03-24,5032.0,-0.005944142724792874,0.012103754358329312,0.005944142724792874,-0.00670056458709895,0.7318537554024066,1716,-118.62936221419977,-1.659187628798739,1742,8561,8400,1.0579089436746454,1212,-103.61552346570397,-1.4735445288604925,1226,5557,5417,21.739999771118164,-0.03923844211971962,19.05719947814941,0.0006981395760691291,40.59472796774193,0.0007564218623060761
2023-03-27,4997.7998046875,-0.006819742872138947,-0.005944142724792874,0.006819742872138947,-0.007574452098687515,0.991139294742706,4544,2709.3706377858,-0.8392512364154057,4720,23339,22713,1.5642129477489328,3155,1839.384476534296,-0.8521933996305314,3275,15215,14819,20.600000381469727,-0.053862776851436873,19.0802001953125,0.0012062028428113845,40.686813354838705,0.0007547092265485681
2023-03-28,4811.5,-0.03798889071168202,-0.006819742872138947,0.03798889071168202,-0.03874303078173485,1.126147904448578,1325,-509.6293622141998,-1.0668572667221972,1349,6991,6803,1.7191467002942422,985,-330.615523465704,-1.011623856070389,1005,4758,4672,19.96999931335449,-0.031059981269611188,19.09258079528809,0.0006486611710445771,40.717508483870965,0.0007541400700528258
2023-03-29,4943.2001953125,0.027004048461662312,-0.03798889071168202,0.027004048461662312,0.026250476690304794,1.0486265413258458,1498,-336.6293622141998,-0.7761734705487329,1561,8191,7872,1.891178015053388,1157,-158.61552346570397,-1.0624246613773425,1195,5713,5580,19.1200008392334,-0.04349616152765742,19.12070083618164,0.0014717420105642158,40.748203612903225,0.0007535717713575187
2023-03-30,4896.10009765625,-0.009573944492216803,0.027004048461662312,0.009573944492216803,-0.010326948820741703,1.2600876783882098,1980,145.37063778580023,-0.4977738222958495,2135,10721,10390,2.07120426390089,1424,108.38447653429603,-0.3809385325183096,1494,6942,6804,19.020000457763672,-0.005243870331479798,19.14689064025879,0.0013687722250425682,40.778898741935485,0.0007530043285249007
2023-03-31,4812.89990234375,-0.01713919703128284,-0.009573944492216803,0.01713919703128284,-0.017891634770906047,0.7417191375691665,2018,183.37063778580023,-0.7733835322165841,2137,10482,10295,1.8890446442175843,1294,-21.615523465703973,-0.488005060786394,1335,6563,6455,18.700000762939453,-0.016967516525293273,19.17569923400879,0.0015034787195338617,40.80959387096774,0.0007524377396232093
2023-04-03,4839.5,0.005511616854524969,-0.01713919703128284,0.005511616854524969,0.005497258793281596,0.7488463426607758,3867,2032.3706377858002,-0.7165939868615323,3965,20370,19667,1.9679132149901388,2609,1293.384476534296,-0.633234550613095,2689,12675,12438,18.549999237060547,-0.008053816734809512,19.193479537963867,0.0009268014482906875,40.8414618,1.4358061243372151e-05
2023-04-04,4984.10009765625,0.029441455475877065,0.005511616854524969,0.029441455475877065,0.029427097620784493,0.9737531622696056,2316,481.3706377858002,-0.9263477993362728,2407,11068,10689,1.5465342679127714,1634,318.384476534296,-0.93770798170875,1721,7704,7550,19.0,0.023969231241808685,19.20479965209961,0.0005896157172908653,40.8420482,1.4357855092571349e-05
2023-04-05,4919.89990234375,-0.012964679837713246,0.029441455475877065,0.012964679837713246,-0.012979037486660567,0.3956611927398446,2300,465.3706377858002,-1.718281786259149,2408,11570,11256,1.6700998119485022,1482,166.38447653429603,-1.406026975035003,1560,6913,6733,19.07999992370605,0.004201682855065258,19.21699905395508,0.0006350250470447685,40.8426346,1.4357648947321539e-05
2023-04-06,4912.7998046875,-0.0014441809679603007,-0.012964679837713246,0.0014441809679603007,-0.0014585384107685896,0.190179525539645,1736,-98.62936221419977,-1.5769812454167336,1798,9358,8886,1.45875096376253,1251,-64.61552346570397,-1.2166842441339318,1292,6511,6266,18.399999618530277,-0.03629001813861621,19.250099182128903,0.0017209583181998747,40.843221,1.4357442808288846e-05
2023-04-10,5092.2998046875,0.03348648366994109,0.0023990686046387382,0.03348648366994109,0.033472127051630315,0.23324652374087324,4038,2203.3706377858,-1.6776470857276562,4149,21503,20729,1.316302056743076,2848,1532.384476534296,-1.9454187956521418,2954,13731,13448,18.96999931335449,0.030508103867642994,19.245399475097656,-0.0002753796855667833,40.8455666,1.4356618310776583e-05
2023-04-11,5124.2998046875,0.00626433566323521,0.03348648366994109,0.00626433566323521,0.006249979251033713,0.7877048122822866,1396,-438.6293622141998,-1.266589804295882,1430,7751,7399,2.040475277884247,1019,-296.615523465704,-1.1029657854965904,1045,5218,5052,19.100000381469727,0.006829607274288469,19.265300750732425,0.0010335453414058377,40.846153,1.4356412201497227e-05
2023-04-12,5146.10009765625,0.004245273001452402,0.00626433566323521,0.004245273001452402,0.004230916795354633,0.873098688750863,1363,-471.6293622141998,-1.0065729010825806,1395,7245,7001,1.640061791967046,970,-345.615523465704,-1.0006492403696556,994,4855,4708,19.09000015258789,-0.0005237092940851025,19.291040420532227,0.0013351720024093643,40.8467394,1.4356206097768864e-05
2023-04-13,5135.60009765625,-0.0020424644661376132,0.004245273001452402,0.0020424644661376132,-0.002056820466137871,1.0360114613180522,1605,-229.62936221419977,-1.1567482354340668,1661,8725,8383,1.7718513172140031,1125,-190.61552346570397,-0.47606845289353955,1140,5542,5373,17.799999237060547,-0.06996623129446441,19.30875968933105,0.0009181016478342554,40.8473258,1.435600000025762e-05
2023-04-14,5092.89990234375,-0.008349307008469134,-0.0020424644661376132,0.008349307008469134,-0.008363662802377431,0.8581682856061571,1400,-434.6293622141998,-0.6371757298784274,1422,7927,7571,1.5534354584365857,867,-448.615523465704,-0.7329605648531604,880,4439,4296,17.06999969482422,-0.041875895507824036,19.335100173950195,0.001363243153849844,40.847912199999996,1.4355793908297366e-05
2023-04-17,5059.39990234375,-0.006599513850355449,-0.008349307008469134,0.006599513850355449,-0.0066138690260238355,0.43258047616275686,2959,1124.3706377858002,-0.9369461006989818,3029,17179,16550,1.404681404421327,2104,788.384476534296,-0.8724825993118875,2157,10766,10506,16.950000762939453,-0.007054640090812043,19.37829971313477,0.002231762502964345,40.8496714,1.4355175668387064e-05
2023-04-18,5018.7001953125,-0.008076904951357577,-0.006599513850355449,0.008076904951357577,-0.008091259920957983,0.8120799153215138,1235,-599.6293622141998,-0.8475190760319992,1266,7558,7187,1.610980235575965,929,-386.615523465704,-0.4663264806948437,947,5009,4855,16.829999923706055,-0.007104875168132019,19.385299682617188,0.00036116200082661736,40.8502578,1.4354969600407115e-05
2023-04-19,5061.2001953125,0.008432672982969673,-0.008076904951357577,0.008432672982969673,0.008418318219431472,0.4867413388903364,1367,-467.6293622141998,-1.0327057635526924,1438,7678,7470,0.9715135238826016,955,-360.615523465704,-1.213940234733879,1036,5213,5087,16.459999084472656,-0.02222986404192645,19.399599075317383,0.0007373691207672519,40.8508442,1.4354763538200199e-05
2023-04-20,5012.2998046875,-0.009708795302495188,0.008432672982969673,0.009708795302495188,-0.009723149859977177,1.0145026469768734,1333,-501.6293622141998,-0.908348607059321,1399,7178,7054,1.4146053449347424,947,-368.615523465704,-1.3404852826395548,982,4827,4780,17.170000076293945,0.04223053972525203,19.3981990814209,-7.216872934062686e-05,40.8514306,1.435455748198836e-05
2023-04-24,5022.7998046875,0.002092655626855409,-0.009708795302495188,0.002092655626855409,0.002078301893539427,0.5417280585955798,4186,2351.3706377858,-1.2794242318944407,4332,23483,22514,1.3929078014184402,2784,1468.384476534296,-1.3341153096484177,2923,13959,13648,16.889999389648438,0.007130091551149501,19.405170440673828,4.688578383105557e-05,40.8537762,1.4353733315981555e-05
2023-04-25,4891.0,-0.026590726690267262,0.002092655626855409,0.026590726690267262,-0.026605080217556563,1.085191098692745,1798,-36.62936221419977,-1.2683029380545328,1915,10021,9724,1.7395474452554751,1370,54.38447653429603,-0.9657037676011926,1445,6850,6660,18.76000022888184,0.10500526109575481,19.402700424194336,-0.00012729461461200326,40.8543626,1.4353527289301013e-05
2023-04-26,4783.5,-0.02222428542113522,-0.026590726690267262,0.02222428542113522,-0.022238638742403612,0.7138602866949331,1812,-22.629362214199773,-1.3469219842915263,1869,9906,9491,1.4080659536541904,1378,62.38447653429603,-1.063439389275602,1411,6732,6499,18.84000015258789,0.004255321468758906,19.41783905029297,0.0007799287218031045,40.854949,1.4353321268393503e-05
2023-04-27,4789.60009765625,0.00127442488214881,-0.02222428542113522,0.00127442488214881,0.0012600717668951069,0.4709735234215887,2231,396.3706377858002,-1.51271935883139,2314,12275,11957,1.4782001117942951,1497,181.38447653429603,-1.4167737499981667,1553,7156,7058,17.030000686645508,-0.10100574225300608,19.423099517822266,0.00027087231953644653,40.8555354,1.4353115253703113e-05
2023-04-28,4617.89990234375,-0.03650688586356137,0.00127442488214881,0.03650688586356137,-0.036521238772805935,0.0654747715534365,1849,14.370637785800227,-1.719035882754452,2019,10068,9838,0.8759693417493238,1277,-38.61552346570397,-1.7031717192959952,1433,6654,6499,15.779999732971191,-0.07623323649860547,19.43549919128418,0.0006381945975763944,40.8561218,1.4352909244563715e-05
2023-05-02,4506.2001953125,-0.024485765522464304,-0.03650688586356137,0.024485765522464304,-0.0257496437338322,0.377221199496173,5381,3546.3706377858,-0.9340420737492758,5574,30963,29609,1.4233755274261612,3665,2349.384476534296,-0.92966166931047,3761,18960,18214,17.780000686645508,0.10049800969856827,19.452049255371094,0.00013110661305527346,40.90955303225806,0.0012638782113678962
2023-05-03,4486.0,-0.004492833534191522,-0.024485765522464304,0.004492833534191522,-0.005755116373570252,1.0970334736420118,1808,-26.629362214199773,-1.3695530140110834,1876,9978,9671,1.8423944063926925,1418,102.38447653429603,-1.0723851214937703,1469,7008,6763,18.34000015258789,0.031010206443528907,19.473539352416992,0.001104163096711729,40.96122506451613,0.001262282839378731
2023-05-04,4484.39990234375,-0.0003567505775973717,-0.004492833534191522,0.0003567505775973717,-0.0016174420675314446,0.8892534073091309,1476,-358.6293622141998,-1.5202642174415923,1522,8291,8055,1.5613963797561892,1129,-186.61552346570397,-1.587408325718003,1147,5414,5246,20.09000015258789,0.09113771127378989,19.474889755249023,6.934312184151244e-05,41.01289709677419,0.001260691489934073
2023-05-05,4400.7998046875,-0.01881838732244409,-0.0003567505775973717,0.01881838732244409,-0.020077491470284127,0.8926801928034979,1609,-225.62936221419977,-0.8306800798500008,1657,8921,8682,1.587032173342088,1230,-85.61552346570397,-0.7827080290104709,1265,6092,5920,17.190000534057617,-0.15589433595937743,19.487199783325195,0.0006318977565920331,41.06456912903226,0.0012591041478400365
2023-05-08,4561.89990234375,0.035952883806610846,-0.01881838732244409,0.035952883806610846,0.03469851779175122,0.08785428997642059,3613,1778.3706377858002,-1.7531996258270683,3795,20781,20288,0.8044362588084564,2367,1051.384476534296,-1.5374441026251626,2494,12488,12282,16.979999542236328,-0.012291696538472011,19.499000549316406,0.0006053817120379619,41.21958522580645,0.0012543660148596305
2023-05-09,4536.2001953125,-0.005649481783975619,0.035952883806610846,0.005649481783975619,-0.0069022763357204,0.9954526271365273,1762,-72.62936221419977,-1.7464347520066636,1854,9478,9220,1.6435901807023536,1239,-76.61552346570397,-1.4653189112932197,1331,5866,5752,17.709999084472656,0.04209324617502903,19.50189971923828,0.0001486719489679477,41.271257258064516,0.0012527945517447812
2023-05-10,4494.5,-0.009235273189293423,-0.005649481783975619,0.009235273189293423,-0.010486500210438064,1.356607282693812,1940,105.37063778580023,-1.2743777458433552,2019,10216,10034,2.232376250487202,1580,264.384476534296,-1.4447047732340514,1666,7697,7569,16.940000534057617,-0.04445167934890709,19.520000457763672,0.0009277221120198607,41.32292929032258,0.001251227021144641
2023-05-11,4848.0,0.07571182173569638,-0.009235273189293423,0.07571182173569638,0.07446215832737905,1.3468761868590962,2018,183.37063778580023,-1.1463679491576309,2119,10532,10327,2.04304714053495,1510,194.38447653429603,-1.2060210980687072,1574,6767,6725,16.93000030517578,-0.0005905065795475104,19.53969955444336,0.0010086661363859501,41.374601322580645,0.0012496634083173199
2023-05-12,4795.60009765625,-0.01086739755193322,0.07571182173569638,0.01086739755193322,-0.012115501250525861,0.7840644409937899,2112,277.3706377858002,-1.6220794756550987,2168,10304,10014,1.912812596480397,1415,99.38447653429603,-1.4627592158075031,1482,6478,6390,17.030000686645508,0.0058893208235718105,19.56579971313477,0.001334858935740167,41.426273354838706,0.0012481036985926405
2023-05-15,4501.2001953125,-0.06335477993016934,-0.01086739755193322,0.06335477993016934,-0.06459822777260638,0.6808284737582948,4673,2838.3706377858,-1.078567876449593,4966,24865,24265,1.4452347258967577,3262,1946.384476534296,-0.979735456039448,3519,16253,15944,17.1200008392334,0.005270884739881481,19.62800025939941,0.003174001935360989,41.5812894516129,0.0012434478424370355
2023-05-16,4589.7001953125,0.01947063372891861,-0.06335477993016934,0.01947063372891861,0.0182287301290323,0.9184428928994868,1427,-407.6293622141998,-0.663796687287789,1499,7591,7455,1.4399488771225126,1100,-215.61552346570397,-0.8556529871942968,1181,5477,5345,17.989999771118164,0.049568615505478746,19.67970085144043,0.002630559426945923,41.632961483870965,0.00124190359988631
2023-05-17,4661.7001953125,0.015565525362100121,0.01947063372891861,0.015565525362100121,0.014325162173919947,0.9107929739059801,1898,63.37063778580023,-0.7314160412256467,2025,9849,9729,1.567400956284154,1248,-67.61552346570397,-1.019794237257606,1322,5856,5769,16.8700008392334,-0.06427908893475077,19.731300354003903,0.0026185344431170873,41.68463351612903,0.001240363188180174
2023-05-18,4501.7001953125,-0.03492508377554935,0.015565525362100121,0.03492508377554935,-0.036163910368630106,1.158585353661585,1559,-275.6293622141998,-1.184270181908424,1613,8002,7807,1.4244431643625202,1046,-269.615523465704,-0.7730653402255123,1071,5208,5062,16.049999237060547,-0.04982814426410975,19.76440048217773,0.0016761386795248764,41.736305548387094,0.0012388265930807563
2023-05-22,4466.2001953125,-0.007917167650483274,-0.03492508377554935,0.007917167650483274,-0.009149885746948049,0.8201767740844119,4465,2630.3706377858,-1.1132746066723596,4601,23646,22721,1.5065565658440039,3251,1935.384476534296,-0.9889559549085704,3356,16167,15821,17.209999084472656,0.02351664137575075,19.815900802612305,0.0004563454186490795,41.94299367741935,0.001232718096464775
2023-05-23,4471.0,0.0010741183019466242,-0.007917167650483274,0.0010741183019466242,-0.00015708207134577912,0.3314978563772773,1384,-450.6293622141998,-0.9993534441512211,1433,7464,7199,1.0987607645452648,951,-364.615523465704,-0.7500945086511868,989,4761,4622,18.530000686645508,0.07390052032710898,19.84454917907715,0.0014446826226509175,41.99466570967742,0.0012312003732924033
2023-05-24,4424.89990234375,-0.01036443998707356,0.0010741183019466242,0.01036443998707356,-0.011594126369841362,0.8089953943580895,1261,-573.6293622141998,-1.060848527455858,1307,6948,6809,0.92975543478261,851,-464.615523465704,-1.3948532926352586,887,4416,4273,20.030000686645508,0.07784010660543,19.86392974853516,0.000976142704042972,42.04633774193548,0.001229686382767802
2023-05-25,4428.0,0.0007003575816203632,-0.01036443998707356,0.0007003575816203632,-0.0005278185295179596,0.8620832775471958,1431,-403.6293622141998,-1.5635881219427274,1516,7469,7263,1.1127073980089797,1033,-282.615523465704,-1.5349998363985038,1075,5123,5004,19.13999938964844,-0.04545082982256885,19.907100677490234,0.002170974473051397,42.09800977419355,0.0012281761111383228
2023-05-26,4580.7001953125,0.03390385266718113,0.0007003575816203632,0.03390385266718113,0.032677183122463184,0.4394164456233426,1404,-430.6293622141998,-1.4963668612522325,1455,7540,7345,1.0826795841209833,870,-445.615523465704,-1.5248686951872474,887,4232,4114,17.950000762939453,-0.06419019669813379,19.97439956665039,0.0033749459086285126,42.14968180645161,0.0012266695447179458
2023-05-30,4951.39990234375,0.03761756390090232,0.04020091373761674,0.03761756390090232,0.03639688384114434,1.1078668363019524,1941,106.37063778580023,0.4420962000813928,2023,9432,9232,1.5578467635402913,1722,406.384476534296,0.9863643801430462,1782,7570,7410,17.459999084472656,-0.02767765946212412,20.1270809173584,0.006874060260022005,42.35636993548387,0.00122068005975798
2023-05-31,4886.89990234375,-0.013112209508105353,0.03761756390090232,0.013112209508105353,-0.014331401324539562,1.1497916232548442,1820,-14.629362214199773,-0.0266271747623716,1906,9598,9364,1.605812604717105,1625,309.384476534296,0.410529255180631,1691,7759,7554,17.940000534057617,0.027120388423994002,20.61160087585449,0.023787849020244462,42.40804196774194,0.0012191918164342103
2023-06-01,4959.7998046875,0.014807242320119634,-0.013112209508105353,0.014807242320119634,0.013589535122519389,1.1153055983564444,1833,-1.629362214199773,-0.0589044775820839,1938,9735,9462,1.663444806960305,1504,188.38447653429603,0.1568632601097816,1594,7356,7138,15.649999618530272,-0.1365619937886482,20.786399841308597,0.008444852468629232,42.459714,0.0012177071976002454
2023-06-02,5115.0,0.0308120214394847,0.014807242320119634,0.0308120214394847,0.027654071316520187,1.0013991350801323,1417,-417.6293622141998,-0.1156402866825254,1483,7862,7690,1.7963539940338094,1166,-149.61552346570397,0.128159054973723,1221,6034,5933,14.600000381469728,-0.06944933776874544,20.890199661254883,0.004981214197550971,42.5940116,0.0031579501229645115
2023-06-05,5372.7001953125,0.0491532124078407,0.0308120214394847,0.0491532124078407,0.04602489947788071,1.6502185173195205,4685,2850.3706377858,0.23994674964066132,4843,24712,23943,2.0587615816920652,3995,2679.384476534296,0.902049205093337,4141,19751,19174,14.729999542236328,0.008864644555220937,21.080299377441406,0.009058792272253192,42.9969044,0.003128312929959989
2023-06-06,5388.7998046875,0.0029920775702301197,0.0491532124078407,0.0029920775702301197,-0.00012647952930126176,1.2783076693078197,1247,-587.6293622141998,-0.6132097058516636,1275,6689,6530,1.6655823031880292,939,-376.615523465704,-0.4229741608768398,957,4611,4533,13.960000038146973,-0.053690099330757315,21.269500732421875,0.008935230545672218,43.131202,0.0031185570995313815
2023-06-07,5561.2001953125,0.03149125805215749,0.0029920775702301197,0.03149125805215749,0.02838239612389718,1.3033899862195684,2025,190.37063778580023,-1.8280649284363852,2140,10885,10634,1.5541566103513011,1487,171.38447653429603,-1.8699865585287787,1545,7458,7265,13.9399995803833,-0.0014337248360685253,21.93440055847168,0.030782050076597026,43.2654996,0.0031088619282603077
2023-06-08,5554.0,-0.0012955585492103008,0.03149125805215749,0.0012955585492103008,-0.004394785401366839,1.012802931788628,1581,-253.62936221419977,-1.4364578954956635,1643,8459,8240,1.661799693016117,1039,-276.615523465704,-0.9676122913579864,1067,5212,5111,13.649999618530272,-0.021022881546280903,23.295530319213867,0.06020530421569183,43.399797199999995,0.0030992268521565385
2023-06-09,5626.5,0.012969190323306911,-0.0012955585492103008,0.012969190323306911,0.009879539009107912,1.036414491209377,1347,-487.6293622141998,-1.28979147342072,1385,7508,7162,1.470949033391917,1020,-295.615523465704,-1.092367551413861,1050,5690,5386,13.829999923706056,0.013100646475644698,23.498699188232425,0.008683555549617188,43.5340948,0.0030896513141989985
2023-06-12,5589.0,-0.006687198920353593,0.012969190323306911,0.006687198920353593,-0.009748475381662096,0.40422291824171075,3252,1417.3706377858002,-1.0516164840650386,3368,18518,17911,1.0579171176743476,2447,1131.384476534296,-0.8770920547129984,2528,12934,12568,15.010000228881836,0.08187652073388114,23.645999908447266,0.0062488976433112626,43.936987599999995,0.003061276461308502
2023-06-13,5429.10009765625,-0.02902698794787543,-0.006687198920353593,0.02902698794787543,-0.0320789215892923,0.7949818181818193,1474,-360.6293622141998,-0.8792199241934121,1516,8250,7953,1.4450814111261887,1132,-183.61552346570397,-0.5031808825971723,1165,5896,5666,14.609999656677246,-0.027010458630547705,23.66010093688965,0.0005961611127546675,44.0712852,0.0030519336414168642
2023-06-14,5360.7998046875,-0.012660211096323867,-0.02902698794787543,0.012660211096323867,-0.01570285877175519,1.140770480833572,1958,123.37063778580023,-1.1769355748361054,2075,10461,10214,1.5951642725074675,1443,127.38447653429603,-1.2494836057543248,1534,7031,6952,13.880000114440918,-0.05125723893976474,23.638500213623047,-0.0009133768966898781,44.2055828,0.003042647675431325
2023-06-15,5495.5,0.024816394283456267,-0.012660211096323867,0.024816394283456267,0.021782976237490027,0.9034190167207388,1531,-303.6293622141998,-1.191498479794816,1565,8014,7792,1.5557672324211989,1200,-115.61552346570397,-1.3512912686769996,1231,5774,5653,14.5,0.04369968610284749,23.568500518798828,-0.0029656510705023554,44.3398804,0.003033418045966242
2023-06-16,5475.5,-0.003645979793141255,0.024816394283456267,0.003645979793141255,-0.006670224035035543,0.9217065668048676,1359,-475.6293622141998,-1.0537788651663869,1414,7477,7203,1.713099347909476,1100,-215.61552346570397,-0.760124117552756,1154,5214,5071,13.539999961853027,-0.06850038475975376,23.65080070495605,0.0034858740964926866,44.474177999999995,0.003024244241894288
2023-06-20,5251.60009765625,-0.0033646786670016443,-0.03838610639333386,0.0033646786670016443,-0.0063527759378131585,0.8242632462971452,1116,-718.6293622141998,-1.6382564413144662,1157,6549,6325,1.965043186180423,856,-459.615523465704,-1.695531784255145,874,4168,4042,13.880000114440918,0.024800698656906404,23.60149955749512,0.0022481238265385593,45.011368399999995,0.0029880972708115146
2023-06-21,5186.7998046875,-0.012415911636433607,-0.0033646786670016443,0.012415911636433607,-0.015395106775776258,1.2355399310161845,1387,-447.6293622141998,-0.8745025526261178,1412,7538,7326,1.791923674284447,916,-399.615523465704,-0.915612963464732,930,4507,4412,13.199999809265137,-0.050232148180967114,23.572099685668945,-0.0012464546315854583,45.145666,0.0029791951393426503
2023-06-22,5428.2998046875,0.04550907440370502,-0.012415911636433607,0.04550907440370502,0.04253872851093404,1.0883509389671369,1250,-584.6293622141998,-0.9548001021807245,1271,6816,6588,2.0019333201814957,973,-342.615523465704,-1.0777856786171096,1001,5069,5006,12.90999984741211,-0.022214622103519467,23.554800033569336,-0.0007341731783643492,45.2799636,0.002970345892770978
2023-06-23,5582.7998046875,0.028064434227053674,0.04550907440370502,0.028064434227053674,0.02510288516582175,-0.0901525449327897,1150,-684.6293622141998,-1.745700265071021,1168,6621,6325,1.6919061853299615,870,-445.615523465704,-1.0271885410624324,880,4349,4286,13.4399995803833,0.04023311083432769,24.885099411010746,0.054939584344299325,45.4142612,0.0029615490612319227
2023-06-26,5732.89990234375,0.026531086197510337,0.028064434227053674,0.026531086197510337,0.023595617756589304,0.5713214567594996,3388,1553.3706377858002,-1.3435891750243019,3524,17738,17321,1.1571341143556573,2379,1063.384476534296,-1.4453314117603635,2505,11438,11149,14.25,0.05852160284113717,25.317800521850582,0.017238519158184726,45.817154,0.0029354684409210324
2023-06-27,5759.10009765625,0.004559735591179495,0.026531086197510337,0.004559735591179495,0.0016328589105364315,0.5480220616203887,1031,-803.6293622141998,-1.6650441380817709,1063,5258,5168,1.2423694779116472,705,-610.615523465704,-1.0829282413974173,724,3486,3407,13.739999771118164,-0.03644563657852305,25.96015930175781,0.025055301971100997,45.9514516,0.0029268766806430633
2023-07-03,6015.2998046875,0.04352496156898739,0.004559735591179495,0.04352496156898739,0.04060656809649957,0.7134825751688688,6316,4481.3706377858,-1.9157753354191247,6532,33458,32595,1.1795624744701134,4454,3138.384476534296,-1.7047082423463022,4573,22033,21459,13.56999969482422,-0.001472788033232051,25.422399520874023,-0.023949431543636577,46.76117916129032,0.002918393472487828
2023-07-05,6106.7998046875,0.016993630613777164,-0.0018969492212609275,0.016993630613777164,0.014092172346972536,1.221037587537516,1298,-536.6293622141998,-0.7656744232841632,1335,6997,6869,2.0730674434237057,907,-408.615523465704,-0.3399984148077543,927,4463,4419,14.18000030517578,0.043971091267771496,25.978099822998047,0.004394072535662188,47.033716322580645,0.0029014582668046274
2023-07-06,6141.10009765625,0.00560102269173196,0.016993630613777164,0.00560102269173196,0.002707958535711181,1.3681384573453246,2045,210.37063778580023,-0.8831107240391142,2202,11007,10841,2.0710434046669066,1674,358.384476534296,-0.7649775410798845,1786,8275,8183,15.4399995803833,0.08512897479383703,26.085599899291992,0.004129565499058564,47.1699849032258,0.0028930641560207786
2023-07-07,6187.10009765625,0.007462600014745943,0.00560102269173196,0.007462600014745943,0.00457788154014821,2.1051820330969258,2306,471.3706377858002,-0.7221346670735049,2424,10575,10422,2.5097001303780964,1768,452.384476534296,-0.6970112148624722,1863,7670,7571,14.829999923706056,-0.0403093664141097,26.12980079650879,0.0016930218742222394,47.30625348387097,0.0028847184745977336
2023-07-10,6270.39990234375,0.013373637764725931,0.007462600014745943,0.013373637764725931,0.010513669913437001,1.9645521045688914,9236,7401.3706377858,-0.5240312781149032,9782,41695,41081,2.2154429962052444,6834,5518.3844765342965,-0.6325682295262841,7243,30305,29821,15.06999969482422,0.016053841382581882,26.137800216674805,0.0003060947919327132,47.71505922580645,0.00285996785128893
2023-07-11,6362.89990234375,0.014644100033037602,0.013373637764725931,0.014644100033037602,0.011792288277231562,1.8779411003571223,4134,2299.3706377858,0.2519656523941595,4505,19321,19011,2.0421692379616623,3379,2063.384476534296,0.4080232106199464,3638,14973,14810,14.84000015258789,-0.015379744366417324,26.037189483642575,-0.0038566699606949737,47.85132780645161,0.0028518117558060403
2023-07-12,6342.10009765625,-0.0032742736356017135,0.014644100033037602,0.0032742736356017135,-0.00611797568299847,1.6506280127639334,3000,1165.3706377858002,0.0178672380041313,3173,14729,14446,1.9356500956022942,2276,960.384476534296,0.1565520479035885,2422,10460,10294,13.539999961853027,-0.09167798335466223,26.11000061035156,0.0027925253074627537,47.98759638709677,0.0028437020473967563
2023-07-13,6368.39990234375,0.004138286018709561,-0.0032742736356017135,0.004138286018709561,0.001302647687260372,1.3835027223230485,2230,395.3706377858002,-0.7799745861157952,2314,11024,10785,2.107492795389047,1579,263.384476534296,-0.5518883309997036,1657,8003,7753,13.609999656677246,0.005156526770827636,26.19960021972656,0.003425745774374063,48.12386496774193,0.0028356383314491894
2023-07-14,6437.7001953125,0.010823118502074012,0.004138286018709561,0.010823118502074012,0.007995498284258646,1.700021953896815,1794,-40.62936221419977,-0.2043297569862157,1829,9110,8907,2.113873015873015,1287,-28.615523465703973,-0.0775864909448919,1315,6300,6220,13.34000015258789,-0.020037739511752393,26.05719947814941,-0.005450050323719873,48.260133548387095,0.0028276202178153663
2023-07-17,6600.5,0.02497403993139401,0.010823118502074012,0.02497403993139401,0.022170204276448793,1.2554517133956389,4449,2614.3706377858,-0.6463078767716522,4622,23112,22446,2.256047942986719,3204,1888.384476534296,-0.5782109852702108,3308,15435,15047,13.479999542236328,0.01044001959958077,26.25,0.007371887499780465,48.66893929032258,0.0028038356549452163
2023-07-18,6365.0,-0.03633117172930738,0.02497403993139401,0.03633117172930738,-0.0391271678654736,2.144794611674702,2400,565.3706377858002,-0.1858045083072713,2517,12026,11706,2.626821096965633,2091,775.384476534296,-0.0035938991206799,2223,10447,10177,13.300000190734863,-0.013443021956755858,26.382200241088867,0.005023560425065,48.80520787096774,0.00279599613616622
2023-07-19,6571.2998046875,0.03189742029356981,-0.03633117172930738,0.03189742029356981,0.02910921995982842,1.8163466042154537,1750,-84.62936221419977,-0.76338662420039,1774,8540,8383,2.5347787610619448,1431,115.38447653429603,-0.48147739737130785,1457,6790,6675,13.760000228881836,0.03400179957037673,26.947799682617188,0.021212100129431685,48.9414764516129,0.0027882003337413907
2023-07-20,6682.10009765625,0.016720671713414365,0.03189742029356981,0.016720671713414365,0.01394022383039659,1.3856970484499724,2139,304.3706377858002,-1.031888681564012,2173,10774,10363,1.7958026159334135,1707,391.384476534296,-0.6666977332821834,1736,8410,8220,13.989999771118164,0.01657692317794938,26.820499420166016,-0.004735150727553767,49.077745032258065,0.002780447883017775
2023-07-21,6687.7998046875,0.0008526178083858553,0.016720671713414365,0.0008526178083858553,-0.0019201206149994858,1.6274363920271882,2237,402.3706377858002,-1.20686141211756,2292,10887,10711,1.991464882943144,1622,306.384476534296,-1.1326460491435468,1666,7475,7371,13.600000381469728,-0.0282729515257504,26.850500106811523,0.0011179478688492408,49.21401361290322,0.002772738423385341
2023-07-24,6695.10009765625,0.00109098831286524,0.0008526178083858553,0.00109098831286524,-0.0016588761315735729,1.0372764081800012,3635,1800.3706377858002,-1.0632441348610309,3716,19511,19043,2.0420520231213883,2817,1501.384476534296,-0.9134006834900769,2969,13840,13533,13.90999984741211,0.02253817417444661,26.95199966430664,0.003773046915596855,49.622819354838704,0.002749864444438813
2023-07-25,6605.0,-0.013548992163316547,0.00109098831286524,0.013548992163316547,-0.016291315585343195,0.7555155726516944,1460,-374.6293622141998,-1.1257693162304032,1492,8059,7873,1.7486973555337906,1022,-293.615523465704,-1.0162969043623693,1047,5105,4990,13.859999656677246,-0.003601025974701848,26.96940040588379,0.0006454113638937141,49.75908793548387,0.0027423234220266476
2023-07-26,6743.89990234375,0.020811440139395933,-0.013548992163316547,0.020811440139395933,0.01807661649299727,0.5846654749744638,1536,-298.6293622141998,-1.3423622672352333,1570,7832,7683,1.3518376302797588,1216,-99.61552346570397,-1.0562046011205906,1235,5469,5426,13.1899995803833,-0.049548034075017525,26.92350006103516,-0.0017033915617619012,49.89535651612903,0.0027348236463986594
2023-07-27,6856.10009765625,0.0165004030834195,0.020811440139395933,0.0165004030834195,0.013773038303349848,1.1665299100052944,1407,-427.6293622141998,-0.8654755636953007,1429,7556,7389,1.879248757134966,1026,-289.615523465704,-0.7940760434055023,1045,5431,5309,14.40999984741211,0.08846346450642487,26.895700454711918,-0.0010330740155649848,50.03162509677419,0.002727364780069652
2023-07-28,7067.2998046875,0.03033970280230851,0.0165004030834195,0.03033970280230851,0.027619756313083322,0.689480198019802,1027,-807.6293622141998,-1.0282162273170308,1053,5656,5506,1.2887600110466733,729,-586.615523465704,-1.008429155383191,747,3621,3576,13.329999923706056,-0.07790527095526222,26.9552001953125,0.002209796460033204,50.16789367741935,0.0027199464892251903
2023-07-31,7217.0,0.02096087009072354,0.03033970280230851,0.02096087009072354,0.018262938305224963,0.6456661084483458,3147,1312.3706377858002,-1.2930495289632933,3256,17317,16769,1.6433853264009248,2434,1118.384476534296,-0.7819364443898054,2533,12117,11804,13.630000114440918,0.022256125637552852,26.84040069580078,-0.004267994849897296,50.57669941935484,0.002697931785498576
2023-08-01,7168.5,-0.006742926385950601,0.02096087009072354,0.006742926385950601,-0.009433598916114144,0.5886563029090353,1182,-652.6293622141998,-1.699327831303247,1208,6497,6359,0.7616609294320138,877,-438.615523465704,-1.3273444455374637,923,4648,4570,13.93000030517578,0.021771555594829607,26.92597961425781,0.003183364408521973,50.712968,0.0026906725301635427
2023-08-02,7258.5,0.012476768215160246,-0.006742926385950601,0.012476768215160246,0.010944679361814862,0.991703442188879,1729,-105.62936221419977,-0.9273270108757004,1779,9064,8817,1.6101694915254243,1261,-54.61552346570397,-0.4834558831731012,1299,6018,5903,16.09000015258789,0.14415316078816773,26.973499298095703,0.0017632710782683678,50.790724322580644,0.0015320888533453844
2023-08-03,7221.5,-0.005110508360261475,0.012476768215160246,0.005110508360261475,-0.00664025350766013,0.8184804928131417,1348,-486.6293622141998,-1.176630158791133,1375,7305,7103,1.392052052052053,1041,-274.615523465704,-0.7341179369941724,1053,4995,4874,15.920000076293944,-0.010621785279120752,26.962299346923828,-0.0004153067763608294,50.868480645161284,0.0015297451473986552
2023-08-04,7400.60009765625,0.02449840364094806,-0.005110508360261475,0.02449840364094806,0.02297099503989992,0.5767568487323464,1077,-757.6293622141998,-1.4645161592194402,1097,5877,5746,1.6482838188635722,698,-617.615523465704,-1.047626474390627,703,3467,3391,17.100000381469727,0.07150230060821507,26.963289260864254,3.6714070855502856e-05,50.94623696774193,0.001527408601048139
2023-08-07,7470.10009765625,0.00934730780889753,0.02449840364094806,0.00934730780889753,0.007826866215897175,0.9101323828920571,2952,1117.3706377858002,-0.9739786503204754,3007,15712,15234,1.6470582827725682,2235,919.384476534296,-0.554802288897824,2284,10878,10565,15.770000457763672,-0.08096905581433864,26.99430084228516,0.0011494799814545712,51.17950593548387,0.0015204415930003543
2023-08-08,7412.2001953125,-0.007781081329347564,0.00934730780889753,0.007781081329347564,-0.009299214688800378,0.4578670672174241,957,-877.6293622141998,-1.438917082796047,967,5326,5140,1.2165210267613331,680,-635.615523465704,-1.420106529303375,689,3662,3560,15.989999771118164,0.013854082529355417,27.00539970397949,0.0004110712370011283,51.257262258064515,0.0015181333594528142
2023-08-09,7600.7001953125,0.025113056331077667,-0.007781081329347564,0.025113056331077667,0.023597224207380564,1.2959246681074408,1183,-651.6293622141998,-1.5767643319811246,1272,6478,6368,1.523951229592892,948,-367.615523465704,-1.6894085005342585,985,4839,4759,15.960000038146973,-0.0018779181199778247,26.925180435180664,-0.002974910625999446,51.335018580645155,0.0015158321236971046
2023-08-10,7441.5,-0.021167932583583782,0.025113056331077667,0.021167932583583782,-0.022681470437543025,0.022627066748315904,1181,-653.6293622141998,-1.8947371589660549,1208,6532,6320,0.9648200093501641,813,-502.615523465704,-2.0045353902006937,832,4278,4177,15.850000381469728,-0.006916070021043794,26.94700050354004,0.0008100681714522253,51.4127749032258,0.0015135378539592429
2023-08-11,7714.39990234375,0.03601625812800528,-0.021167932583583782,0.03601625812800528,0.034505007609348916,0.6119911770603567,976,-858.6293622141998,-1.56980855806385,985,4987,4900,1.1017543859649122,615,-700.615523465704,-1.6158676690648852,629,3021,2988,14.84000015258789,-0.06584327636934291,27.05120086669922,0.003859406048861873,51.49053122580645,0.0015112505186563655
2023-08-14,7737.39990234375,0.0029770016797075766,0.03601625812800528,0.0029770016797075766,0.0014725718733190106,0.678835395161926,2393,558.3706377858002,-1.353528896401726,2506,12691,12483,1.2342330861909176,1701,385.384476534296,-1.3739528259865297,1799,8632,8413,14.81999969482422,-0.001348648745654453,27.112199783325195,0.002252404453297462,51.723800193548385,0.001504429806388566
2023-08-15,7690.7998046875,-0.0060409173143477065,0.0029770016797075766,0.0060409173143477065,-0.0075430872111435085,0.0789707873863416,968,-866.6293622141998,-2.6792844675150573,986,5169,5080,0.2976750944492879,705,-610.615523465704,-2.274059391361843,716,3441,3375,16.459999084472656,0.1049555403517941,27.055400848388672,-0.0020971560523719212,51.801556516129025,0.001502169896795802
2023-08-16,7662.2998046875,-0.00371260963073956,-0.0060409173143477065,0.00371260963073956,-0.005212526397298054,0.5278218153399574,1541,-293.6293622141998,-1.224026040053779,1581,8957,8616,1.2292348071875632,992,-323.615523465704,-1.1220761852567431,1016,4953,4903,16.780000686645508,0.0192546023319537,27.047889709472656,-0.0002776592287390529,51.87931283870967,0.001499916766558494
2023-08-17,7764.5,0.013249888737404682,-0.00371260963073956,0.013249888737404682,0.011752218352188265,0.2076256499133449,1322,-512.6293622141998,-2.106835926883842,1363,6924,6803,0.6021710234825002,902,-413.615523465704,-2.119574921304737,940,4514,4471,17.889999389648438,0.06405412144418428,27.073659896850582,0.0009523078889256096,51.95706916129032,0.0014976703852164173
2023-08-18,7513.2998046875,-0.032887305646227584,0.013249888737404682,0.032887305646227584,-0.034382736368719656,0.1489330024813892,1513,-321.6293622141998,-2.1154749607327443,1543,8060,7897,0.1916416020262781,1188,-127.61552346570397,-2.4332956367295098,1219,6317,6205,17.299999237060547,-0.03353540600052895,27.125,0.0018945161597322495,52.03482548387097,0.0014954307224920708
2023-08-21,7796.7001953125,0.037025834919959776,-0.032887305646227584,0.037025834919959776,0.03553708317400391,0.7685239377267943,3161,1326.3706377858002,-1.09868318498935,3235,17086,16631,1.0997238999137187,2333,1017.384476534296,-1.0355661890757808,2366,11590,11347,17.1299991607666,-0.0098751940591841,27.138399124145508,0.0004938549605852229,52.2680944516129,0.0014887517459558654
2023-08-22,7771.2998046875,-0.0032631568812972033,0.037025834919959776,0.0032631568812972033,-0.004749695539821379,0.4267777650953086,1740,-94.62936221419977,-1.6622093595042124,1825,8761,8573,1.3178623988226643,1177,-138.61552346570397,-1.318044604699428,1215,5436,5385,16.969999313354492,-0.009384224560183918,27.20549964904785,0.002469479022197652,52.34585077419354,0.001486538658524176
2023-08-23,7602.2001953125,-0.0219997306408934,-0.0032631568812972033,0.0219997306408934,-0.023484062781902345,0.2922699568901439,1307,-527.6293622141998,-1.5430166181324356,1320,6727,6457,1.453577661431065,969,-346.615523465704,-1.4842263556392243,982,4584,4408,15.979999542236328,-0.060109127091726666,27.20490074157715,-2.2014448209392845e-05,52.42360709677419,0.0014843321410089455
2023-08-24,7491.89990234375,-0.014615280891539309,-0.0219997306408934,0.014615280891539309,-0.016097413055736483,0.4406176754446438,1419,-415.6293622141998,-1.282886333328412,1477,7253,7095,1.627084325869463,930,-385.615523465704,-1.0087444195006174,956,4198,4108,17.200000762939453,0.07357151648426023,27.19339942932129,-0.0004228555815568487,52.50136341935484,0.0014821321641971727
2023-08-25,7716.7001953125,0.029564412932487547,-0.014615280891539309,0.029564412932487547,0.02808447423343847,0.7370552903126444,1250,-584.6293622141998,-1.248352168286206,1274,6493,6279,1.2046728971962637,951,-364.615523465704,-0.9977769455262752,976,4494,4351,15.68000030517578,-0.09252339379134868,25.90539932250977,-0.04852286078402242,52.57911974193548,0.0014799386990490748
2023-08-28,7941.7001953125,0.02874054590880992,0.029564412932487547,0.02874054590880992,0.027267148823048294,1.1108666627967723,3178,1343.3706377858002,-0.9185374583890386,3288,17227,16690,1.668215371254886,2363,1047.384476534296,-0.8990216279690366,2442,11515,11294,15.079999923706056,-0.03901667686447267,26.353700637817383,0.017157291759645265,52.812388709677414,0.001473397085761626
2023-08-29,7907.10009765625,-0.004366280347512439,0.02874054590880992,0.004366280347512439,-0.005837509727801208,1.107735408560312,1245,-589.6293622141998,-0.6062352358834292,1279,6425,6322,1.581195840554594,1017,-298.615523465704,-1.113071284424094,1044,4616,4537,14.449999809265137,-0.04267495616173335,26.309499740600582,-0.0016786259580975772,52.89014503225806,0.001471229380288768
2023-08-31,7917.89990234375,0.0013649044378056716,-0.004366280347512439,0.0013649044378056716,-0.00010200861055640058,1.3688970834730136,2797,962.3706377858002,-0.3852261622369249,2974,14915,14449,1.9502687655980036,2243,927.384476534296,-0.5429828742489515,2392,10418,10244,13.56999969482422,-0.02258751196590744,26.681299209594727,0.0049972082991321795,53.04565767741935,0.0014669130483620722
2023-09-01,8056.10009765625,0.017303573750786942,0.0013649044378056716,0.017303573750786942,0.01583880938477078,1.1875051208521104,1503,-331.6293622141998,-0.9938614566598976,1563,7323,7196,2.187324981577007,1221,-94.61552346570397,-0.9181908812526268,1269,5428,5312,13.09000015258789,-0.03601285977913649,26.68790054321289,0.00024738364758711593,53.123414,0.0014647643660161633
2023-09-05,8236.099609375,0.011577035047542681,0.01052026786282222,0.011577035047542681,0.010436942121813326,1.7326751838946957,2219,384.3706377858002,-0.8527669475237944,2292,10332,10102,2.02269187986652,1604,288.384476534296,-0.75416985206654,1669,7192,7081,14.010000228881836,0.06792278510731134,26.77120018005371,0.007269254745925364,53.366647066666665,0.0011400929257293555
2023-09-06,8181.7001953125,-0.006626906624851439,0.011577035047542681,0.006626906624851439,-0.007765701218779777,1.0602379043036632,1419,-415.6293622141998,-1.4248223453418165,1480,7482,7383,1.5697515645742477,1129,-186.61552346570397,-1.1286561080768076,1164,5273,5203,14.449999809265137,0.030923024672847757,26.78059959411621,0.0003510400845036707,53.42745533333333,0.0011387945939283384
2023-09-07,8337.7001953125,0.018887445530255946,-0.006626906624851439,0.018887445530255946,0.017749946314424933,1.4661149110807123,1433,-401.6293622141998,-0.8324059998629392,1513,7310,7135,1.5934128336172646,1100,-215.61552346570397,-0.5763355583259898,1133,5283,5234,14.399999618530272,-0.0034662212677953473,26.816499710083008,0.0013396292635884219,53.488263599999996,0.001137499215831013
2023-09-08,8325.2998046875,-0.0014883745921110455,0.018887445530255946,0.0014883745921110455,-0.0026245813734801027,1.3959501557632392,1415,-419.6293622141998,-0.9536715724449787,1486,7383,7219,2.1017846153846165,1028,-287.615523465704,-0.9850533239469812,1096,4875,4745,13.84000015258789,-0.039665218876341175,26.85810089111328,0.001550125716616808,53.549071866666665,0.0011362067813690572
2023-09-11,8146.5,-0.02171066063227277,-0.0014883745921110455,0.02171066063227277,-0.022843007672071577,1.223439898853066,4230,2395.3706377858,-0.7109797514920929,4449,22146,20808,1.8096781609195416,2771,1455.384476534296,-0.6714439590217848,2884,13050,12531,13.800000190734863,-0.0028943552301342276,26.66509056091309,-0.007212244322741459,53.731496666666665,0.0011323470397988096
2023-09-12,8159.89990234375,0.0016435148702658913,-0.02171066063227277,0.0016435148702658913,0.0005124485901578718,1.491243389496982,1509,-325.6293622141998,-1.7652689378269932,1657,8131,7991,2.0006766642282354,1116,-199.61552346570397,-0.8614339493334177,1204,5468,5417,14.229999542236328,0.03068377394831886,26.866870880126957,0.007538721519562283,53.792304933333334,0.0011310662801080195
2023-09-13,8013.89990234375,-0.01805438024411135,0.0016435148702658913,0.01805438024411135,-0.019184168658504083,0.5851494830958376,1275,-559.6293622141998,-2.161947855380528,1314,7158,6986,1.5735907678650702,919,-396.615523465704,-1.4572503714836391,958,4506,4431,13.479999542236328,-0.0541453084074137,26.9192008972168,0.0019458581700548356,53.853113199999996,0.001129788414392733
2023-09-14,8118.7998046875,0.013004814157488304,-0.01805438024411135,0.013004814157488304,0.011876300724632883,1.0058465128338083,1514,-320.6293622141998,-1.713118844814485,1565,7714,7641,1.2817706455102782,1103,-212.61552346570397,-1.5807890838350287,1142,5546,5449,12.81999969482422,-0.05020064383757028,26.885499954223636,-0.001252713865780381,53.913921466666665,0.0011285134328554213
2023-09-15,7962.0,-0.019502111366389893,0.013004814157488304,0.019502111366389893,-0.02062935269213229,1.2481526531853433,1219,-615.6293622141998,-1.2362335238548288,1259,6577,6416,2.0064973690231085,939,-376.615523465704,-1.00245796396566,963,4371,4286,13.789999961853027,0.07293726135107188,26.94440078735352,0.0021884066596962273,53.974729733333334,0.001127241325742396
2023-09-18,7680.39990234375,-0.03600860815649649,-0.019502111366389893,0.03600860815649649,-0.037132050310568473,0.6843329698291536,3752,1917.3706377858002,-1.2998849324738824,3851,19257,18741,0.9207020702070212,2708,1392.384476534296,-1.0826521483529323,2792,13332,13102,14.0,0.015113640576325997,26.786020278930664,-0.005895392740191021,54.15715453333333,0.0011234421540719868
2023-09-19,7784.0,0.013398728462074835,-0.03600860815649649,0.013398728462074835,0.012276547014078567,0.9692556634304212,2152,317.3706377858002,-1.3236412664056794,2239,10197,10053,1.0223591801633949,1489,173.38447653429603,-1.433715914663991,1542,6977,6902,14.109999656677246,0.00782641191758886,26.987499237060547,0.007493647534173957,54.2179628,0.0011221814479962693
2023-09-20,7719.7998046875,-0.008281913218558153,0.013398728462074835,0.008281913218558153,-0.009402836786789512,1.1160410278100887,2148,313.3706377858002,-1.1346928325417616,2219,9457,9280,1.5931441374159827,1520,204.38447653429603,-0.6802725409057114,1565,6695,6509,15.140000343322754,0.07045652915299092,27.018299102783203,0.0011406134159171715,54.278771066666664,0.0011209235682313582
2023-09-21,8000.5,0.03571560806164656,-0.008281913218558153,0.03571560806164656,0.03459593955636238,1.100831312781435,1678,-156.62936221419977,-0.959663746421107,1709,8661,8420,1.549399781738814,1161,-154.61552346570397,-0.8968951249448482,1183,5498,5383,17.540000915527344,0.1471437684547391,27.02280044555664,0.00016658960759375073,54.33957933333333,0.0011196685052841785
2023-09-22,8039.2001953125,0.00482556032083619,0.03571560806164656,0.00482556032083619,0.0037071440711333513,0.9711317659923455,1414,-420.6293622141998,-1.1752907654542526,1458,7316,7171,1.5209071274298065,1032,-283.615523465704,-1.1311248915863263,1063,4630,4559,17.200000762939453,-0.01957461096422612,27.104780197143555,0.0030291327747610573,54.4003876,0.0011184162497028384
2023-09-25,8304.7998046875,0.032504037331244046,0.00482556032083619,0.032504037331244046,0.03138936109796719,1.1474579382074028,3126,1291.3706377858002,-1.12932069964879,3253,16345,15947,1.6821954230367486,2122,806.384476534296,-0.9704438392381967,2274,10531,10306,16.899999618530273,-0.017595828819496954,27.178089141845703,0.002700999050455084,54.5828124,0.001114676233276858
2023-09-26,8242.2998046875,-0.007554229888733342,0.032504037331244046,0.007554229888733342,-0.00866766500222358,1.538051964674263,1591,-243.62936221419977,-0.5962532303172245,1665,7813,7615,1.4841378039793671,1179,-136.61552346570397,-0.5927942326612438,1218,5428,5351,18.940000534057617,0.1139625165984174,27.207380294799805,0.0010771684455317138,54.64362066666666,0.0011134351134902392
2023-09-27,8213.7998046875,-0.0034637647037837043,-0.007554229888733342,0.0034637647037837043,-0.004575961458226765,0.9906652023846888,1262,-572.6293622141998,-1.0639954928645488,1291,6374,6245,1.5977951309141036,953,-362.615523465704,-1.0216176610282872,970,4354,4310,18.21999931335449,-0.03875626180982192,27.34280014038086,0.004964974366225431,54.70442893333333,0.0011121967544430603
2023-09-28,8218.7001953125,0.0005964266873898119,-0.0034637647037837043,0.0005964266873898119,-0.0005145344595440503,0.8605542095699587,1255,-579.6293622141998,-1.3824023778585235,1314,6604,6512,1.4385033341565827,864,-451.615523465704,-1.460799674303258,877,4049,4003,17.34000015258789,-0.04950387399329105,27.332799911499023,-0.0003658022585526164,54.7652372,0.0011109611469338621
2023-09-29,8334.900390625,0.014039495922748337,0.0005964266873898119,0.014039495922748337,0.012929767640945965,0.5616354234001293,1167,-667.6293622141998,-1.1513549113093622,1197,6188,6081,1.3466476831478122,840,-475.615523465704,-0.9821704723148238,860,3863,3777,17.520000457763672,0.01032713148414973,27.45890045166016,0.004602914746738156,54.82604546666667,0.0011097282818023724
2023-10-02,8487.0,0.01808401559104615,0.014039495922748337,0.01808401559104615,0.0170261569862322,-1.9024394057857705,4499,2664.3706377858,-3.876713399276712,4678,25580,25043,-0.40519346959763475,2837,1521.384476534296,-3.7363705028422434,2934,15558,15236,17.610000610351562,0.005123845531178813,27.48110008239746,0.00080814094392807,55.005819612903224,0.0010578586048139503
2023-10-03,8513.5,0.0031175578910217026,0.01808401559104615,0.0031175578910217026,0.0020608171685781006,-1.14083217431618,1512,-322.6293622141998,-3.0935046585193167,1568,8628,8476,-0.007450900992103799,975,-340.615523465704,-2.7051134257827503,1012,4939,4850,19.780000686645508,0.11620440374120897,27.46199989318848,-0.0006952716532883139,55.063977225806454,0.0010567407224436017
2023-10-04,8333.099609375,-0.021417649946791413,0.0031175578910217026,0.021417649946791413,-0.0224732751469945,-0.5757424714434061,1788,-46.62936221419977,-2.880062906809918,1831,9630,9468,0.8862583049748838,1215,-100.61552346570397,-2.6695882068049253,1249,6171,6085,18.57999992370605,-0.06258563162924435,27.5275993347168,0.0023858865519251595,55.12213483870968,0.001055625200203087
2023-10-05,8488.0,0.01841791237991187,-0.021417649946791413,0.01841791237991187,0.01736340034928525,-1.0570707510225397,2124,289.3706377858002,-2.157784052169878,2286,11491,11319,-1.260843299223277,1550,234.38447653429603,-2.280101095098387,1627,8111,8011,18.489999771118164,-0.004855696259100858,27.55459976196289,0.000980368607333933,55.18029245161291,0.0010545120306266205
2023-10-06,8464.900390625,-0.0027251529990070652,0.01841791237991187,0.0027251529990070652,-0.0037785542052855975,-1.704080459770115,2007,172.37063778580023,-2.739193112712416,2091,10440,10281,-1.8643658326143224,1447,131.38447653429603,-2.521818498578203,1511,6954,6882,17.450000762939453,-0.057890340650457284,27.582599639892575,0.001015643907936438,55.23845006451613,0.001053401206278532
2023-10-09,8193.400390625,-0.03259924850393037,-0.0027251529990070652,0.03259924850393037,-0.03364933123465724,-0.3288322056174852,4130,2295.3706377858,-3.136754188439059,4298,20543,20144,0.10644786040714556,2567,1251.384476534296,-2.5157494677105636,2649,12035,11874,17.700000762939453,0.014224990313812625,27.71269989013672,0.004705661834552007,55.412922903225805,0.0010500827307268776
2023-10-10,8442.7998046875,0.029984984201963983,-0.03259924850393037,0.029984984201963983,0.028936002988395205,0.7454645168366791,1899,64.37063778580023,-2.9518938395309187,1934,9117,8988,0.9395340371314166,1205,-110.61552346570397,-2.4996951902704536,1228,5494,5437,17.030000686645508,-0.03858814768935068,27.71969985961914,0.00025255877613924175,55.471080516129035,0.0010489812135687784
2023-10-11,8330.599609375,-0.013378548504764071,0.029984984201963983,0.013378548504764071,-0.014426430509694728,0.5096110512393457,2123,288.3706377858002,-3.002663339405809,2186,10207,9987,1.0970510330213674,1183,-132.61552346570397,-2.24128807327502,1218,5663,5529,16.09000015258789,-0.056778564506664936,27.727500915527344,0.00028138682749066687,55.52923812903226,0.0010478820049306561
2023-10-12,8259.2998046875,-0.008595620974480188,-0.013378548504764071,0.008595620974480188,-0.009642406072043945,1.2627084224027367,1803,-31.629362214199773,-2.3928837650866046,1862,9356,9172,1.4692744367571404,1176,-139.61552346570397,-1.9860492115939343,1226,5637,5529,16.690000534057617,0.03661179918471129,27.718799591064453,-0.0003138649271393081,55.58739574193549,0.0010467850975637571
2023-10-13,8113.2998046875,-0.017835148185194515,-0.008595620974480188,0.017835148185194515,-0.018880838669442852,1.119904216797104,1739,-95.62936221419977,-2.417877486115976,1781,8561,8425,1.2092982837280035,990,-325.615523465704,-2.19570175697158,1011,4603,4523,19.31999969482422,0.14633104331612187,27.842300415039062,0.004445593314733703,55.64555335483871,0.0010456904842483376
2023-10-16,7934.60009765625,-0.022271710908676575,-0.017835148185194515,0.022271710908676575,-0.023314131245547206,0.7877856624015201,3574,1739.3706377858002,-2.4102196077602134,3752,17897,17435,1.6956416011971573,2317,1001.384476534296,-2.181979751550071,2471,10692,10538,17.209999084472656,-0.11565025596248249,27.706300735473636,-0.004896611201180677,55.82002619354839,0.0010424203368706321
2023-10-17,8115.0,0.022481245528961285,-0.022271710908676575,0.022481245528961285,0.02143991070079099,0.6990027086924406,1558,-276.6293622141998,-2.991208428937068,1616,8122,8008,0.9968487786686568,1027,-288.615523465704,-2.690185522772914,1102,5363,5266,17.8799991607666,0.03819216578233453,27.87019920349121,0.005898138362057671,55.87818380645162,0.0010413348281702955
2023-10-18,7842.7001953125,-0.03413101323325556,0.022481245528961285,0.03413101323325556,-0.03517126481112963,-0.3045800176834659,2369,534.3706377858002,-4.514229712232969,2529,11310,11132,0.12251935256861331,1502,186.38447653429603,-4.11544166056628,1620,7105,7023,19.21999931335449,0.07226864500819685,27.96139907836914,0.003266965618024426,55.93634141935484,0.0010402515778740694
2023-10-19,7769.0,-0.009441731765015247,-0.03413101323325556,0.009441731765015247,-0.010480902343957732,0.5445380089975774,1901,66.37063778580023,-3.1548685792133413,2062,8669,8571,1.0380087562834446,1362,46.38447653429603,-2.9829304157434984,1454,6167,6080,21.399999618530277,0.10743953638554474,28.01955986022949,0.0020778780460077658,55.99449903225807,0.0010391705789424856
2023-10-20,7510.7001953125,-0.033812759476773986,-0.009441731765015247,0.033812759476773986,-0.0348508513011373,0.2816899316899318,1314,-520.6293622141998,-2.3398847627633987,1382,6734,6487,1.0436088474970902,926,-389.615523465704,-2.483339022190452,957,4295,4231,21.709999084472656,0.014382037517315394,28.02429962158203,0.000169144716572567,56.05265664516129,0.0010380918243633143
2023-10-23,7750.39990234375,0.03141574584491541,-0.033812759476773986,0.03141574584491541,0.03038087688785161,0.9672958067890085,3983,2148.3706377858,-1.3420762298366804,4119,21034,19386,1.917912663073197,2696,1380.384476534296,-0.9909921006844593,2800,12801,12562,20.3700008392334,-0.06370967028123974,28.04990005493164,0.0009130914137326408,56.22712948387097,0.0010348689570638017
2023-10-24,7990.39990234375,0.030496366545194404,0.03141574584491541,0.030496366545194404,0.029462567434832863,1.2607391304347833,1854,19.370637785800227,-1.4327615637607267,1919,9200,8951,2.051931330472105,1251,-64.61552346570397,-0.9847030072048661,1305,6291,6168,18.96999931335449,-0.07120452368766059,28.081710815429688,0.0011334349187682082,56.2852870967742,0.001033799110361541
2023-10-25,7425.0,-0.07338812419285633,0.030496366545194404,0.07338812419285633,-0.07442085566624428,0.6560740808655003,2300,465.3706377858002,-2.777660408199187,2370,10907,10733,1.0859573765075177,1274,-41.61552346570397,-2.538014916181265,1325,6053,5976,20.190000534057617,0.06232871102580391,28.122499465942383,0.0014514449173560636,56.34344470967742,0.001032731473387949
2023-10-26,7662.10009765625,0.031433425672493444,-0.07338812419285633,0.031433425672493444,0.030401759633188793,0.5554230423042312,1813,-21.629362214199773,-2.5983478909340816,1937,8888,8618,1.2449484536082482,1133,-182.61552346570397,-2.24025716978868,1176,5335,5180,20.68000030517578,0.023979605620941095,28.1481990814209,0.0009134280515021167,56.40160232258064,0.0010316660393046516
2023-10-27,7706.39990234375,0.005765029427922912,0.031433425672493444,0.005765029427922912,0.004734426626622619,0.3766730646193219,1502,-332.6293622141998,-1.477356335460421,1562,7815,7345,1.6346223839854437,841,-474.615523465704,-1.0850342570742693,856,4396,3941,21.270000457763672,0.028130586336432287,28.16670036315918,0.0006570652735383547,56.45975993548387,0.001030602801300293
2023-10-30,7712.89990234375,0.0008430992933996979,0.005765029427922912,0.0008430992933996979,-0.0001843269026728263,0.5243389589344299,5052,3217.3706377858,-1.7247850373817921,5232,25301,24548,1.3211297611362178,3195,1879.384476534296,-0.8255522427013811,3305,15490,15262,19.75,-0.07414415938657903,28.202829360961918,0.001281862840677907,56.63423277419355,0.0010274261960725242
2023-10-31,7514.10009765625,-0.026112970532142163,0.0008430992933996979,0.026112970532142163,-0.0271393422069764,0.8054528771791852,1526,-308.6293622141998,-1.5410059385571915,1568,7629,7484,1.6332438016528927,979,-336.615523465704,-1.414862241582392,994,4840,4763,18.13999938964844,-0.0850340803068641,28.257369995117188,0.0019320034906830223,56.69239038709678,0.0010263716748342379
2023-11-01,7528.60009765625,0.0019278459721476895,-0.026112970532142163,0.0019278459721476895,0.0009025266561094411,0.9707556427870466,1601,-233.62936221419977,-2.309023514361177,1653,8152,8065,1.4010937500000016,1038,-277.615523465704,-2.02987658748826,1083,5120,5074,16.8700008392334,-0.07258246473530162,28.302400588989254,0.001592319166840343,56.750548,0.0010253193160382483
2023-11-02,7663.60009765625,0.017772745459984123,0.0019278459721476895,0.017772745459984123,0.016797485521913676,0.8129920712199199,1348,-486.6293622141998,-1.9247128524275008,1437,7189,7042,1.6174401664932372,964,-351.615523465704,-1.8169246803334649,1023,4805,4660,15.65999984741211,-0.07442726548610695,28.32309913635254,0.0007310681013169585,56.80592153333333,0.0009752599380704469
2023-11-03,7706.0,0.005517386221396776,0.017772745459984123,0.005517386221396776,0.004543076488651028,0.8166019955654112,1432,-402.6293622141998,-1.4755759608677688,1469,7216,7067,1.428218657661462,1010,-305.615523465704,-1.3273229638673532,1046,4738,4653,14.90999984741211,-0.04907756227614069,28.35890007019043,0.001263220743790117,56.86129506666667,0.0009743097327457485
2023-11-06,7868.0,0.020804654322846686,0.005517386221396776,0.020804654322846686,0.019833184128919924,0.4779741483868737,6242,4407.3706377858,-2.727506905482216,6580,28857,28506,1.106683627497748,4210,2894.384476534296,-2.911643236099459,4465,18867,18610,14.890000343322754,-0.0013422487895297923,28.383150100708008,0.0008547464154342241,57.02741566666667,0.0009714701939267632
2023-11-07,7844.7998046875,-0.0029530335090467317,0.020804654322846686,0.0029530335090467317,-0.0039235608645011594,0.5215188494225325,1808,-26.629362214199773,-2.0560412352234865,1885,9178,9005,1.609000584453537,1162,-153.61552346570397,-1.8714801133355263,1190,5133,5020,14.8100004196167,-0.005387213140145018,28.447599411010746,0.0022681150076533994,57.0827892,0.000970527355454428
2023-11-08,7860.89990234375,0.002050224262044562,-0.0029530335090467317,0.002050224262044562,0.0010806379167353855,0.8593516560958429,1306,-528.6293622141998,-1.0410665965779922,1354,7095,6774,1.6555952646861758,855,-460.615523465704,-1.4859884413323985,884,4477,4209,14.449999809265137,-0.024608255254246005,28.49519920349121,0.0016718462992932992,57.13816273333334,0.0009695863453091766
2023-11-09,7841.5,-0.0024709486874683073,0.002050224262044562,0.0024709486874683073,-0.0034395958456456695,0.3992878560719641,1536,-298.6293622141998,-1.9556923248829288,1585,8004,7849,1.2037677984665935,964,-351.615523465704,-1.5326723209972384,999,4565,4455,15.289999961853027,0.05650461608727744,28.517309188842773,0.0007756187925579064,57.19353626666667,0.0009686471581773623
2023-11-10,7771.2998046875,-0.00899270717280035,-0.0024709486874683073,0.00899270717280035,-0.00996041696156784,0.6708094948265375,1572,-262.6293622141998,-1.8053532499575076,1621,8215,8072,1.3934311224489813,969,-346.615523465704,-1.120871375943683,989,4704,4606,14.170000076293944,-0.0760719583592971,28.52580070495605,0.00029772276412727463,57.2489098,0.0009677097887674914
2023-11-13,7568.2998046875,-0.026468989670320513,-0.00899270717280035,0.026468989670320513,-0.027433898204568374,0.9694999454088876,3591,1756.3706377858002,-1.9889711912304409,3716,18318,18007,1.8015759686547677,2381,1065.384476534296,-1.5036587660945955,2479,11485,11321,14.760000228881836,0.04079377559244869,28.513660430908203,-0.00042567983600870095,57.4150304,0.0009649085342478606
2023-11-14,7671.10009765625,0.01349158798340351,-0.026468989670320513,0.01349158798340351,0.012527609600196422,0.955072796056403,1756,-78.62936221419977,-1.6768519778394644,1808,8723,8534,1.962964989059082,1137,-178.61552346570397,-1.0115698077179502,1189,5484,5395,14.15999984741211,-0.04149975718963313,28.60610008239746,0.0032366988712852784,57.47040393333334,0.0009639783832070881
2023-11-15,7665.89990234375,-0.0006781242109638873,0.01349158798340351,0.0006781242109638873,-0.0016411742346941495,0.9236556898707802,1850,15.370637785800227,-1.8890549804930057,1940,9596,9323,1.6016478062338702,1088,-227.61552346570397,-1.3831722166534208,1119,5037,4865,14.18000030517578,0.0014114651359527655,28.64119911193848,0.0012262249724604983,57.52577746666667,0.0009630500237302622
2023-11-16,7780.7001953125,0.014864424016430039,-0.0006781242109638873,0.014864424016430039,0.013902300565783206,0.8355168457285908,1908,73.37063778580023,-2.1013990790450188,2004,9587,9437,1.595885865958861,1301,-14.615523465703973,-1.9935616937001224,1364,6028,5963,14.31999969482422,0.009824597595796142,28.679689407348636,0.001342976432832135,57.581151000000006,0.0009621234506468323
2023-11-17,7853.39990234375,0.00930021307059966,0.014864424016430039,0.00930021307059966,0.008339014411794585,0.8689119703825593,1944,109.37063778580023,-2.172051927900229,2014,9724,9547,1.8035290125551415,1243,-72.61552346570397,-1.7634720997082696,1300,5894,5794,13.800000190734863,-0.03698853423681578,28.70190048217773,0.0007741533819866927,57.636524533333336,0.0009611986588050752
2023-11-20,7946.39990234375,0.011772437020948281,0.00930021307059966,0.011772437020948281,0.01081400210143286,0.5359391562433753,3579,1744.3706377858002,-1.7653925871930576,3741,18868,18456,1.686760208670624,2266,950.384476534296,-1.1094743826641176,2329,11118,10965,13.40999984741211,-0.028667920069603205,28.647829055786133,-0.0018856738418588513,57.802645133333336,0.0009584349195154212
2023-11-21,8046.60009765625,0.012530670469510306,0.011772437020948281,0.012530670469510306,0.011573153267987128,1.3251708837990173,1623,-211.62936221419977,-0.8282202168931073,1668,8339,8162,2.440021082220661,1188,-127.61552346570397,-0.2681981756700427,1217,5692,5579,13.350000381469728,-0.004484272494152975,28.777830123901367,0.004527637716378899,57.858018666666666,0.0009575172015231789
2023-11-22,7987.0,-0.007434434163897527,0.012530670469510306,0.007434434163897527,-0.008391035403209457,1.011072247014836,1528,-306.6293622141998,-1.0337102050692708,1568,8291,7622,2.0656587868792378,1014,-301.615523465704,-0.8469800528258408,1048,5457,5085,12.850000381469728,-0.03817257239318107,28.79397964477539,0.000561021839073487,57.913392200000004,0.00095660123931193
2023-11-24,7960.0,0.00774345891391481,-0.011129678992875034,0.00774345891391481,0.0067886843518008555,0.6912544901906604,1186,-648.6293622141998,-1.124179072176109,1438,7238,7009,1.3373916907353922,805,-510.615523465704,-0.8299538993700732,1040,4501,4398,12.460000038146973,-0.030820324606726717,28.840700149536133,0.0003086285039544852,58.024139266666666,0.0009547745621139546
2023-11-27,8107.2001953125,0.018323579974456262,0.00774345891391481,0.018323579974456262,0.017371532385009752,0.9358370183196464,2928,1093.3706377858002,-1.4511311996466183,3025,15830,15204,1.8323565906270882,2066,750.384476534296,-1.388406785662838,2134,10477,10243,12.6899995803833,0.018290732238712026,28.842559814453125,6.447849579930407e-05,58.19025986666667,0.0009520475894465107
2023-11-28,8093.5,-0.0016913094388697888,0.018323579974456262,0.0016913094388697888,-0.0026424514957454426,0.954702428916773,1633,-201.62936221419977,-1.9929441925038047,1738,8687,8502,1.5848298334540185,1129,-186.61552346570397,-1.631399293465409,1175,5524,5429,12.6899995803833,0.0,28.909400939941406,0.002314766614346032,58.2456334,0.0009511420568756538
2023-11-29,8009.2998046875,-0.010457928277667878,-0.0016913094388697888,0.010457928277667878,-0.011408166522916357,0.8565183752417797,1968,133.37063778580023,-1.443168004931226,2067,10340,10140,1.55805972917826,1090,-225.61552346570397,-0.7628505695312157,1139,5391,5360,12.979999542236328,0.022595427349522586,28.91860008239746,0.00031815530092755027,58.30100693333333,0.0009502382452484786
2023-11-30,7948.60009765625,-0.007607517298468455,-0.010457928277667878,0.007607517298468455,-0.00855685344813225,1.2199542682926834,1289,-545.6293622141998,-1.203640682162372,1337,6560,6354,1.6429995569339837,899,-416.615523465704,-1.1528309738994602,937,4514,4373,12.920000076293944,-0.004633171749536714,28.940919876098636,0.0007715167642012617,58.35638046666667,0.000949336149663795
2023-12-01,8026.2998046875,0.009727800516169602,-0.007607517298468455,0.009727800516169602,0.008779364750931247,0.7161394203447622,983,-851.6293622141998,-1.674906305419904,1016,5279,5215,1.1918032786885246,656,-659.615523465704,-1.2184289592369102,686,3477,3421,12.630000114440918,-0.02270155883612137,28.88640022277832,-0.0018856024931052605,58.411754,0.0009484357652383551
2023-12-04,8087.2001953125,0.007558963676617575,0.009727800516169602,0.007558963676617575,0.005408231382795644,0.5402615682364675,3311,1476.3706377858002,-1.972597409085843,3416,17051,16588,1.7172976178709112,2022,706.384476534296,-1.272044001081689,2091,10117,9885,13.079999923706056,0.035009394772744014,28.89620018005371,0.0003392009809538344,58.790675387096776,0.0021507322938219314
2023-12-05,8057.39990234375,-0.003691677295551322,0.007558963676617575,0.003691677295551322,-0.0058377938653847855,0.7112066612066612,1315,-519.6293622141998,-1.334071811132421,1438,7326,7176,1.742585386943364,943,-372.615523465704,-0.8349056226541876,999,4626,4541,12.850000381469728,-0.017740499168593812,28.917800903320312,0.0007472488970473803,58.91698251612903,0.002146116569833463
2023-12-06,7855.10009765625,-0.025427896909470307,-0.003691677295551322,0.025427896909470307,-0.027569417524666823,0.3745369856936901,1806,-28.629362214199773,-1.8667369545371169,1882,9017,8873,0.9765462239583332,1204,-111.61552346570397,-1.697569745976106,1258,6144,6062,12.970000267028809,0.009295177888952625,28.91469955444336,-0.00010725280267594124,59.043289645161295,0.0021415206151965144
2023-12-07,7978.7998046875,0.015624984931833173,-0.025427896909470307,0.015624984931833173,0.013488040628660778,1.3551094213649846,2089,254.37063778580023,-0.6081676192286359,2195,10784,10443,1.9572173702086368,1740,424.384476534296,-0.6080408257501648,1804,8244,8060,13.0600004196167,0.006915137061659103,28.914899826049805,6.926266430791822e-06,59.16959677419355,0.0021369443031723947
2023-12-08,7913.7998046875,-0.008179953441889133,0.015624984931833173,0.008179953441889133,-0.010312340949993542,1.3757269563264851,1640,-194.62936221419977,-0.2691985248586593,1750,8907,8409,2.4988833533757067,1136,-179.61552346570397,-0.23456302373403087,1264,5821,5728,12.350000381469728,-0.05589806201597742,28.91069984436035,-0.00014526374895470654,59.295903903225806,0.002132387508104408
2023-12-11,7728.39990234375,-0.023706203524384347,-0.008179953441889133,0.023706203524384347,-0.025825036508424565,0.41113502935420737,3010,1175.3706377858002,-2.1975467621421947,3179,15330,15032,1.9576829691293791,1790,474.384476534296,-1.5935176243150913,1866,8649,8485,12.630000114440918,0.02241885146121545,28.876100540161133,-0.0011974813661077526,59.67482529032258,0.0021188329840402197
2023-12-12,7748.89990234375,0.002649042435928276,-0.023706203524384347,0.002649042435928276,0.0005346894144822906,0.8552252416560279,1009,-825.6293622141998,-1.6291940422740188,1036,5483,5382,1.191608012994044,742,-573.615523465704,-1.4951167953601323,757,3694,3675,12.06999969482422,-0.0453519355978245,28.96109962463379,0.0029392551999156647,59.80113241935484,0.0021143530214459854
2023-12-13,7529.2998046875,-0.028748835142090645,0.002649042435928276,0.028748835142090645,-0.030858727105430552,0.22400823353293398,923,-911.6293622141998,-1.695845736066473,984,5344,5156,1.2104701471012405,676,-639.615523465704,-1.2308583050652684,706,3467,3441,12.1899995803833,0.009892899244538716,29.027099609375,0.0022763256701241923,59.9274395483871,0.0021098919633399083
2023-12-14,7813.39990234375,0.037038145866044474,-0.028748835142090645,0.037038145866044474,0.03493269617572994,0.896299957633103,1362,-472.6293622141998,-1.1967284934098823,1494,7081,6956,1.520050297210791,920,-395.615523465704,-0.8097411040795839,997,4374,4344,12.479999542236328,0.02351141719134706,28.99180030822754,-0.0012168209170837412,60.053746677419355,0.002105449690314539
2023-12-15,7993.89990234375,0.022838542683556798,0.037038145866044474,0.022838542683556798,0.020737516599590704,0.6558672699849172,1304,-530.6293622141998,-1.1974693517130166,1363,6630,6433,1.6937141491395808,894,-421.615523465704,-0.3334414282640824,914,4184,4113,12.279999732971191,-0.016155425287520307,28.976600646972656,-0.0005244119676498902,60.18005380645161,0.0021010260839660947
2023-12-18,7790.39990234375,-0.025786544701666927,0.022838542683556798,0.025786544701666927,-0.02787441079744131,1.318437025796662,2717,882.3706377858002,-0.4313858921701123,2811,14498,14150,2.180397100535771,1818,502.384476534296,-0.30720457535783935,1887,9519,9200,12.5600004196167,0.0225452934750457,28.84041976928711,-0.00471076262805381,60.55897519354839,0.0020878660957743813
2023-12-19,7725.89990234375,-0.008313885698937616,-0.025786544701666927,0.008313885698937616,-0.010397401690735582,1.464705882352941,1357,-477.6293622141998,-0.1174848725513491,1408,7293,7148,2.1947665237987826,899,-416.615523465704,0.3333327470560118,957,4433,4359,12.529999732971191,-0.002391446852206076,29.0386905670166,0.006851230854641756,60.68528232258065,0.002083515991797966
2023-12-20,7662.89990234375,-0.00818781877224649,-0.008313885698937616,0.00818781877224649,-0.010267002749414306,1.0827636363636366,992,-842.6293622141998,-0.745261786213969,1027,5500,5396,1.806588032220945,692,-623.615523465704,-0.42541905722284673,732,3476,3449,13.670000076293944,0.0870779087201619,29.088720321655277,0.0017213829492022492,60.8115894516129,0.0020791839771678146
2023-12-21,7765.0,0.013235967160995595,-0.00818781877224649,0.013235967160995595,0.011161097221711243,1.0260232248239105,916,-918.6293622141998,-1.065332358321485,945,5253,5057,0.8364829396325457,735,-580.615523465704,-1.1070052090706666,751,3810,3750,13.649999618530272,-0.00146416263251253,29.1254997253418,0.0012635884686077942,60.93789658064516,0.0020748699392843517
2023-12-22,7557.60009765625,-0.027072764206267443,0.013235967160995595,0.027072764206267443,-0.029143337972748724,0.4864357864357864,1029,-805.6293622141998,-1.0222668751328732,1062,5544,5397,0.6731623931623939,761,-554.615523465704,-1.2752966880555838,785,4095,3969,13.029999732971191,-0.04648512304109971,29.10354995727539,-0.0007539112943008223,61.06420370967742,0.00207057376648128
2023-12-26,7299.2998046875,-0.03477526600647887,-0.027072764206267443,0.03477526600647887,-0.03682883153131938,-0.685342051332097,3588,1753.3706377858002,-2.153704871299804,3719,20494,20073,0.10540255097895834,2328,1012.384476534296,-1.7884645733639621,2416,12309,12164,12.989999771118164,-0.003074557580709151,29.311399459838867,0.016444485403188318,61.56943222580645,0.0020535655248405077
2023-12-27,7260.39990234375,-0.00534351610075159,-0.03477526600647887,0.00534351610075159,-0.0073928731351623166,0.2738883742473362,1805,-29.629362214199773,-1.9575724912696568,1843,8636,8527,1.0280007070885635,1188,-127.61552346570397,-1.2643721236755474,1235,5657,5618,12.43000030517578,-0.04406688298848868,29.30590057373047,-0.00018761990475103902,61.69573935483871,0.0020493570344107272
2023-12-28,7396.2998046875,0.0185449384745044,-0.00534351610075159,0.0185449384745044,0.016499772716390415,0.16850393700787372,1150,-684.6293622141998,-2.225061804113371,1239,6223,6125,0.9742760240020878,791,-524.615523465704,-1.6957594327443894,834,3833,3781,12.470000267028809,0.0032128510314720048,29.38789939880371,0.002794124028758073,61.82204648387097,0.0020451657581139876
2023-12-29,7470.2001953125,0.009941949931923023,0.0185449384745044,0.009941949931923023,0.007900958341374657,-0.5290500591249507,894,-940.6293622141998,-2.2556240612154173,917,5074,5005,-0.0437266235974157,566,-749.615523465704,-2.10692211467984,591,2941,2884,12.449999809265137,-0.0016051735149952427,29.519800186157227,0.004478226402205049,61.948353612903226,0.0020409915905483665
2024-01-02,7624.2998046875,0.02041869068992165,0.009941949931923023,0.02041869068992165,0.018958728287303966,-0.5461579667876911,2956,1121.3706377858002,-2.6701638828212246,3021,16801,16410,0.04304396843291979,1736,420.384476534296,-2.02699055087422,1802,8870,8809,13.199999809265137,0.05849620755206713,29.428199768066406,0.014034643413529224,62.41833693548387,0.001459962402617685
2024-01-03,7412.0,-0.028240180960388387,0.02041869068992165,0.028240180960388387,-0.029698014979771096,-0.1243499116384752,1517,-317.6293622141998,-3.7293770882586434,1586,7922,7863,0.6997646505060021,835,-480.615523465704,-3.5838461969808826,884,4249,4219,14.039999961853027,0.06169358073792997,29.74485969543457,0.010702943302083275,62.50939887096774,0.001457834019382709
2024-01-04,7547.7998046875,0.018155795770069948,-0.028240180960388387,0.018155795770069948,0.016700083937294864,0.5484210526315789,1133,-701.6293622141998,-2.9689243684109896,1178,5985,5888,1.131609353507566,741,-574.615523465704,-3.1872410180941544,775,3635,3616,14.130000114440918,0.006389808914936812,29.77907943725586,0.001149780948296143,62.600460806451615,0.0014557118327750839
2024-01-05,7628.7001953125,0.01066137211054129,0.018155795770069948,0.01066137211054129,0.00920777629476842,1.0474144789180595,1394,-440.6293622141998,-1.9821661235690669,1477,7542,7218,1.9586428719651392,1004,-311.615523465704,-1.5799221228242193,1034,4819,4681,13.350000381469728,-0.056783791374811314,29.840900421142575,0.002073835187135028,62.691522741935486,0.0014535958157728692
2024-01-08,7818.89990234375,0.024626390907846272,0.01066137211054129,0.024626390907846272,0.02317910639332341,1.345134788189988,4183,2348.3706377858,-2.3520855583972975,4321,19475,19239,1.79892370771709,3159,1843.384476534296,-2.3181807413506004,3261,13658,13559,13.079999923706056,-0.020432073224587316,29.78428077697754,-0.0018991862178292897,62.964708548387094,0.0014472845145228606
2024-01-09,7736.2998046875,-0.010620355327606804,0.024626390907846272,0.010620355327606804,-0.012065548236447607,1.0072555777253764,1047,-787.6293622141998,-1.20141080452554,1132,5513,5331,1.767165932452277,707,-608.615523465704,-1.3905925825572092,799,3405,3269,12.760000228881836,-0.024769044342090738,29.91390037536621,0.004342504229666042,63.055770483870965,0.0014451929088408024
2024-01-10,7874.2001953125,0.017668105169912757,-0.010620355327606804,0.017668105169912757,0.016224997829928874,1.1586715282181357,1166,-668.6293622141998,-1.559005300668613,1241,6308,6076,2.032818428184282,814,-501.615523465704,-1.8128803869447745,846,3690,3668,12.6899995803833,-0.005501047194517584,29.96179962158203,0.0015999564576684988,63.14683241935484,0.0014431073399838845
2024-01-11,7896.0,0.002764685077303659,0.017668105169912757,0.002764685077303659,0.0013236572954493685,0.8568951392681601,1315,-519.6293622141998,-1.793080362811324,1390,7324,7018,1.841103202846976,895,-420.615523465704,-1.8799744989827911,925,4496,4415,12.4399995803833,-0.019897195079787117,29.85420036315918,-0.0035976786982633434,63.23789435483871,0.0014410277818542904
2024-01-12,7986.5,0.011396314116693765,0.002764685077303659,0.011396314116693765,0.009957359908188893,0.5116633996079528,1368,-466.6293622141998,-2.3549722809344056,1421,7142,6932,0.9776719261685024,708,-607.615523465704,-2.031034219302742,738,3359,3319,12.699999809265137,0.02068492486626542,30.06089973449707,0.006899769541411476,63.32895629032258,0.0014389542085048725
2024-01-16,8032.2001953125,-0.0014679845564460885,0.007173855662531303,0.0014679845564460885,-0.002898703805598992,-0.8755381303813038,1230,-604.6293622141998,-3.064476739445716,1244,6504,6410,0.031787244769347,758,-557.615523465704,-2.6096373186173203,768,3967,3896,13.84000015258789,0.08596098276860784,30.07284927368164,0.0003092411459487362,63.693204032258066,0.0014307192491529032
2024-01-17,8024.39990234375,-0.0009715996580764383,-0.0014679845564460885,0.0009715996580764383,-0.002400274873749218,0.2405012531328318,1085,-749.6293622141998,-1.497944884664334,1118,5985,5860,1.3538507285162058,699,-616.615523465704,-1.4040276647544532,723,3363,3327,14.789999961853027,0.06638831292880744,30.118099212646484,0.0015035465839070587,63.78426596774193,0.00142867521567278
2024-01-18,8016.10009765625,-0.0010348561987727361,-0.0009715996580764383,0.0010348561987727361,-0.002461493213155287,0.6796422235363697,1203,-631.6293622141998,-1.096919778189119,1247,6764,6600,1.1275246469491085,721,-594.615523465704,-0.5863375691237517,733,3753,3707,14.130000114440918,-0.04565106934788655,30.137819290161133,0.0006545441081537044,63.8753279032258,0.0014266370143825508
2024-01-19,7996.7001953125,-0.0024230504946659193,-0.0010348561987727361,0.0024230504946659193,-0.0038476551150220537,0.8761940022213998,953,-881.6293622141998,-1.018312967830327,997,5402,5253,1.6897369275738878,620,-695.615523465704,-0.6930997264989291,671,3079,3059,13.300000190734863,-0.06053615522690582,30.153600692749023,0.0005235041056515803,63.966389838709674,0.0014246046203561344
2024-01-22,8010.10009765625,0.00167427658604009,-0.0024230504946659193,0.00167427658604009,0.0002557345513155393,0.6531358885017424,2271,436.3706377858002,-1.273220559302686,2324,12628,12359,1.3422054223149111,1515,199.38447653429603,-1.1677189124077203,1541,7672,7602,13.1899995803833,-0.008305114652697272,30.19136047363281,0.0012514644166507708,64.23957564516128,0.0014185420347245508
2024-01-23,7950.10009765625,-0.007518738101351541,0.00167427658604009,0.007518738101351541,-0.008935270724669993,1.3899112284069093,1659,-175.62936221419977,-0.7691558912026121,1733,8336,8168,1.9124414367516893,1148,-167.61552346570397,-0.6559418547105291,1224,5763,5658,12.550000190734863,-0.0497382541401881,30.2587890625,0.0022308833757969083,64.33063758064516,0.001416532623318451
2024-01-24,8090.89990234375,0.017555441780612125,-0.007518738101351541,0.017555441780612125,0.016140912883957134,1.1816820512820525,1995,160.37063778580023,-0.7656702144108767,2112,9750,9600,2.1694534213854144,1512,196.38447653429603,-0.342372010976359,1613,7117,7062,13.140000343322754,0.04594035840873762,30.27949905395508,0.0006841948428784491,64.42169951612902,0.0014145288966549924
2024-01-25,8169.89990234375,0.009716695674001661,0.017555441780612125,0.009716695674001661,0.00830416484335655,1.5814175171021647,1653,-181.62936221419977,-0.6378601199429945,1737,8917,8752,2.41689939701682,1264,-51.61552346570397,-0.3662513042961077,1359,6302,6197,13.449999809265137,0.023318052682289685,30.24799919128418,-0.0010408447871767445,64.5127614516129,0.0014125308306451108
2024-01-26,8346.2998046875,0.02136164654355494,0.009716695674001661,0.02136164654355494,0.01995110814222067,1.5205759539236865,1306,-528.6293622141998,-0.6132706225164449,1352,6945,6813,2.2247435629055885,930,-385.615523465704,-0.2617087843926305,960,4777,4702,13.260000228881836,-0.014227089848027405,30.29730033874512,0.0016285709622442187,64.60382338709677,0.0014105384013342666
2024-01-29,8471.7001953125,0.014912916476654567,0.02136164654355494,0.014912916476654567,0.013508321780572792,0.10628387689480988,3733,1898.3706377858002,-2.2928197277522786,4095,21770,21213,1.095997205728257,2646,1330.384476534296,-1.6869977043039146,2778,14315,13985,13.600000381469728,0.02531781877246082,30.324670791625977,0.0009029879507477358,64.87700919354839,0.0014045946960817748
2024-01-30,8474.2998046875,0.00030681097549764644,0.014912916476654567,0.00030681097549764644,-0.001095813601219481,0.5716062176165804,1251,-583.6293622141998,-1.226865950208738,1268,6755,6668,1.3741038911251688,983,-332.615523465704,-0.7560624018994706,1011,5217,5144,13.3100004196167,-0.021554156857807188,30.34501075744629,0.0006705150270458593,64.96807112903225,0.0014026245767171275
2024-01-31,8496.7001953125,0.002639844868731037,0.00030681097549764644,0.002639844868731037,0.001239184892441586,1.006354055292501,1293,-541.6293622141998,-1.284504297324679,1320,6547,6485,1.7849604221635895,965,-350.615523465704,-0.9452021667491272,978,4927,4839,14.350000381469728,0.07523430485544266,30.358400344848636,0.00044114778317584446,65.05913306451613,0.0014006599762894508
2024-02-01,8646.099609375,0.017430431235138766,0.002639844868731037,0.017430431235138766,0.016031730363499114,0.3413892491713503,1195,-639.6293622141998,-2.040730652460425,1234,6939,6794,0.9019043497078558,877,-438.615523465704,-1.6496298448219744,900,4621,4546,13.880000114440918,-0.03330100546520483,30.35980033874512,4.611447246365954e-05,65.150195,0.0013987008716396512
2024-02-02,8665.7001953125,0.002264420168204605,0.017430431235138766,0.002264420168204605,0.0011744383786778001,-0.0241320501888171,1450,-384.6293622141998,-2.9649170960999287,1554,8209,8098,0.5197295294553538,952,-363.615523465704,-2.3008351959869384,983,5398,5296,13.850000381469728,-0.0021637031473935022,30.44300079345703,0.00273673268637459,65.2212462413793,0.0010899817895268047
2024-02-05,8776.7001953125,0.012727777825998429,0.002264420168204605,0.012727777825998429,0.011641348601034393,0.7297409196411772,2719,884.3706377858002,-1.556994524165491,2949,15941,15228,1.5970585066264416,1720,404.384476534296,-1.461794451507307,1891,9281,9131,13.670000076293944,-0.01308160385930721,30.300920486450195,-0.004678017589854442,65.43439996551724,0.0010864292249640347
2024-02-06,8869.099609375,0.01047277648018174,0.012727777825998429,0.01047277648018174,0.009387526302842755,-0.1289023521026366,1439,-395.6293622141998,-2.384133031748559,1540,8418,8211,0.1847375067652896,981,-334.615523465704,-2.631388962049988,1092,5543,5487,13.0600004196167,-0.04564950033878034,30.536800384521484,0.007754435132442883,65.50545120689655,0.0010852501773389845
2024-02-07,8843.0,-0.002947095922110658,0.01047277648018174,0.002947095922110658,-0.004031169608174182,0.9213537595748011,1141,-693.6293622141998,-0.8578119941184015,1177,6397,6271,0.9454866008462628,829,-486.615523465704,-1.6268280037564242,852,4254,4194,12.829999923706056,-0.0177679832971823,30.541120529174805,0.0001414633830327095,65.57650244827586,0.001084073686063524
2024-02-08,8949.7998046875,0.012004978251653453,-0.002947095922110658,0.012004978251653453,0.010922078508820666,0.3405410062026187,970,-864.6293622141998,-0.9786745016935824,996,5804,5647,1.680102730467694,682,-633.615523465704,-0.949225040259972,702,3699,3585,12.789999961853027,-0.003122560072828968,30.59149932861328,0.0016481809861961364,65.64755368965517,0.001082899742832787
2024-02-09,9046.0,0.010691507210399933,0.012004978251653453,0.010691507210399933,0.00960977887102193,0.4708082706766916,915,-919.6293622141998,-0.7417816550213574,935,5320,5100,1.9337998174627329,602,-713.615523465704,-0.6507792882909851,619,3287,3103,12.93000030517578,0.010886603777725256,30.668399810791016,0.002510631706932855,65.71860493103448,0.001081728339378004
2024-02-12,9174.599609375,0.01411608262758336,0.010691507210399933,0.01411608262758336,0.01303785334206867,0.8319063386944183,2218,383.3706377858002,-1.0451113716476774,2285,12684,12383,1.6060852666099845,1584,268.384476534296,-0.7418499860151179,1628,8233,7948,13.93000030517578,0.07449459331360889,30.64838981628418,-0.0006526758931400409,65.93175865517242,0.0010782292855146894
2024-02-13,8994.0,-0.019881065334719013,0.01411608262758336,0.019881065334719013,-0.02095813329390498,0.8677963156065357,1117,-717.6293622141998,-1.523357423084337,1176,5754,5479,2.1670896785109983,705,-610.615523465704,-0.764596734931232,730,3546,3465,15.850000381469728,0.129124714691257,30.712900161743164,0.0021026405816856144,66.00280989655172,0.0010770679591859688
2024-02-14,9072.099609375,0.008646038445980607,-0.019881065334719013,0.008646038445980607,0.007570129314159566,1.550289872949301,1694,-140.62936221419977,-0.9485015988592728,1769,8107,7950,1.8278783490224477,1254,-61.61552346570397,-0.7889035770610227,1293,5524,5421,14.380000114440918,-0.09733116413954025,30.722900390625,0.0003255505382935057,66.07386113793103,0.0010759091318210407
2024-02-15,9242.2001953125,0.018576246889703607,0.008646038445980607,0.018576246889703607,0.01750149409434077,1.2332331238043193,1398,-436.6293622141998,-0.694216545773991,1430,7318,7157,1.9995213228894697,922,-393.615523465704,-0.2806508770474591,944,4596,4492,14.010000228881836,-0.02606698356529103,30.750099182128903,0.0008849021023140367,66.14491237931034,0.0010747527953628372
2024-02-16,9250.400390625,0.0008868623763178549,0.018576246889703607,0.0008868623763178549,-0.00018673656547009486,1.0292057416267946,974,-860.6293622141998,-0.7204761273272151,987,5225,5109,1.6058894230769236,667,-648.615523465704,-0.6389905279927379,687,3328,3254,14.239999771118164,0.016283513224718212,30.815000534057617,0.0021083820628874372,66.21596362068965,0.0010735989417879498
2024-02-20,9345.0,0.01602929530402263,-0.005854690457014232,0.01602929530402263,0.014960287106949917,1.0415686274509808,1188,-646.6293622141998,-0.4987688850840025,1218,6375,6227,1.7604309500489723,833,-482.615523465704,-0.4547878123766221,855,4084,4013,15.420000076293944,0.0796104831722431,30.867900848388672,0.0021102759601473488,66.5001685862069,0.0010690081970727123
2024-02-21,9312.099609375,-0.0035268530926013085,0.01602929530402263,0.0035268530926013085,-0.0045947197313748215,-0.0939252336448614,1284,-550.6293622141998,-0.7181599019662832,1314,7918,6948,1.825059856344773,970,-345.615523465704,-0.8236729848483454,988,5012,4970,15.34000015258789,-0.005201567196740504,30.904909133911133,0.0011982064588220358,66.5712198275862,0.001067866638773513
2024-02-22,9347.2001953125,0.0037622662916544647,-0.0035268530926013085,0.0037622662916544647,0.0026955387757160174,1.1620442505453428,1215,-619.6293622141998,-0.6225868699609501,1240,6418,6271,2.20007859575583,795,-520.615523465704,-0.3135165093399055,805,3817,3756,14.539999961853027,-0.05356033640438439,31.01650047302246,0.003604293268707383,66.64227106896551,0.0010667275159384473
2024-02-23,9374.2001953125,0.0028844016105768386,0.0037622662916544647,0.0028844016105768386,0.0018188107897953367,1.1063470496894414,1005,-829.6293622141998,-0.8141242145564098,1023,5152,5079,2.0208687727825025,677,-638.615523465704,-0.8219463257680881,694,3292,3253,13.75,-0.055864645369204845,31.07349967956543,0.0018360194045664402,66.71332231034482,0.001065590820781502
2024-02-26,9334.099609375,-0.004286936575700738,0.0028844016105768386,0.004286936575700738,-0.005349131799720266,0.9329887090191817,2655,820.3706377858002,-0.630292331370927,2740,14702,14337,1.9269295302013432,1881,565.384476534296,0.34902288318219554,1937,9536,9319,13.739999771118164,-0.0007275539764438033,31.09312057495117,0.000631235732517484,66.92647603448275,0.0010621952240195277
2024-02-27,9179.5,-0.016701582223332283,-0.004286936575700738,0.016701582223332283,-0.017762650385711808,0.2725457570715473,981,-853.6293622141998,-0.841171548101945,1003,5409,5285,1.5036314525810333,645,-670.615523465704,-0.4917325132034953,671,3332,3290,13.43000030517578,-0.022820236877551976,31.11552047729492,0.0007201540793352209,66.99752727586207,0.001061068162379523
2024-02-28,9062.400390625,-0.01283870817704614,-0.016701582223332283,0.01283870817704614,-0.013898651667028888,0.8008117141492923,1139,-695.6293622141998,-0.9556055212760499,1178,6283,6141,1.0448407296487894,741,-574.615523465704,-1.0939323198950988,776,3673,3605,13.84000015258789,0.03007192795607551,31.14579963684082,0.0009726476045644101,67.06857851724138,0.0010599434899827476
2024-02-29,9193.7001953125,0.014384459378685514,-0.01283870817704614,0.014384459378685514,0.013325638179445008,0.7082085168869312,1180,-654.6293622141998,-0.9471671851738618,1227,6810,6728,0.966461974492206,770,-545.615523465704,-0.7444327493921893,813,4234,4165,13.399999618530272,-0.03230828272568495,31.208839416503903,0.0020219762987237952,67.13962975862069,0.0010588211992405062
2024-03-01,9097.2001953125,-0.010551792782123325,0.014384459378685514,0.010551792782123325,-0.011609494064718874,1.0084417119886506,1577,-257.6293622141998,-0.7482607725080822,1639,8458,8273,1.4194898426760347,1275,-40.61552346570397,-0.1464074133423193,1316,6547,6290,13.109999656677246,-0.021879406901220082,31.279409408569336,0.002258665377692271,67.210681,0.0010577012825955495
2024-03-04,8907.7001953125,-0.021050602176541144,-0.010551792782123325,0.021050602176541144,-0.022073707558405625,1.3085562957300434,3489,1654.3706377858002,-0.6406262543924837,3569,18314,17901,1.95187357445422,2506,1190.384476534296,-0.04401112524080974,2565,12276,12084,13.489999771118164,0.028573381665131348,31.390369415283203,0.0035411046518477726,67.41750080645161,0.0010231053818644806
2024-03-05,8860.5,-0.005312896727835605,-0.021050602176541144,0.005312896727835605,-0.006334956434821851,0.591356262167424,1475,-359.6293622141998,-1.8830342036189227,1542,7705,7515,2.0250315099571465,806,-509.615523465704,-0.8954837781096137,837,3967,3840,14.460000038146973,0.06943756611583544,31.5713005065918,0.005747356751416207,67.48644074193548,0.0010220597069862457
2024-03-06,8744.599609375,-0.013166874102347277,-0.005312896727835605,0.013166874102347277,-0.01418789026975809,1.1333019312293922,1144,-690.6293622141998,-0.6509697126730092,1185,6369,6282,1.7783881762409377,757,-558.615523465704,-0.2229009520149893,782,3586,3543,14.5,0.0027624300578069465,31.688119888305664,0.003693347608221367,67.55538067741935,0.0010210161674108142
2024-03-07,9054.2001953125,0.03479243769447602,-0.013166874102347277,0.03479243769447602,0.03377246293787257,1.6314226159458052,1469,-365.6293622141998,-0.6015061267791693,1539,7676,7527,2.1462133550488605,1021,-294.615523465704,-0.2520491534196528,1056,4912,4832,14.4399995803833,-0.004146545021177181,31.79730987548828,0.0034398473871937105,67.62432061290322,0.0010199747566034525
2024-03-08,9155.2998046875,0.011104165209619947,0.03479243769447602,0.011104165209619947,0.01008522974156239,1.827720104604169,2593,758.3706377858002,-0.2449612634892031,2737,12619,11982,2.1679658033693703,1781,465.384476534296,-0.0559644239658805,1870,7954,7455,14.739999771118164,0.020562766827898746,31.93320083618164,0.0042645560226501145,67.69326054838709,0.0010189354680575566
2024-03-11,9131.7998046875,-0.0025701192029103648,0.011104165209619947,0.0025701192029103648,-0.003585949474221009,1.5559344065593446,4013,2178.3706377858,-0.8814766533332704,4157,20002,19699,1.738954850173654,2631,1315.384476534296,-0.8339414095946389,2722,12381,12166,15.220000267028809,0.03204549874488908,31.996360778808597,0.001975923550260009,67.9000803548387,0.0010158302713106442
2024-03-12,9069.0,-0.006900801566670247,-0.0025701192029103648,0.006900801566670247,-0.007915600973935287,0.9294846050870152,1124,-710.6293622141998,-0.6167715556209348,1158,5976,5870,1.373392243495337,853,-462.615523465704,-0.693163347389049,873,4074,4006,13.84000015258789,-0.0950474087634793,32.03739929199219,0.0012817775734836009,67.96902029032258,0.001014799407265039
2024-03-13,8910.2001953125,-0.017665294625420006,-0.006900801566670247,0.017665294625420006,-0.018679065258759016,1.2947777101096245,1279,-555.6293622141998,-0.4394653432714747,1318,6568,6473,1.8308627542670108,921,-394.615523465704,-0.7516878214366145,938,4277,4198,13.75,-0.006524137102079705,32.093780517578125,0.0017583097731646178,68.03796022580644,0.0010137706333390088
2024-03-14,8883.5,-0.0030010863461870352,-0.017665294625420006,0.0030010863461870352,-0.004013830289369571,1.2660371564563182,1198,-636.6293622141998,-0.7350992772085339,1267,6513,6419,1.9663379355687047,865,-450.615523465704,-0.7564022845543825,930,4563,4445,14.399999618530272,0.04618935597842095,32.1185302734375,0.0007708726498114703,68.10690016129033,0.0010127439431825355
2024-03-15,8828.7001953125,-0.00618782296228413,-0.0030010863461870352,0.00618782296228413,-0.00719954229275498,0.9798398576512468,1056,-778.6293622141998,-0.97026856049551,1125,5620,5543,1.657982754115496,795,-520.615523465704,-0.7592343650923417,850,3827,3731,14.40999984741211,0.0006942193314017042,32.19306945800781,0.0023180644940919474,68.1758400967742,0.0010117193304708502
2024-03-18,8718.099609375,-0.012606521066571737,-0.00618782296228413,0.012606521066571737,-0.013615178960714173,0.12183037475345168,2190,355.3706377858002,-0.5400138958475159,2243,12675,12000,0.9949552366065084,1401,85.38447653429603,-0.7274044681926776,1428,7037,6929,14.329999923706056,-0.005567162906393808,32.28765106201172,0.0029336419033131403,68.3826599032258,0.001008657894142437
2024-03-19,8929.900390625,0.024003960895942922,-0.012606521066571737,0.024003960895942922,0.022996319367468637,0.8380038725576491,1114,-720.6293622141998,-1.1970923349774398,1150,5681,5605,0.9643071059079776,750,-565.615523465704,-1.4104823440461947,779,3673,3618,13.81999969482422,-0.036238440258669194,32.33330154418945,0.0014128696012851048,68.45159983870967,0.0010076415284742855
2024-03-20,8955.099609375,0.002817918414858932,0.024003960895942922,0.002817918414858932,0.0018112912058497945,0.7595282224094361,1012,-822.6293622141998,-1.40897551622087,1044,5935,5816,1.5248203285420947,710,-605.615523465704,-1.1987007795168458,746,3896,3822,13.039999961853027,-0.05809524268421433,32.373348236083984,0.0012377923179017643,68.52053977419355,0.0010066272090091374
2024-03-21,9140.7001953125,0.020513831558304114,0.002817918414858932,0.020513831558304114,0.019508216628730396,0.9232595252343908,866,-968.6293622141998,-0.4593591203637401,889,5013,4862,1.986611265004618,637,-678.615523465704,-0.2291659954409676,650,3249,3218,12.920000076293944,-0.009245049313565831,32.41749954223633,0.0013628873367276184,68.58947970967742,0.001005614929573719
2024-03-22,9111.5,-0.003199638390100896,0.020513831558304114,0.003199638390100896,-0.004204243074120902,0.6233532934131738,861,-973.6293622141998,-0.9548294277374374,880,5010,4919,1.3887823585810168,626,-689.615523465704,-1.044862915706044,641,3129,3092,13.0600004196167,0.01077765171864044,32.15650177001953,-0.00808372373362287,68.65841964516129,0.0010046046840200065
2024-03-25,9029.400390625,-0.00905138864392589,-0.003199638390100896,0.00905138864392589,-0.010052974733461983,0.401336340098555,2090,255.37063778580023,-2.3880340649945118,2161,11973,11815,1.2958638583638586,1268,-47.61552346570397,-2.030538745766232,1296,6552,6466,13.1899995803833,0.009904778937777805,32.08531188964844,-0.0022163107003429225,68.86523945161291,0.001001586089536093
2024-03-26,8807.400390625,-0.024893641739033818,-0.00905138864392589,0.024893641739033818,-0.02589422565755183,0.282602048616419,1110,-724.6293622141998,-2.030518812814473,1150,6541,6230,1.0226235264609986,793,-522.615523465704,-1.9582270880697927,810,3987,3863,13.239999771118164,0.003783598305736472,32.16780090332031,0.002567628412230893,68.93417938709678,0.0010005839185180097
2024-03-27,8806.7001953125,-7.950395303500768e-05,-0.024893641739033818,7.950395303500768e-05,-0.001079087704043305,0.2225066934404283,1071,-763.6293622141998,-1.1090808776283978,1114,5976,5880,0.748484848484849,734,-581.615523465704,-0.39212171995300477,766,3861,3830,12.779999732971191,-0.03536110516659866,32.208499908447266,0.0012644097295427346,69.00311932258064,0.0009995837510082973
2024-03-28,9080.0,0.030561375005223764,-7.950395303500768e-05,0.030561375005223764,0.029562789424219315,0.6843607097128234,999,-835.6293622141998,-1.1094845994509888,1022,5467,5339,1.571156069364163,708,-607.615523465704,-0.5368482321955379,717,3460,3381,13.010000228881836,0.017836882062060327,32.29970169067383,0.0028276045752800394,69.07205925806451,0.0009985855810044492
2024-04-01,9157.5,0.0016502398897707705,0.006848783167859806,0.0016502398897707705,0.0006556271329257635,0.3306154864328258,2627,792.3706377858002,-0.905733928913859,2716,15110,14588,1.2092450108199084,1625,309.384476534296,-0.998639570163762,1675,8318,8141,13.649999618530272,0.04802118356729221,32.42340087890625,-0.0007923115735914515,69.347819,0.000994612756845007
2024-04-02,9040.900390625,-0.012814445493716924,0.0016502398897707705,0.012814445493716924,-0.013936503305984966,0.0938542730677562,999,-835.6293622141998,-1.6501931493150273,1036,5874,5620,0.7945982262832572,661,-654.615523465704,-1.001517574224911,690,3721,3501,14.609999656677246,0.067966708578978,32.26240158081055,-0.0049778969860384365,69.42567493333334,0.0011220578122680413
2024-04-03,8945.7998046875,-0.010574643609622318,-0.012814445493716924,0.010574643609622318,-0.011695443819127165,0.1093471502590672,883,-951.6293622141998,-1.197553146193499,947,4825,4696,0.35304937076476267,610,-705.615523465704,-1.4270531094781245,637,3099,3045,14.329999923706056,-0.019350965747437027,32.052101135253906,-0.006539775204572275,69.50353086666667,0.0011208002095048479
2024-04-04,9129.0,0.02027203301545054,-0.010574643609622318,0.02027203301545054,0.019152487592820767,1.0347460791635557,1009,-825.6293622141998,-0.4587524594347031,1033,5356,5243,1.4939628040057225,732,-583.615523465704,-0.6461003393547823,741,3495,3433,16.350000381469727,0.13187268415873488,31.94529914855957,-0.0033377007619282023,69.5813868,0.0011195454226297728
2024-04-05,9618.7998046875,0.05226333688394706,0.02027203301545054,0.05226333688394706,0.051145043441752594,0.7701324503311262,1163,-671.6293622141998,-0.7517462457980474,1184,6040,5880,1.8472307264124688,731,-584.615523465704,-0.756760021075147,749,3593,3515,16.030000686645508,-0.019765911218254613,31.94499015808105,-9.672533396673564e-06,69.65924273333333,0.001118293442194466
2024-04-08,9756.7001953125,0.014234752048625473,0.05226333688394706,0.014234752048625473,0.013120197802931026,0.7611871069182392,2266,431.3706377858002,-1.0983785273577378,2305,12720,12367,1.5494693646526112,1386,70.38447653429603,-1.0593677516672473,1416,7067,6887,15.1899995803833,-0.05382472047334399,32.007598876953125,0.001957973549420732,69.89281053333333,0.0011145542456944483
2024-04-09,9814.2001953125,0.005876087895892081,0.014234752048625473,0.005876087895892081,0.004762774498499766,0.6695915279878977,1298,-536.6293622141998,-1.9782775475721155,1374,7271,7128,1.114153245485604,833,-482.615523465704,-1.1983294794674666,868,4098,4073,14.979999542236328,-0.013921341452394936,32.15650177001953,0.004641323072214092,69.97066646666667,0.0011133133973923158
2024-04-15,9679.7998046875,-0.013789116670720473,0.005876087895892081,0.013789116670720473,-0.014895042614337385,0.5311077282543281,5130,3295.3706377858,-2.217845240151032,5341,28247,27583,1.2846285421061634,3385,2069.384476534296,-1.6856589462655909,3496,17539,17179,19.229999542236328,0.10518719746045613,32.39690017700195,-0.0006572934320733336,70.43780206666666,0.0011059259436169133
2024-04-16,9548.099609375,-0.013699078832661396,-0.013789116670720473,0.013699078832661396,-0.014803783055094536,0.6913006029285097,1118,-716.6293622141998,-2.044725519294967,1142,5805,5723,1.667826552462527,748,-567.615523465704,-1.124586676136017,775,3736,3706,18.399999618530277,-0.04412089191313539,32.40700912475586,0.00031198574113279704,70.515658,0.0011047042224331394
2024-04-17,9530.5,-0.0018449587210360035,-0.013699078832661396,0.0018449587210360035,-0.002948443918588196,0.969641561456973,1351,-483.6293622141998,-2.201469415610428,1384,6891,6700,2.0858513189448447,892,-423.615523465704,-1.2476894506848597,911,4587,4534,18.209999084472656,-0.0103798004194502,32.51139831542969,0.0032160148334696346,70.59351393333334,0.0011034851975521927
2024-04-18,9524.599609375,-0.0006192978189081328,-0.0018449587210360035,0.0006192978189081328,-0.0017215666789659502,0.9435668600327238,1226,-608.6293622141998,-1.4365526694491473,1245,6723,6497,1.994305239179955,823,-492.615523465704,-1.0824987289974897,845,4390,4330,18.0,-0.01159908556727462,32.47119903564453,-0.0012372323222439225,70.67136986666667,0.0011022688600578175
2024-04-19,9693.5,0.017577673429042637,-0.0006192978189081328,0.017577673429042637,0.016476618227968576,1.2708989104116228,1248,-586.6293622141998,-1.1747882798058589,1296,6608,6497,1.8080988184747597,1016,-299.615523465704,-0.8421104484874594,1047,4655,4620,18.709999084472656,0.03868633345731804,32.56330108642578,0.002832407789179045,70.7492258,0.0011010552010740596
2024-04-22,9645.0,-0.005015911439432728,0.017577673429042637,0.005015911439432728,-0.006113341646430073,1.3215935941191927,4799,2964.3706377858,-1.4629924757968713,5019,22854,22336,1.9802374839537877,3559,2243.384476534296,-1.3733954576636183,3685,15580,15284,16.940000534057617,-0.09938037060315114,32.60334014892578,0.0012288209666552388,70.98279360000001,0.0010974302069973452
2024-04-24,9722.099609375,0.007961957982987058,-0.005015911439432728,0.007961957982987058,0.006866931207152951,0.41832014234002085,3138,1303.3706377858002,-1.618068633966069,3254,16299,15925,1.4005357674372465,2123,807.384476534296,-1.0970393797539688,2175,10079,9925,15.970000267028809,0.01768843894684457,32.510520935058594,-0.0016621090589013436,71.13850546666667,0.0010950267758341075
2024-04-25,9716.7998046875,-0.0005452782800019381,0.007961957982987058,0.0005452782800019381,-0.001639107283669062,0.4643160345063677,1370,-464.6293622141998,-1.4221609358553151,1413,7303,7107,0.5321923229125453,1017,-298.615523465704,-1.3575981307894196,1102,5054,5000,15.369999885559082,-0.03829442884280131,32.56671905517578,0.0017271210056016536,71.2163614,0.001093829003667124
2024-04-26,9915.599609375,0.020252909057329765,-0.0005452782800019381,0.020252909057329765,0.01916027520837585,0.348277027027027,1752,-82.62936221419977,-1.7247199100969537,1847,8880,8667,1.330669910179641,1098,-217.61552346570397,-1.272118146797881,1169,5344,5289,15.029999732971191,-0.022369364106276213,32.535301208496094,-0.0009651881459740502,71.29421733333334,0.0010926338489539167
2024-04-29,10082.7998046875,0.016721747359029468,0.020252909057329765,0.016721747359029468,0.015632683355012906,0.8170332570825267,3170,1335.3706377858002,-0.8842074797759945,3257,17049,16593,1.5212589559877174,1884,568.384476534296,-0.739778533129255,1931,9770,9419,14.670000076293944,-0.024243588642927014,32.53120040893555,-0.00012604948672624753,71.52778513333334,0.0010890640040165627
2024-04-30,10045.7001953125,-0.0036862807845765367,0.016721747359029468,0.0036862807845765367,-0.0047741600183615045,0.4180400135639203,976,-858.6293622141998,-0.9816792707843494,1001,5898,5607,0.4718712394705172,609,-706.615523465704,-0.8669942691593265,617,3324,3208,15.649999618530272,0.0646662952555313,32.36991882324219,-0.00497008124345173,71.60564106666666,0.0010878792337849677
2024-05-02,10208.7001953125,0.016095615358584513,-0.0036862807845765367,0.016095615358584513,0.01556647307504895,0.6351917323905361,2707,872.3706377858002,-2.3126084622492744,2856,14708,14375,0.7983867223769736,1620,304.384476534296,-2.06837218374004,1751,8616,8469,14.68000030517578,-0.047231926184048624,32.27299880981445,-0.004029377233969533,71.72143780645162,0.0005291422835355627
2024-05-03,10276.900390625,0.006658379088462771,0.016095615358584513,0.006658379088462771,0.006129516648413004,0.2417183348095658,1513,-321.6293622141998,-2.535529576195191,1551,7903,7809,0.6943087557603685,860,-455.615523465704,-2.2605040926325626,879,4340,4265,13.489999771118164,-0.08453739072202385,32.40330123901367,0.004029377233969609,71.75937861290323,0.000528862440049767
2024-05-06,10267.099609375,-0.0009541259728891446,0.006658379088462771,0.0009541259728891446,-0.0014821506556531396,0.7094684995956774,2546,711.3706377858002,-1.5073228527624902,2602,13603,13385,1.5613375000000005,1609,293.384476534296,-1.204838218998428,1652,8000,7878,13.489999771118164,0.0,32.302398681640625,-0.0031188176400810575,71.87320103225807,0.0005280246827639951
2024-05-07,10336.5,0.0067367503166167195,-0.0009541259728891446,0.0067367503166167195,0.006209004296783952,1.0812267657992574,1074,-760.6293622141998,-1.0460324947141328,1116,5918,5698,1.648594787940726,802,-513.615523465704,-0.8875831820962411,819,3914,3801,13.229999542236328,-0.019461709726451316,32.28260040283203,-0.0006130921950730767,71.91114183870968,0.000527746019832767
2024-05-08,10247.7998046875,-0.008618291141333341,0.0067367503166167195,0.008618291141333341,-0.009145758792206301,0.9035922766052993,1221,-613.6293622141998,-0.5569999326266225,1257,6681,6607,1.9612666953899198,918,-397.615523465704,-0.3879230981079998,933,4642,4604,13.0,-0.01753758606489831,32.25619888305664,-0.0008181596664409973,71.9490826451613,0.0005274676508729602
2024-05-09,10268.599609375,0.002027627888681651,-0.008618291141333341,0.002027627888681651,0.0015004383132622128,0.8111163745460293,1084,-750.6293622141998,-1.15199238240104,1120,6333,6186,1.7458415354330714,758,-557.615523465704,-0.6952917340582148,791,4064,3934,12.6899995803833,-0.02413510880196279,32.3484992980957,0.0028573921228019147,71.9870234516129,0.0005271895754194382
2024-05-10,10218.599609375,-0.004881106366736948,0.002027627888681651,0.004881106366736948,-0.0054080181597455645,0.4445197044334977,819,-1015.6293622141998,-1.3140947641785186,848,4872,4762,1.413820549927641,556,-759.615523465704,-1.0676162787606591,575,2764,2734,12.550000190734863,-0.011093567883784123,32.28310012817383,-0.002023752864636562,72.02496425806451,0.0005269117930086168
2024-05-13,10056.0,-0.01604007957590033,-0.004881106366736948,0.01604007957590033,-0.01656615977530638,1.1883573141486825,3126,1291.3706377858002,-1.0153257649524645,3280,16680,16236,2.1033024874777144,2397,1081.384476534296,-0.7609531960608757,2522,11779,11572,13.600000381469728,0.08034914001546085,32.18122863769531,-0.0031605564574794572,72.13878667741936,0.0005260801994060496
2024-05-14,10173.400390625,0.01160703791537703,-0.01604007957590033,0.01160703791537703,0.011081234330832206,0.7913623276253977,1253,-581.6293622141998,-1.6954931603668897,1285,6599,6453,1.8990848214285723,909,-406.615523465704,-1.320070444809813,947,4480,4388,13.420000076293944,-0.01332368356262233,32.25170135498047,0.0021874760435219996,72.17672748387096,0.0005258035845448241
2024-05-15,10158.599609375,-0.0014559102758610956,0.01160703791537703,0.0014559102758610956,-0.001981437536282558,0.3558407217296621,1170,-664.6293622141998,-1.9846524615716103,1203,6429,6256,1.260403587443946,856,-459.615523465704,-1.8134037578995748,883,4460,4343,12.449999809265137,-0.07502552963798116,32.28120040893555,0.0009142330564231347,72.21466829032258,0.0005255272604214622
2024-05-16,10320.0,0.015763161125954377,-0.0014559102758610956,0.015763161125954377,0.01523790989937734,0.3566421167484996,1330,-504.6293622141998,-1.6132439651481172,1405,7332,7136,1.493957074390498,945,-370.615523465704,-0.9660399290179362,1005,4799,4670,12.420000076293944,-0.0024125249424848958,32.160499572753906,-0.0037460519311104,72.2526090967742,0.0005252512265770357
2024-05-17,10643.599609375,0.03087497579822992,0.015763161125954377,0.03087497579822992,0.030350000315675526,0.5292893153358273,1084,-750.6293622141998,-1.5171683908149574,1106,6149,6008,1.349495500409054,703,-612.615523465704,-1.255881108664979,721,3667,3617,11.989999771118164,-0.03523513269813369,32.262901306152344,0.003179025578980822,72.29054990322581,0.0005249754825543913
2024-05-20,10739.599609375,0.008979072215242445,0.03087497579822992,0.008979072215242445,0.00845492223038086,1.1858304599570626,2776,941.3706377858002,-1.213156401936658,2842,15371,15001,1.7557666366906475,1774,458.384476534296,-1.0061629866323896,1833,8896,8749,12.149999618530272,0.013256188439843044,32.232601165771484,-0.0009396048235541303,72.40437232258064,0.000524149984861585
2024-05-21,10895.2998046875,0.014393677591063298,0.008979072215242445,0.014393677591063298,0.01386980219548836,1.4888227725956913,1159,-675.6293622141998,-0.7358856484673888,1176,6218,6045,2.148314866112651,882,-433.615523465704,-0.4077190842004126,891,4332,4189,11.859999656677246,-0.02415777376824821,32.212100982666016,-0.000636210056483013,72.44231312903226,0.0005238753955749379
2024-05-22,10899.2998046875,0.0003670634117261336,0.014393677591063298,0.0003670634117261336,-0.00015653768211236474,1.1777351542120624,1278,-556.6293622141998,-0.9795837719106276,1309,6517,6363,1.434169550173011,896,-419.615523465704,-1.017816776846201,923,4624,4524,12.289999961853027,0.03561455585241666,32.19089889526367,-0.0006584192726576102,72.48025393548387,0.0005236010938384983
2024-05-23,10792.5,-0.009847100622183016,0.0003670634117261336,0.009847100622183016,-0.010370427701384117,1.161695644380713,973,-861.6293622141998,-0.867969373008577,995,5579,5531,1.6909952606635077,638,-677.615523465704,-0.6366822049138826,655,3587,3567,12.770000457763672,0.038312785417210074,32.15095138549805,-0.00124172726535486,72.51819474193549,0.0005233270792011006
2024-05-24,10676.7001953125,-0.010787633133016006,-0.009847100622183016,0.010787633133016006,-0.01131068648422825,0.977363184079602,914,-920.6293622141998,-0.9228566294766848,943,5226,5141,1.7809199782253675,711,-604.615523465704,-0.8836331481932734,746,3674,3658,11.93000030517578,-0.06804244420089088,32.22200012207031,0.002207410527498193,72.5561355483871,0.0005230533512122437
2024-05-28,10677.5,0.0019217704946653876,-0.0018468620756603466,0.0019217704946653876,0.0013998091978999127,0.2462962962962962,909,-925.6293622141998,-1.7532698881314177,938,5130,5012,1.115553522415371,643,-672.615523465704,-1.6778001536387255,668,3279,3218,12.920000076293944,0.07972024256920057,32.108001708984375,-0.003482142139878039,72.70789877419355,0.0005219612967654748
2024-05-29,10479.2001953125,-0.018746364994070907,0.0019217704946653876,0.018746364994070907,-0.01926805398936576,0.4449301861702129,1109,-725.6293622141998,-1.488222756423559,1143,6016,5941,0.97441237726867,665,-650.615523465704,-1.5873168783808431,693,3361,3343,14.279999732971191,0.10008343395238209,32.24089813232422,0.004130501457320594,72.74583958064517,0.0005216889952948532
2024-05-30,10481.2998046875,0.00020033962758728366,-0.018746364994070907,0.00020033962758728366,-0.0003210773502019987,1.0040898301990149,923,-911.6293622141998,-1.6129093881694212,954,5477,5110,2.1277594728171336,631,-684.615523465704,-0.8441831714720073,654,3642,3324,14.470000267028809,0.013217620885411141,32.260101318359375,0.0005954384200575035,72.78378038709677,0.0005214169777892824
2024-05-31,10400.5,-0.007738816452255354,0.00020033962758728366,0.007738816452255354,-0.008259961696060712,0.4451527725386645,987,-847.6293622141998,-1.0533602848189354,1018,5302,5183,1.257244590523145,698,-617.615523465704,-0.9065505893718309,731,3651,3593,12.920000076293944,-0.11330105483779303,32.24380111694336,-0.0005054020345305202,72.82172119354838,0.0005211452438053583
2024-06-03,10556.7998046875,0.014916301636271171,-0.007738816452255354,0.014916301636271171,0.013842847533849996,0.42385948179939625,2203,368.3706377858002,-1.3785844820343072,2321,12582,12246,1.2571542130365663,1441,125.38447653429603,-1.138852477613012,1480,7548,7387,13.109999656677246,0.014598767328195265,32.235801696777344,-0.00024812250255836545,73.01633726666667,0.0010734541024211759
2024-06-04,10364.599609375,-0.018374067509734478,0.014916301636271171,0.018374067509734478,-0.019446370543953966,0.7769984447900476,1204,-630.6293622141998,-0.5633414459109748,1281,6430,6260,1.781600000000001,906,-409.615523465704,-0.2585555883833935,968,4875,4687,13.15999984741211,0.0038066427145914943,32.1786003112793,-0.0017760438271833135,73.0946749,0.00107230303421949
2024-06-05,10351.0,-0.0013129826396691832,-0.018374067509734478,0.0013129826396691832,-0.002384137071631396,0.9747492720802332,1050,-784.6293622141998,-0.49680611149107495,1101,6182,6037,1.6438692748091608,780,-535.615523465704,-0.2611719094187997,811,4192,4159,12.630000114440918,-0.04110696887890819,32.6338005065918,0.014046931587513876,73.17301253333333,0.0010711544319622125
2024-06-06,10279.7001953125,-0.006912037679975269,-0.0013129826396691832,0.006912037679975269,-0.007982045967708386,1.2004044311587838,985,-849.6293622141998,-0.1697910091022732,1003,5687,5432,1.8669452682663803,743,-572.615523465704,-0.2786844796657148,753,3709,3636,12.579999923706056,-0.003966700215845242,32.27439880371094,-0.011074267342481996,73.25135016666667,0.0010700082877331159
2024-06-07,10139.0,-0.013781721751195032,-0.006912037679975269,0.013781721751195032,-0.014850586344845332,1.386847563083305,1075,-759.6293622141998,-0.1098840395961241,1114,5786,5669,1.7573573573573578,807,-508.615523465704,0.0873317554986519,834,3996,3902,12.220000267028809,-0.029034269612359307,32.28879928588867,0.0004460895012218085,73.3296878,0.0010688645936502994
2024-06-10,9997.900390625,-0.014014263958780492,-0.013781721751195032,0.014014263958780492,-0.015079712092746365,1.3255822661574181,2470,635.3706377858002,-0.3255190145955864,2521,13353,12906,1.9472976028946185,1782,466.384476534296,-0.012732833571607675,1824,8844,8655,12.739999771118164,0.041672656583176315,32.40610122680664,0.003626315784809803,73.5647007,0.0010654481339658726
2024-06-11,10051.400390625,0.005336857136925103,-0.014014263958780492,0.005336857136925103,0.004272542974604717,0.957732768095462,1069,-765.6293622141998,-0.367546928956549,1094,6369,6145,1.4086735926552318,830,-485.615523465704,-0.1377588494134753,847,4139,4077,12.850000381469728,0.008597208849178589,32.3828010559082,-0.0007192642900870838,73.64303833333334,0.0010643141623203857
2024-06-12,10165.5,0.011287667113552894,0.005336857136925103,0.011287667113552894,0.010224484511639409,0.9712163723386704,1110,-724.6293622141998,-0.6891304363330775,1134,6059,5896,1.4938053097345136,766,-549.615523465704,-0.5179885022905059,781,3729,3662,12.039999961853027,-0.06510940431526682,32.364898681640625,-0.0005529887485223568,73.72137596666667,0.0010631826019134847
2024-06-13,10391.900390625,0.02202705986247157,0.011287667113552894,0.02202705986247157,0.020965006417409438,1.0442975942975947,1243,-591.6293622141998,-0.5168448144620637,1321,6734,6519,2.3527228915662657,856,-459.615523465704,-0.1739478444642109,893,4150,4088,11.9399995803833,-0.008340363891643488,32.32870101928711,-0.0011190493742285863,73.7997136,0.0010620534450621322
2024-06-14,10471.2998046875,0.007611468676806339,0.02202705986247157,0.007611468676806339,0.006550541992689828,1.0141068759342309,985,-849.6293622141998,-1.0808465616075182,1020,5352,5277,1.2797141969555765,689,-626.615523465704,-1.0992347867590322,709,3219,3202,12.65999984741211,0.058553331842595924,32.4901008605957,0.00498004190753839,73.87805123333334,0.001060926684116511
2024-06-20,10739.900390625,0.025327651620368992,0.007611468676806339,0.025327651620368992,0.024273435612241018,0.5285149306789904,4208,2373.3706377858,-1.7832412495408794,4301,22504,22090,1.2204932389826946,2936,1620.384476534296,-1.6410085757686876,3043,14273,14061,13.279999732971191,0.07665984605542543,32.513301849365234,-0.001161920724840983,74.34807703333333,0.001054216008127976
2024-06-21,10771.400390625,0.00292869527841384,0.025327651620368992,0.00292869527841384,0.0018755894713887056,0.2506595636732623,674,-1160.6293622141998,-1.617010844927725,707,3942,3829,-0.3246317927882174,402,-913.615523465704,-2.443734750471778,420,1969,1920,13.199999809265137,-0.006042308797982368,32.829498291015625,0.009678156095457639,74.42641466666666,0.0010531058070251344
2024-06-24,10767.900390625,-0.00032498733977952857,0.00292869527841384,0.00032498733977952857,-0.0013747765292245206,0.27912637545848595,1533,-301.6293622141998,-1.5154900843770447,1562,8997,8834,0.9928909019298933,1036,-279.615523465704,-1.347555762374374,1050,5078,4994,13.329999923706056,0.009800313324426333,32.82630157470703,-9.737803263863191e-05,74.66142756666666,0.001049789189444992
2024-06-25,10680.0,-0.008196688828372878,-0.00032498733977952857,0.008196688828372878,-0.00924537711608929,0.3658170643528559,1016,-818.6293622141998,-2.331890053149065,1048,5532,5475,1.1530136986301374,630,-685.615523465704,-2.01579010144105,642,2920,2868,12.84000015258789,-0.03745181832153353,32.92097091674805,0.002879797256366724,74.7397652,0.0010486882877164124
2024-06-26,10486.7001953125,-0.018265027310754606,-0.008196688828372878,0.018265027310754606,-0.01931261700332958,0.1938094414663668,1019,-815.6293622141998,-1.4977729892461769,1045,5783,5626,0.882653369598066,647,-668.615523465704,-1.4528975463086513,659,3309,3271,12.550000190734863,-0.022844629369817324,32.94459915161133,0.0007174684999258712,74.81810283333333,0.0010475896925749733
2024-06-27,10680.900390625,0.018349329995479297,-0.018265027310754606,0.018349329995479297,0.017302836598700293,0.2313570012614884,950,-884.6293622141998,-1.2807443514163777,986,5549,5420,1.4494029850746266,595,-720.615523465704,-1.089381627806154,614,3350,3291,12.239999771118164,-0.025011422391106403,32.8385009765625,-0.003225699817712386,74.89644046666666,0.001046493396779006
2024-06-28,10647.900390625,-0.003094409917437147,0.018349329995479297,0.003094409917437147,-0.004139809310554552,1.115309446254071,925,-909.6293622141998,-1.170843084057848,954,5219,5080,1.8701196473551633,625,-690.615523465704,-1.2217687838951492,653,3176,3129,12.4399995803833,0.016207795195103535,32.88779830932617,0.0015000796498058837,74.9747781,0.0010453993931174054
2024-07-01,10343.2998046875,-0.029023778083068517,-0.003094409917437147,0.029023778083068517,-0.030065909146345833,0.5868950160455827,2724,889.3706377858002,-2.3058034949098642,2827,15269,14924,1.2326573119929842,1737,421.384476534296,-2.070064768824438,1790,9122,8999,12.220000267028809,-0.017843077984553226,32.77050018310547,-0.0035729908846917117,75.209791,0.0010421310632773167
2024-07-02,10446.2001953125,0.00989934639617102,-0.029023778083068517,0.00989934639617102,0.009101466121412674,-0.2465006985901182,1475,-359.6293622141998,-3.2680773117337427,1525,7873,7807,-0.4029564894012645,1065,-250.61552346570397,-2.9609610383427127,1090,5378,5260,12.029999732971191,-0.015670467805554818,32.64820098876953,-0.0037389717197908326,75.2698233548387,0.0007978802747583448
2024-07-03,10682.2001953125,0.022340528499350146,0.00989934639617102,0.022340528499350146,0.021543284330022335,0.6386489622276662,1589,-245.62936221419977,-1.7081705427248048,1634,7757,7666,1.1707949308755767,1168,-147.61552346570397,-1.507385169991215,1205,5208,5174,12.09000015258789,0.0049751694580224505,32.54359817504883,-0.0032090816584543565,75.32985570967742,0.0007972441693278096
2024-07-05,10851.7998046875,-0.0019148801904004646,0.017667003924771173,0.0019148801904004646,-0.0027108551868115826,0.8676073809893017,1269,-565.6293622141998,-1.103392979678444,1295,6449,6334,1.5426207632772897,813,-502.615523465704,-0.9244707857173273,825,3747,3720,12.479999542236328,0.03174864901379818,32.63800048828125,0.0031903876050606234,75.44992041935484,0.0007959749964111178
2024-07-08,10864.099609375,0.0011327926850512354,-0.0019148801904004646,0.0011327926850512354,0.00033871388933977287,1.1118011979463782,2503,668.3706377858002,-0.7062995798147462,2588,14024,13751,1.5471809136621375,1750,434.384476534296,-0.38345184782554936,1843,9347,9167,12.369999885559082,-0.00885314910859194,32.674598693847656,0.0011207090164924583,75.63001748387097,0.0007940787957114626
2024-07-09,10796.599609375,-0.006232505960810663,0.0011327926850512354,0.006232505960810663,-0.00702595469567308,1.3926266510616958,1155,-679.6293622141998,-0.9535604310265238,1196,5981,5923,1.9364312267658,770,-545.615523465704,-1.0295577026964366,793,3766,3709,12.510000228881836,0.011254165621822165,32.71730041503906,0.0013060249921783807,75.69004983870967,0.0007934487348624167
2024-07-10,10743.2998046875,-0.0049489472952610495,-0.006232505960810663,0.0049489472952610495,-0.005741766968324196,0.959051306873185,1145,-689.6293622141998,-0.7270783042612458,1197,6198,6087,0.9448929527207846,871,-444.615523465704,-0.8173525941437771,920,4484,4357,12.850000381469728,0.026815498252858803,32.90380096435547,0.005684179251699505,75.75008219354838,0.0007928196730631459
2024-07-11,11024.2998046875,0.025819623262027226,-0.0049489472952610495,0.025819623262027226,0.02502743165408857,0.5701077073716606,1438,-396.6293622141998,-1.2633007901056896,1469,7149,7009,1.2500888099467145,1081,-234.61552346570397,-0.8046479256084941,1103,5067,4987,12.920000076293944,0.005432663231971264,32.87979888916016,-0.0007297282700810381,75.81011454838709,0.0007921916079386557
2024-07-12,11064.900390625,0.0036760617224341633,0.025819623262027226,0.0036760617224341633,0.0028844971853117895,0.7201780787559571,1629,-205.62936221419977,-1.1024204909784208,1744,7974,7793,1.4997900139990663,925,-390.615523465704,-1.00164827510515,991,4286,4218,12.460000038146973,-0.03625298783869786,32.94902038574219,0.0021030765205265335,75.8701469032258,0.0007915645371223738
2024-07-16,11139.2998046875,0.006701407106815775,0.0036760617224341633,0.006701407106815775,0.005912340956950174,0.642459728969573,3830,1995.3706377858002,-1.588241913658737,3915,19555,19269,1.1364636769816319,2499,1183.384476534296,-1.2436890045312001,2540,12086,11947,13.1899995803833,0.005321160122665793,33.01750183105469,-0.0020362047860723828,76.11027632258065,0.0007890661498656018
2024-07-17,11134.099609375,-0.0004669422309827348,0.006701407106815775,0.0004669422309827348,-0.001255386246332454,0.7908622398414273,840,-994.6293622141998,-1.4293610441416924,874,5045,4887,0.7630023248090331,570,-745.615523465704,-1.2419449329401748,585,3011,2957,14.479999542236328,0.09330942042807858,33.04050064086914,0.0006963217137395281,76.17030867741936,0.0007884440153497192
2024-07-18,11139.5,0.00048491405300724695,-0.0004669422309827348,0.00048491405300724695,-0.0003029088080904862,0.0780689440024954,1185,-649.6293622141998,-1.3311085360621593,1247,6411,6322,1.301353790613718,682,-633.615523465704,-1.0941038583599831,694,3324,3268,15.93000030517578,0.09543578773519976,33.07957077026367,0.0011817934587160103,76.23034103225807,0.0007878228610977331
2024-07-19,11156.2001953125,0.0014980644957920696,0.00048491405300724695,0.0014980644957920696,0.0007108618109978083,0.7234776487152411,980,-854.6293622141998,-1.2340683713430134,1014,5682,5581,1.1080479953175306,652,-663.615523465704,-1.17708233113212,679,3417,3365,16.520000457763672,0.03636765272324057,33.088138580322266,0.00025897254689834627,76.29037338709678,0.0007872026847942613
2024-07-22,11172.7998046875,0.0014868209443302392,0.0014980644957920696,0.0014868209443302392,0.0007014729437952169,0.46653767223688086,3094,1259.3706377858002,-1.5130152515027873,3259,17055,16807,0.38124508862306866,2213,897.384476534296,-1.5211434695804982,2436,11453,11281,14.90999984741211,-0.10253967725977965,32.997840881347656,-0.002732735624235419,76.47047045161291,0.0007853480005350224
2024-07-23,11089.5,-0.007483520945436215,0.0014868209443302392,0.007483520945436215,-0.008268252658457815,0.1829088677508437,1156,-678.6293622141998,-0.9541671860276271,1205,6518,6261,1.0066252092800765,819,-496.615523465704,-1.0670960000704717,859,4181,4087,14.720000267028809,-0.012824987101443355,32.92620086669922,-0.00217341173112051,76.53050280645162,0.000784731713021599
2024-07-24,10991.599609375,-0.00886740550566475,-0.007483520945436215,0.00886740550566475,-0.009651521897655335,0.6079271216237815,1172,-662.6293622141998,-1.604891479501646,1220,6257,6106,1.2026834071885772,823,-492.615523465704,-1.7525859439984006,853,4062,3969,18.040000915527344,0.20338443394305505,32.84090042114258,-0.0025940171215694317,76.59053516129033,0.0007841163919905859
2024-07-25,10871.5,-0.010986623084486228,-0.00886740550566475,0.010986623084486228,-0.011770125119656265,1.2907153075822613,1278,-556.6293622141998,-2.04463502368781,1332,6990,6713,1.7399045760138792,890,-425.615523465704,-2.1006469541314776,933,4611,4368,18.459999084472656,0.023014614095178493,32.856300354003906,0.0004688155039085626,76.65056751612903,0.0007835020351700366
2024-07-26,10891.400390625,0.0018288367648106988,-0.010986623084486228,0.0018288367648106988,0.0010459481245147155,0.4644747657405885,1057,-777.6293622141998,-2.0173840750095278,1098,6083,5739,1.1373951781970657,753,-562.615523465704,-2.076741627039052,773,3816,3597,16.389999389648438,-0.11893482396303547,33.11650085449219,0.007888155267776581,76.71059987096774,0.0007828886402959835
2024-07-29,10733.7998046875,-0.014575899855842482,0.0018288367648106988,0.014575899855842482,-0.015356954060651773,0.3020949802860001,3250,1415.3706377858002,-1.9354425968747329,3333,16993,16717,0.9035652474904811,1751,435.384476534296,-1.1894579683915745,1792,8667,8541,16.600000381469727,0.0127313628261293,33.02399826049805,-0.0027971562218071164,76.89069693548387,0.0007810542048092915
2024-07-30,10691.7001953125,-0.00392986521263208,-0.014575899855842482,0.00392986521263208,-0.004710309847846361,0.3386789851075567,1363,-471.6293622141998,-1.760043440385637,1433,7252,7122,1.0906176027544654,940,-375.615523465704,-1.3786709813232887,973,4647,4528,17.690000534057617,0.06359682001889519,33.05550003051758,0.0009534507137821517,76.95072929032258,0.000780444635214281
2024-07-31,10638.599609375,-0.004978898198159539,-0.00392986521263208,0.004978898198159539,-0.005758734214507626,-0.3206922498118872,1929,94.37063778580023,-3.8928705912168713,2065,9303,8999,0.7573036093418263,1050,-265.615523465704,-2.547872829228941,1092,4710,4605,16.360000610351562,-0.07816016987934357,33.0984992980957,0.0012999750300817792,77.0107616451613,0.0007798360163480866
2024-08-01,10798.099609375,0.014881296960968063,-0.004978898198159539,0.014881296960968063,0.014102068614979882,1.008794962109084,1794,-40.62936221419977,-2.774305108139522,1892,9369,9002,2.303873545249262,1206,-109.61552346570397,-1.773094676801982,1284,5757,5705,18.59000015258789,0.1277844414592625,33.17599868774414,0.002338740460618963,77.070794,0.0007792283459881813
2024-08-02,10473.5,-0.03052189908843708,0.014881296960968063,0.03052189908843708,-0.031478924317377165,0.4824059561128528,2031,196.37063778580023,-3.264051992137029,2105,10208,9957,1.6818723122725778,1363,47.38447653429603,-2.09768522181608,1409,6046,5952,23.38999938964844,0.22968474456012028,33.1593017578125,-0.0005034101050905655,77.14458800000001,0.0009570252289400876
2024-08-05,9893.400390625,-0.05698034982745109,-0.03052189908843708,0.05698034982745109,-0.05793463523056326,0.41109594141740147,2867,1032.3706377858002,-2.4052590134744434,2964,16114,15376,1.2524237190558436,1793,477.384476534296,-2.0341407565140677,1837,8685,8519,38.56999969482422,0.5001662098063427,33.24509811401367,0.002584057806646173,77.36597,0.0009542854031121712
2024-08-06,9881.2001953125,-0.0012339259958706677,-0.05698034982745109,0.0012339259958706677,-0.0021873016064851555,0.4200113700966456,947,-887.6293622141998,-2.343143914317553,973,5277,5164,1.2870466321243523,642,-673.615523465704,-2.12770653445114,659,3281,3170,27.709999084472656,-0.33068143847259307,33.39419937133789,0.004474882291918308,77.43976400000001,0.0009533756106144876
2024-08-07,10024.2998046875,0.014378144194048316,-0.0012339259958706677,0.014378144194048316,0.013425676642835843,0.8455736750145606,1219,-615.6293622141998,-3.024665022426434,1268,6868,6745,1.358820286659317,697,-618.615523465704,-2.070810324788767,718,3628,3548,27.850000381469727,0.0050396542353046,33.61920166015625,0.0067151683354628395,77.513558,0.0009524675512124729
2024-08-08,10098.5,0.007374772131895708,0.014378144194048316,0.007374772131895708,0.006423210911936624,0.6098067545602315,988,-846.6293622141998,-2.579609045431193,1002,5537,5406,1.397824773413897,674,-641.615523465704,-2.0411605743759376,683,3310,3272,23.790000915527344,-0.15756761727201954,33.5123291015625,-0.003183977712649758,77.58735200000001,0.0009515612199590838
2024-08-09,9907.400390625,-0.01910490587080601,0.007374772131895708,0.01910490587080601,-0.020055562482731448,0.1827514625401017,943,-891.6293622141998,-2.108666641934294,984,5299,4909,1.025520459440058,561,-754.615523465704,-1.430691348579695,583,2786,2622,20.3700008392334,-0.1552020913603775,33.532649993896484,0.0006061868682908006,77.661146,0.0009506566119254401
2024-08-12,9828.599609375,-0.007985528982704389,-0.01910490587080601,0.007985528982704389,-0.00893348206084234,0.2906277630415563,2653,818.3706377858002,-1.9515358453775116,2743,14703,14281,1.0374522292993633,1663,347.384476534296,-1.8005520297346151,1716,8635,8454,20.709999084472656,0.016553359762280576,33.523101806640625,-0.00028478354396177595,77.88252800000001,0.0009479530781379499
2024-08-13,9920.599609375,0.009316900850738632,-0.007985528982704389,0.009316900850738632,0.008369845536668225,1.0102522109400596,1067,-767.6293622141998,-1.620934145048993,1154,6106,5907,1.5196597353497172,806,-509.615523465704,-1.2586679574689557,833,4232,4063,18.1200008392334,-0.1336002842703326,33.453819274902344,-0.0020688486520745375,77.956322,0.0009470553140704064
2024-08-14,9830.900390625,-0.009082837801270957,0.009316900850738632,0.009082837801270957,-0.010028997050130052,0.8595672533505574,1154,-680.6293622141998,-1.3416761266712702,1197,6193,5781,1.7079188319722838,824,-491.615523465704,-1.1800723567877152,862,4041,3876,16.190000534057617,-0.11262254625371607,33.509498596191406,0.0016629801476690366,78.030116,0.0009461592488590952
2024-08-15,9983.0,0.01535312019202477,-0.009082837801270957,0.01535312019202477,0.014407855314339097,1.1400767018216689,1485,-349.6293622141998,-1.857181913057495,1568,7301,7159,1.992863378437365,1018,-297.615523465704,-1.5204290411204238,1081,4582,4472,15.229999542236328,-0.06112666382606371,33.5921516418457,0.0024635187707708504,78.10391,0.0009452648776856732
2024-08-16,9822.0,-0.016258878737235322,0.01535312019202477,0.016258878737235322,-0.017203250932986615,0.1022199453551912,1065,-769.6293622141998,-2.2958663947303206,1098,5856,5634,0.732075471698113,742,-573.615523465704,-2.368350850655273,760,3551,3370,14.800000190734863,-0.028639943192801342,33.638179779052734,0.0013692672169159114,78.177704,0.0009443721957512929
2024-08-19,10054.2001953125,0.023365709461504715,-0.016258878737235322,0.023365709461504715,0.02242400522384741,-0.12817017082785814,2096,261.3706377858002,-1.8423486433735101,2147,12176,11941,0.3091204330175913,1373,57.38447653429603,-1.8537382193050769,1417,7390,7253,14.649999618530272,-0.010186884233373378,33.6880989074707,0.0014829020269506005,78.399086,0.0009417042376573041
2024-08-20,9982.2998046875,-0.007176971951261856,0.023365709461504715,0.007176971951261856,-0.008117790216306896,0.5028465632955333,772,-1062.6293622141998,-0.9486226897109614,793,4321,4243,1.4605568445475634,523,-792.615523465704,-0.975740417557049,535,2586,2541,15.880000114440918,0.08062015360140999,33.7588005065918,0.0020965122379799574,78.47288,0.00094081826504504
2024-08-21,9904.7998046875,-0.007794036721925793,-0.007176971951261856,0.007794036721925793,-0.008733970679870081,0.9956982670744146,804,-1030.6293622141998,-1.262002279074666,830,4905,4634,1.2519205298013254,528,-787.615523465704,-1.3184568733148727,546,3020,2848,16.270000457763672,0.0242624863407933,33.8985595703125,0.0041313838538671035,78.546674,0.000939933957944287
2024-08-22,9921.400390625,0.0016746113378675461,-0.007794036721925793,0.0016746113378675461,0.000735560026204132,1.0038123167155426,791,-1043.6293622141998,-1.003629690374387,834,4774,4596,2.4806023316062187,523,-792.615523465704,-0.7201558794861858,537,3088,2608,17.549999237060547,0.07573095707315049,33.92499923706055,0.0007796602995269364,78.620468,0.0009390513116634141
2024-08-23,9668.099609375,-0.025862313958075835,0.0016746113378675461,0.025862313958075835,-0.02680048427960346,0.1035963830661731,840,-994.6293622141998,-1.3228824690783656,859,4866,4811,1.8740402193784285,488,-827.615523465704,-0.686091799992509,500,2735,2672,15.859999656677246,-0.10125371187992283,33.95750045776367,0.0009575729630678422,78.694262,0.0009381703215276249
2024-08-26,9565.7998046875,-0.01063754854371455,-0.025862313958075835,0.01063754854371455,-0.011573085785225617,0.3785624325296868,1939,104.37063778580023,-1.2590457215559494,1991,11116,10883,1.1538140472078295,1293,-22.615523465703973,-1.2529964433930176,1334,6948,6665,16.149999618530273,0.018119831488631097,34.02239990234375,0.0019093721512768093,78.915644,0.0009355372415110683
2024-08-27,9748.7998046875,0.018949963236128728,-0.01063754854371455,0.018949963236128728,0.018015300406566855,0.4887296289024148,916,-918.6293622141998,-1.4620697019924478,928,5093,4896,1.613496720745599,561,-754.615523465704,-1.1562364342802731,575,2897,2858,15.43000030517578,-0.04560633989509915,34.025299072265625,8.520993265942123e-05,78.98943799999999,0.0009346628295618732
2024-08-28,9757.2001953125,0.0008613135593486081,0.018949963236128728,0.0008613135593486081,-7.247649129901105e-05,0.9344852411807058,1022,-812.6293622141998,-0.8043830986528271,1041,5556,5449,1.4535000000000005,685,-630.615523465704,-0.48258088434089863,708,3400,3386,17.110000610351562,0.10334943742316474,34.01723098754883,-0.00023714828791690398,79.063232,0.0009337900506476191
2024-08-29,9833.2001953125,0.007758941089335258,0.0008613135593486081,0.007758941089335258,0.006826022189138075,0.7781730769230768,1127,-707.6293622141998,-0.5933043767267251,1166,6240,6116,1.130710852517076,796,-519.615523465704,-0.6837419602856327,827,3953,3907,15.649999618530272,-0.0891922309652149,34.139400482177734,0.0035849666521893826,79.13702599999999,0.0009329189001971829
2024-09-03,10021.7998046875,-0.008782133795687012,0.027780399422482883,0.008782133795687012,-0.009740708579266821,0.1166923350313942,1493,-341.6293622141998,-1.3606685377374652,1538,8441,8132,0.6928238394486114,916,-399.615523465704,-1.5015289036602384,943,4933,4674,20.71999931335449,0.32304918314980957,33.91339874267578,-0.00463055595059458,79.510769,0.0009585747835798091
2024-09-04,9984.900390625,-0.0036887098363883233,-0.008782133795687012,0.0036887098363883233,-0.004646366634240476,1.091670137442733,1794,-40.62936221419977,-0.2663357239914224,1922,9604,9255,2.150589603055972,1201,-114.61552346570397,0.1120512527318241,1268,6021,5959,21.31999969482422,0.02854620073156293,33.99760055541992,0.0024797707812483525,79.5869495,0.0009576567978521524
2024-09-05,9936.7998046875,-0.004828973324292753,-0.0036887098363883233,0.004828973324292753,-0.005785713892965267,0.8121058404167812,1361,-473.6293622141998,-0.555726432632087,1403,7294,7083,1.7424767801857584,931,-384.615523465704,-0.1289262893104035,966,4845,4682,19.899999618530277,-0.06892587242246898,34.03670120239258,0.0011494393347891642,79.66313,0.0009567405686725143
2024-09-06,9771.2001953125,-0.016805714117052166,-0.004828973324292753,0.016805714117052166,-0.01776154020805741,-0.0561005821875383,1542,-292.6293622141998,-1.921160012340408,1601,8073,7916,-0.5819336626676062,1194,-121.61552346570397,-2.101740516729687,1224,5668,5620,22.3799991607666,0.11744795282340663,33.98500061035156,-0.0015201208031816252,79.7393105,0.0009558260910052466
2024-09-09,9699.599609375,-0.007354696201940073,-0.016805714117052166,0.007354696201940073,-0.008307789318932586,0.0016570988932946408,3375,1540.3706377858002,-2.493027432507571,3473,16897,16514,-0.38944482522275553,2244,928.384476534296,-2.5332024282142833,2292,10213,9981,19.450000762939453,-0.14032055609438693,33.99654006958008,0.00033948802053994874,79.967852,0.0009530931169925128
2024-09-10,9624.0,-0.007824628601004135,-0.007354696201940073,0.007824628601004135,-0.008776814196390956,0.0898485530064477,1252,-582.6293622141998,-1.9770263344782413,1287,6669,6519,0.2520607375271148,922,-393.615523465704,-2.138188583290066,939,4149,4111,19.07999992370605,-0.019206447268627507,34.095699310302734,0.002912499624631253,80.0440325,0.0009521855953868216
2024-09-11,9419.7001953125,-0.021456716990523574,-0.007824628601004135,0.021456716990523574,-0.022407996790918816,0.6031266702298244,1519,-315.6293622141998,-1.166152661461983,1548,7484,7283,0.9346729371526292,1039,-276.615523465704,-1.5526220789286187,1056,4678,4608,17.690000534057617,-0.07564112366000925,34.04439926147461,-0.0015057230498833319,80.12021299999999,0.0009512798003952438
2024-09-12,9521.0,0.010696623621700152,-0.021456716990523574,0.010696623621700152,0.009746247894604827,0.0728844404003636,1430,-404.6293622141998,-1.735014275399231,1499,7693,7436,0.7759807460890491,892,-423.615523465704,-1.7418673022746287,933,4155,4053,17.06999969482422,-0.035677019433049094,33.99919891357422,-0.001328570380205297,80.1963935,0.0009503757270953242
2024-09-13,9685.5,0.017130036448939893,0.010696623621700152,0.017130036448939893,0.016180563078357565,0.0046765734265734,1303,-531.6293622141998,-1.9098200387758923,1358,6864,6656,0.1470180648354367,835,-480.615523465704,-2.228254713997035,871,4041,3923,16.559999465942383,-0.030332402221190383,33.97460174560547,-0.0007237249882701632,80.27257399999999,0.0009494733705823277
2024-09-16,9577.5,-0.011213324159827275,0.017130036448939893,0.011213324159827275,-0.012160100712833008,-0.3116568126847621,2653,818.3706377858002,-1.743037759015617,2802,14884,14372,0.1797681891209547,1778,462.384476534296,-1.737431404760993,1877,8714,8484,17.139999389648438,0.034424760852599955,33.95515823364258,-0.0005724593315158772,80.5011155,0.0009467765530057324
2024-09-17,9758.099609375,0.018681071719260683,-0.011213324159827275,0.018681071719260683,0.0177351907042888,0.44355306799336636,784,-1050.6293622141998,-1.0766257487993218,799,4824,4572,1.5244844517184946,573,-742.615523465704,-0.766436619134389,579,3055,2978,17.610000610351562,0.02705207960763049,33.979469299316406,0.0007157194377733948,80.577296,0.000945881014971883
2024-09-18,9774.5,0.0016792843561093246,0.018681071719260683,0.0016792843561093246,0.0007342971866271538,0.2440410152966882,977,-857.6293622141998,-2.1827862828340354,1007,5949,5772,1.150794568043918,654,-661.615523465704,-1.9564930498530855,674,3461,3457,18.229999542236328,0.034601606412624705,34.06909942626953,0.002634300190712236,80.6534765,0.0009449871694821708
2024-09-19,9975.599609375,0.020365118516822225,0.0016792843561093246,0.020365118516822225,0.01942102350507916,0.9015403573629084,1121,-713.6293622141998,-2.0166868842992387,1168,6492,6328,0.91026045777427,765,-550.615523465704,-1.7994512042460322,781,3801,3720,16.329999923706055,-0.11006466126974973,34.07080078125,4.9937113956347864e-05,80.729657,0.0009440950117430645
2024-09-20,9900.2998046875,-0.007577032201077333,0.020365118516822225,0.007577032201077333,-0.008520236738055865,0.5043332676777623,847,-987.6293622141998,-1.1703823968528233,900,5077,4913,1.4769067796610178,543,-772.615523465704,-0.9747348608651647,560,2832,2762,16.149999618530273,-0.011083876262113658,34.08000183105469,0.00027002029346400954,80.8058375,0.0009432045369785317
2024-09-23,9887.7998046875,-0.0012633857631005481,-0.007577032201077333,0.0012633857631005481,-0.0022039289261466307,0.7176418620455319,2726,891.3706377858002,-1.5156706028787368,2820,14715,14433,1.7116654348361662,1651,335.384476534296,-0.8108536320803111,1699,8118,7962,15.890000343322754,-0.01623002389340957,34.05575180053711,-0.0007118151704203952,81.034379,0.0009405431630460828
2024-09-24,10029.7001953125,0.014249056510063004,-0.0012633857631005481,0.014249056510063004,0.013309397137280844,0.9190836485918461,1873,38.37063778580023,-1.999866801917288,1993,9516,9319,1.5647090810222954,1171,-144.61552346570397,-1.1127082882185126,1224,5517,5391,15.390000343322754,-0.03197203199588042,34.14970016479492,0.0027548655119914245,81.1105595,0.0009396593727821598
2024-09-25,9891.0,-0.013925457973040812,0.014249056510063004,0.013925457973040812,-0.014864235214923943,0.9735802744616765,1789,-45.62936221419977,-0.7618729363028203,1840,8963,8764,1.6793326790971546,1084,-231.61552346570397,-0.1792319409121655,1117,5095,4978,15.40999984741211,0.0012986692711907113,34.112300872802734,-0.0010957573808494173,81.18674,0.000938777241883131
2024-09-26,9829.2001953125,-0.006267685559643756,-0.013925457973040812,0.006267685559643756,-0.007205582325323272,0.6446551315477606,1668,-166.62936221419977,-1.230899457619358,1742,8438,8314,1.326329213262704,1100,-215.61552346570397,-1.2052077995520312,1144,5097,5008,15.369999885559082,-0.0025990893253781478,34.16070938110352,0.0014180864805314812,81.26292049999999,0.0009378967656795164
2024-09-27,9777.5,-0.00527373955052782,-0.006267685559643756,0.00527373955052782,-0.006210757490048266,0.5796078954387841,1492,-342.6293622141998,-0.982209612795808,1570,7498,7300,0.858401639344262,1054,-261.615523465704,-0.8772005782353223,1110,4880,4711,16.959999084472656,0.09844002627741914,34.17539978027344,0.00042994544396789705,81.339101,0.0009370179395204457
2024-09-30,9665.7998046875,-0.011489965727399982,-0.00527373955052782,0.011489965727399982,-0.012424357042454521,0.3434377886733462,2480,645.3706377858002,-1.7406482337124995,2555,14073,13443,1.7152291591483226,1427,111.38447653429603,-1.2409341085277092,1464,8313,7016,16.729999542236328,-0.013654088745303506,34.1490592956543,-0.000771041184382558,81.56764249999999,0.0009343913150545391
2024-10-01,9351.2001953125,-0.033089163722352086,-0.011489965727399982,0.033089163722352086,-0.03402268276525706,0.4943399184697398,1131,-703.6293622141998,-1.948155110200196,1184,6378,6223,1.1962389380530978,660,-655.615523465704,-1.1333571917883911,677,3616,3512,19.26000022888184,0.14082693061688473,34.20399856567383,0.0016075149691685364,81.643823,0.0009335190429049691
2024-10-02,9012.900390625,-0.0368477704292805,-0.033089163722352086,0.0368477704292805,-0.037571385297881746,-0.1657570093457945,993,-841.6293622141998,-2.4341647353601696,1028,5350,5262,0.7750877192982456,582,-733.615523465704,-1.5280664835731803,599,2850,2801,18.899999618530277,-0.018868516371758504,34.18619918823242,-0.0005205242396678562,81.70292306451613,0.0007236148686012414
2024-10-03,8898.2001953125,-0.012807896726474158,-0.0368477704292805,0.012807896726474158,-0.013530988355198585,0.6265233644859816,927,-907.6293622141998,-1.6638136005114583,984,5350,5281,0.937457574822586,580,-735.615523465704,-1.5045553028722092,629,3241,3185,20.489999771118164,0.08077504919837848,34.23059844970703,0.0012979054629927442,81.76202312903226,0.0007230916287244265
2024-10-04,9109.2998046875,0.023446817197743598,-0.012807896726474158,0.023446817197743598,0.02272424805274183,0.1355696202531644,959,-875.6293622141998,-1.297507768446536,985,5530,5316,1.161954739258774,604,-711.615523465704,-0.8674645924716818,613,3049,2963,19.209999084472656,-0.06450602195882109,34.22679901123047,-0.00011100154611140046,81.82112319354839,0.0007225691450017679
2024-10-07,9031.599609375,-0.008566352603653245,0.023446817197743598,0.008566352603653245,-0.009287358818055617,0.05452219714070711,2283,448.3706377858002,-1.361599234201395,2342,13290,12864,1.3353655282817503,1411,95.38447653429603,-0.5828565906612426,1470,7496,7331,22.63999938964844,0.16428729725442004,34.22624969482422,-1.6049435829197237e-05,81.99842338709678,0.0007210062144023724
2024-10-08,9044.900390625,0.0014716105053952332,-0.008566352603653245,0.0014716105053952332,0.0007511237664315354,-0.3786287732819521,1095,-739.6293622141998,-2.4912600201656114,1152,6228,6027,0.7964081373172278,629,-686.615523465704,-1.5886791671729217,651,3146,3091,21.420000076293945,-0.05539315779457915,34.24570846557617,0.0005683719817157202,82.05752345161291,0.0007204867389636977
2024-10-09,9132.2998046875,0.009616452110608326,0.0014716105053952332,0.009616452110608326,0.008896484099072195,0.5938818289008257,1366,-468.6293622141998,-2.104065088410817,1431,7633,7435,1.5473429951690836,872,-443.615523465704,-1.6899475667451396,907,4554,4407,20.86000061035156,-0.02649158974936285,34.26350021362305,0.000519397283660422,82.11662351612902,0.0007199680115361311
2024-10-10,8964.099609375,-0.01858989021821711,0.009616452110608326,0.01858989021821711,-0.01930934024872329,0.7979406631762651,1623,-211.62936221419977,-1.223957216171789,1714,8595,8427,1.8644895613867083,1041,-274.615523465704,-0.7237992717198161,1091,5221,5122,20.93000030517578,0.0033500722066421977,34.25619888305664,-0.00021311624803656203,82.17572358064515,0.0007194500305061801
2024-10-11,8876.2001953125,-0.009854108540969764,-0.01858989021821711,0.009854108540969764,-0.010573041335232996,1.1442361019411078,1411,-423.6293622141998,-0.79039208411554,1453,7573,7363,2.022407447499458,979,-336.615523465704,-0.20120030877687234,1010,4619,4571,20.459999084472656,-0.022711835262393478,34.25233840942383,-0.00011270051265049543,82.23482364516128,0.000718932794263232
2024-10-14,8699.2001953125,-0.020142469631636264,-0.009854108540969764,0.020142469631636264,-0.020859855169864126,0.6497743541861187,2247,412.3706377858002,-0.8415033242734071,2299,12852,12539,1.5951084703606466,1409,93.38447653429603,-0.16310145948561477,1439,7237,7167,19.700000762939453,-0.037853041304464326,34.27619934082031,0.0006963794396932125,82.41212383870968,0.0007173855382278617
2024-10-15,8860.2998046875,0.01834951218404767,-0.020142469631636264,0.01834951218404767,0.017632640918920237,0.842369054786274,1186,-648.6293622141998,-1.4454241570043878,1214,6644,6174,1.3565005138746145,704,-611.615523465704,-0.8737607013896695,717,3892,3506,20.63999938964844,0.0466122365702319,34.25215148925781,-0.0007018366050933864,82.4712239032258,0.000716871265127433
2024-10-16,8956.0,0.010743096691164513,0.01834951218404767,0.010743096691164513,0.0100267389623302,0.1491989818835154,1193,-641.6293622141998,-1.6727080464768311,1259,6679,6621,1.004928242621175,759,-556.615523465704,-1.1262010077832325,779,3693,3654,19.57999992370605,-0.052722277836225274,34.19478988647461,-0.001676089977404345,82.53032396774194,0.0007163577288343125
2024-10-17,9002.2998046875,0.00515637981066324,0.010743096691164513,0.00515637981066324,0.004440534882897646,0.8808114812189937,990,-844.6293622141998,-1.4832667059225104,1019,5644,5568,0.6159395494724839,642,-673.615523465704,-1.3089118985848838,658,3507,3279,19.11000061035156,-0.024296843014801575,34.16460037231445,-0.0008832587888380734,82.58942403225807,0.0007158449277655934
2024-10-18,8793.599609375,-0.023455938802899885,0.00515637981066324,0.023455938802899885,-0.024171271663244016,1.0984453838810866,1355,-479.6293622141998,-0.9932730259642375,1412,7333,7030,1.691024165707711,985,-330.615523465704,-0.8244252433563319,1006,5214,5037,18.030000686645508,-0.058174714892312955,34.19219970703125,0.000807508139189826,82.6485240967742,0.0007153328603441329
2024-10-21,8654.400390625,-0.015956232473247105,-0.023455938802899885,0.015956232473247105,-0.01667003351749793,0.7032777367254304,3578,1743.3706377858002,-1.96693785755774,3748,18946,18455,1.2808115433673473,2585,1269.384476534296,-1.831582689400067,2695,12544,12309,18.3700008392334,0.018681869613305074,34.276100158691406,0.0024507836128324326,82.82582429032259,0.0007138010442508257
2024-10-22,8838.599609375,0.021060541600437344,-0.015956232473247105,0.021060541600437344,0.020347249704708147,0.9292632163174694,1370,-464.6293622141998,-1.0298359223665725,1417,7207,7070,1.3666738428417655,1009,-306.615523465704,-0.8923264978750552,1040,4645,4613,18.200000762939453,-0.009297308909531486,34.24570083618164,-0.0008872891273375764,82.88492435483872,0.0007132918957291962
2024-10-23,8714.7001953125,-0.014117171488050133,0.021060541600437344,0.014117171488050133,-0.014829954961083075,-0.8748616874135551,2081,246.37063778580023,-3.8973923910738,2178,11568,11366,-0.3578528583669971,1531,215.38447653429603,-4.167866578376429,1578,8169,8074,19.239999771118164,0.05556979733891606,34.25310134887695,0.00021607714260786514,82.94402441935485,0.0007127834730329428
2024-10-24,8872.900390625,0.017990454285396078,-0.014117171488050133,0.017990454285396078,0.017278178510785,-2.17234328122533,2299,464.3706377858002,-4.418993801797763,2370,12666,12344,-0.4660246331236898,1526,210.38447653429603,-4.2613044398616005,1564,7632,7469,19.07999992370605,-0.008350771319909273,34.26839828491211,0.0004464857415855401,83.00312448387098,0.0007122757746110768
2024-10-25,8908.5,0.00400414547307973,0.017990454285396078,0.00400414547307973,0.003292376674162909,-1.0600473260766703,1995,160.37063778580023,-2.89508551248746,2063,10565,10217,0.1341058514135435,1194,-121.61552346570397,-2.5452961036985475,1238,6084,5970,20.32999992370605,0.06345696186597276,34.28770065307617,0.0005631116406311001,83.06222454838709,0.0007117687989168203
2024-10-28,8945.7998046875,0.004178249425605629,0.00400414547307973,0.004178249425605629,0.0034679972328032094,-0.1621573464912281,2517,682.3706377858002,-1.9579526038119905,2589,14592,14115,0.6759203980099501,1375,59.38447653429603,-1.4033424012322113,1384,7035,6942,19.799999237060547,-0.026415724719285466,34.28334045410156,-0.00012717318885881502,83.23952474193548,0.0007102521928024195
2024-10-30,9006.599609375,0.006773471973581878,0.004178249425605629,0.006773471973581878,0.0060642272660391214,0.3995673952641168,2263,428.3706377858002,-0.6605960863507846,2344,13176,12739,1.1334486428951576,1428,112.38447653429603,-0.14800878394821196,1452,7516,7329,20.350000381469727,0.05090543271914016,34.27479934692383,-0.0003763371027780534,83.35772487096774,0.0007092447075427565
2024-10-31,8863.900390625,-0.015970706119031192,0.006773471973581878,0.015970706119031192,-0.016679448155014816,0.5718543637337143,1000,-834.6293622141998,-0.8983078122613554,1030,5603,5462,1.6735865724381631,662,-653.615523465704,-0.4324819375933276,714,3396,3368,23.15999984741211,0.12934571548232596,34.283199310302734,0.00024504692626563414,83.41682493548387,0.0007087420359836252
2024-11-01,8885.0,0.002377569184570811,-0.015970706119031192,0.002377569184570811,0.0016693291081220257,1.1683489653118966,1210,-624.6293622141998,-0.9559407145371054,1249,6717,6619,1.391321999492515,768,-547.615523465704,-0.8735222968102105,794,3941,3858,21.8799991607666,-0.056853706918779355,34.29376983642578,0.00030828210515246573,83.475925,0.0007082400764487852
2024-11-04,8663.900390625,-0.025199448900954356,0.002377569184570811,0.025199448900954356,-0.02554186830968565,0.5941687252039825,2385,550.3706377858002,-1.25889661531457,2433,13359,13025,1.3033250425448355,1528,212.38447653429603,-1.199167744857675,1554,7639,7529,21.979999542236328,0.004559988951510874,34.32815170288086,0.0010020666446185318,83.5617498,0.0003424194087312956
2024-11-05,8618.599609375,-0.005242399537003782,-0.025199448900954356,0.005242399537003782,-0.005584701734817727,1.459467721632801,1018,-816.6293622141998,-0.2292060488793021,1035,5561,5414,1.6681759711860051,770,-545.615523465704,0.1239196769245909,789,3887,3832,20.489999771118164,-0.07019597706871061,34.34980010986328,0.0006304325370231203,83.59035806666667,0.0003423021978139446
2024-11-06,8862.2998046875,0.02788368940060275,-0.005242399537003782,0.02788368940060275,0.027541504333490438,1.9267747440273053,1105,-729.6293622141998,0.6966772953596362,1128,5860,5727,2.0528353326063264,713,-602.615523465704,0.4088160392132054,722,3668,3596,16.270000457763672,-0.2306140017140018,34.307498931884766,-0.001232241405400192,83.61896633333333,0.0003421850671123094
2024-11-07,8946.099609375,0.009411336894834713,0.02788368940060275,0.009411336894834713,0.009069268878290645,0.8599647266313939,1031,-803.6293622141998,-0.4254087327191235,1053,5670,5506,1.465000000000001,713,-602.615523465704,-0.0016787488687313998,737,3740,3639,15.199999809265137,-0.06802753406250556,34.20090103149414,-0.003111968356440467,83.6475746,0.0003420680165440678
2024-11-08,9184.7998046875,0.026332283068618286,0.009411336894834713,0.026332283068618286,0.02599033202259139,0.9379929824561408,1308,-526.6293622141998,-0.4958447095841014,1367,7125,6929,1.6677190213101816,783,-532.615523465704,-0.1038403479849603,809,3801,3718,14.9399995803833,-0.017253263686007284,34.340030670166016,0.004059758929680952,83.67618286666666,0.00034195104602689763
2024-11-11,9276.7998046875,0.009966716158621318,0.026332283068618286,0.009966716158621318,0.00962511554465984,0.7294901417128773,2330,495.3706377858002,-1.017067101813125,2376,12984,12695,1.4375951293759515,1450,134.38447653429603,-0.8302189256993426,1494,7884,7723,14.970000267028809,0.0020060646512555826,34.35115051269531,0.00032376332550828214,83.76200766666668,0.0003416006139614776
2024-11-12,9226.900390625,-0.00539346557694214,0.009966716158621318,0.00539346557694214,-0.005734949539771283,0.94702868852459,950,-884.6293622141998,-0.5463842687451276,962,4880,4752,1.6064053537284897,638,-677.615523465704,-0.6634509054781719,649,3138,3056,14.710000038146973,-0.017520679062518398,34.32659912109375,-0.0007149737077391826,83.79061593333334,0.0003414839628291428
2024-11-13,9300.2998046875,0.007923463588387837,-0.00539346557694214,0.007923463588387837,0.00758209619704935,0.5642339994207931,1289,-545.6293622141998,-0.643351855120767,1353,6906,6719,1.6178406169665815,821,-494.615523465704,-0.3611201441194338,854,3890,3809,14.020000457763672,-0.04804262294940944,34.37080001831055,0.0012868290174002446,83.81922420000001,0.00034136739133848703
2024-11-14,9420.400390625,0.012830955294842282,0.007923463588387837,0.012830955294842282,0.012489704395434429,1.0445446210268956,1141,-693.6293622141998,-0.1671586439348672,1168,6544,6284,1.851259294794916,805,-510.615523465704,0.12106010439306349,824,4169,4045,14.3100004196167,0.020473708634473634,34.34519958496094,-0.0007451084079931569,83.84783246666667,0.00034125089940785356
2024-11-15,9389.599609375,-0.003274939795724101,0.012830955294842282,0.003274939795724101,-0.0036160742826803526,1.2254754842086906,979,-855.6293622141998,-0.0450765367800751,1010,5731,5508,1.7122068380898563,672,-643.615523465704,0.2043839496707577,712,3539,3465,16.139999389648438,0.12034200213404177,34.29668045043945,-0.0014136892106389682,83.87644073333334,0.0003411344869562515
2024-11-18,9395.400390625,0.0006175971716135713,-0.003274939795724101,0.0006175971716135713,0.0002768114459516196,0.6385200142534747,3067,1232.3706377858002,-1.5206508190524812,3169,16838,16474,1.3613159070598748,1752,436.384476534296,-1.0818697503960915,1811,8952,8810,15.579999923706056,-0.035312589480033366,34.34925842285156,0.0015318599630710246,83.96226553333334,0.0003407857256619517
2024-11-19,9232.900390625,-0.017447015049641863,0.0006175971716135713,0.017447015049641863,-0.017787684679955545,0.8230625292374866,1256,-578.6293622141998,-1.5747332097815696,1278,6413,6276,1.4335990037359905,849,-466.615523465704,-1.2632246858234877,866,4015,3975,16.350000381469727,0.04823988512905712,34.571998596191406,0.0064636357041068454,83.9908738,0.0003406696303136806
2024-11-20,9031.7998046875,-0.022021572836473872,-0.017447015049641863,0.022021572836473872,-0.02236212645051247,0.5133037354562155,1161,-673.6293622141998,-1.4833761663329676,1184,6532,6439,1.9352871870397648,621,-694.615523465704,-1.0608041105076071,631,3395,3311,17.15999984741211,0.04835316449300409,34.499298095703125,-0.0021050865067610506,84.01948206666667,0.00034055361403859797
2024-11-21,9367.7998046875,0.03652659445665128,-0.022021572836473872,0.03652659445665128,0.0361861567798949,0.0333392288645204,937,-897.6293622141998,-1.5817940788367753,958,5654,5439,1.5972709551656925,550,-765.615523465704,-1.1032960556056854,553,3078,3041,16.8700008392334,-0.0170441388627829,34.4692497253418,-0.0008713645048913228,84.04809033333333,0.00034043767675637877
2024-11-22,9549.900390625,0.019252468193149203,0.03652659445665128,0.019252468193149203,0.018912146374763173,1.180381086803105,992,-842.6293622141998,-0.8771054057084394,1026,5668,5473,1.77536673124827,633,-682.615523465704,-0.3571925786609261,646,3613,3564,15.239999771118164,-0.10161341106495818,34.527099609375,0.0016768973473840008,84.0766986,0.0003403218183860316
2024-11-25,9660.0,0.011462924087230836,0.019252468193149203,0.011462924087230836,0.011122949371288755,0.7179645252000867,3308,1473.3706377858002,-1.02313538943307,3437,18492,17967,1.3369991340628211,2377,1061.384476534296,-0.8170216062531,2498,12703,12327,14.600000381469728,-0.042901980397652965,34.420040130615234,-0.0031055549282487673,84.16252340000001,0.0003399747159420809
2024-11-26,9636.099609375,-0.002477226313212877,0.011462924087230836,0.002477226313212877,-0.0028170854856281787,0.750648097076669,1336,-498.6293622141998,-1.232324173876999,1389,7252,7138,1.2906814523341088,1083,-232.61552346570397,-0.5869055102598826,1140,5591,5473,14.100000381469728,-0.03484673040364113,34.597530364990234,0.005143346089340732,84.19113166666668,0.0003398591724153019
2024-11-27,9639.7998046875,0.0003839193470006143,-0.002477226313212877,0.0003839193470006143,4.417563960162473e-05,1.107765391436535,1390,-444.6293622141998,-1.0030058491919336,1419,7894,7646,1.4661769911504428,1031,-284.615523465704,-0.6640898674113812,1044,5650,5479,14.100000381469728,0.0,34.65359878540039,0.0016192785113910242,84.21973993333334,0.0003397437073989896
2024-11-29,9652.0,0.001233706270997421,3.1100233573424156e-05,0.001233706270997421,0.0008941932584198489,0.5562228850325385,1296,-538.6293622141998,-1.7965387806702646,1384,7376,7169,1.2685104429653435,839,-476.615523465704,-1.319144944950335,864,4357,4280,13.510000228881836,-0.04274465552494485,34.64836883544922,0.00034257185686054867,84.27695646666668,0.00033951301257757196
2024-12-02,9681.099609375,0.0030103430839762482,0.001233706270997421,0.0030103430839762482,0.0013882719716503762,0.73737315292861,4591,2756.3706377858,-3.1383534883238333,4800,22468,22064,1.3252376489489892,3270,1954.384476534296,-3.0142615324060844,3366,14938,14574,13.34000015258789,-0.012663116987917826,34.693389892578125,0.0012985267256224967,84.47108003225807,0.001622071112325872
2024-12-03,9827.2001953125,0.014978580292288953,0.0030103430839762482,0.014978580292288953,0.013359136034287023,0.8258830178016393,2249,414.3706377858002,-2.7341875992756632,2316,10617,10327,1.2603403890160194,1622,306.384476534296,-2.574116601839979,1652,6992,6797,13.300000190734863,-0.0030030023571751023,34.74789810180664,0.001569908105047045,84.60798706451614,0.0016194442580019302
2024-12-04,9886.099609375,0.00597561949659512,0.014978580292288953,0.00597561949659512,0.0043587935985813465,0.4952625017315424,1389,-445.6293622141998,-2.069497106250282,1446,7219,6992,1.1497860504920834,1034,-281.615523465704,-2.0008484676665814,1066,4674,4547,13.449999809265137,0.011215042298142144,34.74760055541992,-8.56304055568563e-06,84.7448940967742,0.001616825898013773
2024-12-05,9936.0,0.00503483455547732,0.00597561949659512,0.00503483455547732,0.003420618564250715,1.0453247965853014,1388,-446.6293622141998,-1.600859939938844,1431,7497,7297,1.554655355249206,934,-381.615523465704,-1.6571341081151418,969,4715,4589,13.539999961853027,0.006669172799957789,34.73649978637695,-0.00031951969106040035,84.88180112903227,0.0016142159912266047
2024-12-06,10081.0,0.014487938880681539,0.00503483455547732,0.014487938880681539,0.012876324383911196,0.8358266843971637,1761,-73.62936221419977,-2.324587960308826,1888,9024,8895,1.8076978031791398,1199,-116.61552346570397,-2.2754967689032832,1300,5599,5533,12.770000457763672,-0.058549558775524854,34.76679992675781,0.0008719051448055587,85.01870816129033,0.001611614496770343
2024-12-09,10257.400390625,0.017346970332967414,0.014487938880681539,0.017346970332967414,0.01574311025034739,1.1143918029704836,6963,5128.3706377858,-3.13418290974484,7587,31914,31375,1.4959308283518364,5413,4097.3844765342965,-3.3726684575413586,5896,23420,23022,14.1899995803833,0.1054387557094042,34.77888107299805,0.0003474305287714627,85.42942925806452,0.001603860082620023
2024-12-10,10099.0,-0.015563025360352032,0.017346970332967414,0.015563025360352032,-0.01716431719436929,0.1443484155227926,2368,533.3706377858002,-2.4871655229156957,2466,11802,11575,0.870648375825028,1583,267.384476534296,-2.471655406526627,1660,7727,7639,14.18000030517578,-0.0007049189751089158,34.81956100463867,0.0011689898526118397,85.56633629032258,0.0016012918340172564
2024-12-11,10058.5,-0.004018360857930469,-0.015563025360352032,0.004018360857930469,-0.005617092655229687,0.6170569148469703,2401,566.3706377858002,-2.1863483702787323,2533,11403,11256,1.351509412944191,1905,589.384476534296,-2.0943033698603903,2031,8977,8370,13.579999923706056,-0.04323442611310599,34.84510040283203,0.0007332096021578163,85.70324332258065,0.0015987317972992175
2024-12-12,10058.599609375,9.902955886778371e-06,-0.004018360857930469,9.902955886778371e-06,-0.001586276977256463,1.134661553851282,2526,691.3706377858002,-1.5764453526378708,2633,11996,11798,1.6854242124903935,1999,683.384476534296,-1.5839492603176966,2084,9111,9000,13.920000076293944,0.024728543874720992,34.86470031738281,0.0005623288221961188,85.84015035483871,0.0015961799331432414
2024-12-13,10125.5,0.0066290433469897835,9.902955886778371e-06,0.0066290433469897835,0.0050354071445127685,1.2369478565037022,2528,693.3706377858002,-1.7173280493665055,2714,12293,12071,1.656688792443196,1680,364.384476534296,-1.455222217896032,1805,7834,7732,13.8100004196167,-0.007933662580970936,34.94660186767578,0.0023463704387376586,85.97705738709678,0.0015936362024770152
2024-12-16,9997.7001953125,-0.012701908413633655,0.0066290433469897835,0.012701908413633655,-0.014287961838044861,1.3259462361467953,5186,3351.3706377858,-1.815852475759075,5315,26077,25318,1.6053587245349865,3352,2036.384476534296,-1.6442066185014408,3419,15806,15452,14.6899995803833,0.06177396381481069,34.95014953613281,0.00010151168370000323,86.38777848387097,0.0015860534244112059
2024-12-17,10011.2998046875,0.0013593494396670581,-0.012701908413633655,0.0013593494396670581,-0.00022419240225719827,1.0425056947608191,2174,339.3706377858002,-1.827173885632632,2234,10975,10646,1.5911424187473855,1456,140.38447653429603,-1.7891207360879609,1496,7169,7011,15.869999885559082,0.07726356570616974,34.956600189208984,0.00018455022211234383,86.52468551612903,0.0015835418419242564
2024-12-18,9915.7998046875,-0.009585010666115095,0.0013593494396670581,0.009585010666115095,-0.01116604886737179,0.9382780686445613,1980,145.37063778580023,-1.5252288510747851,2123,10314,10076,1.0979500140409992,1417,101.38447653429603,-1.4115543621885598,1513,7122,6992,27.6200008392334,0.554109651038965,35.009300231933594,0.0015064496382896516,86.66159254838709,0.0015810382012566959
2024-12-19,9765.099609375,-0.015314659919826478,-0.009585010666115095,0.015314659919826478,-0.016893202384625026,0.4104177683765203,1856,21.370637785800227,-1.5755519185019025,1904,9455,9236,0.9799775208734752,1305,-10.615523465703973,-1.4487776569817834,1343,6228,6179,24.09000015258789,-0.13674335540527865,35.04899978637695,0.0011333292038852001,86.79849958064516,0.0015785424647985471
2024-12-20,9724.5,-0.004166290628434788,-0.015314659919826478,0.004166290628434788,-0.0057423452236121586,0.5296965918536998,1884,49.37063778580023,-1.981211855030844,1943,9624,9374,0.9910949164592971,1183,-132.61552346570397,-1.5669669948007134,1209,5626,5471,18.36000061035156,-0.2716224045249631,35.1396484375,0.0025830017764064015,86.93540661290322,0.0015760545951773704
2024-12-23,9626.599609375,-0.01011841475391384,-0.004166290628434788,0.01011841475391384,-0.01168705257104372,0.5829734377985865,3878,2043.3706377858002,-1.5247908310508524,4017,20932,20403,1.2372462627852086,2581,1265.384476534296,-1.5342121542121911,2691,12710,12443,16.780000686645508,-0.08998667647636226,35.13113021850586,-0.00024243986472849335,87.34612770967742,0.0015686378171298808
2024-12-24,9672.7998046875,0.004787743138860647,-0.01011841475391384,0.004787743138860647,0.0032215620930506794,0.9170200023954976,1556,-278.6293622141998,-1.3320560205251566,1596,8349,8149,1.5938360147315371,1073,-242.61552346570397,-1.3738074968620548,1089,5159,5035,14.270000457763672,-0.1620282783920423,35.23160171508789,0.0028558176212206596,87.48303474193548,0.0015661810458099672
2024-12-26,9949.0,0.028154240921252897,0.004787743138860647,0.028154240921252897,0.026592950403670955,0.6739166322740415,2261,426.3706377858002,-1.3792792596642418,2329,12115,11868,1.3898290598290601,1420,104.38447653429603,-1.2207187191571462,1477,7020,6743,14.729999542236328,0.031726735830086665,35.11949157714844,0.006731224198186268,87.75684880645161,0.0015612905175819412
2024-12-27,10025.5,0.0076598036533988625,0.028154240921252897,0.0076598036533988625,0.006100946964477206,0.9993458274398876,994,-840.6293622141998,-1.161002706710755,1022,5656,5522,1.1718196457326888,592,-723.615523465704,-1.4399683669599492,598,3105,3040,15.949999809265137,0.07957261787497986,35.23429870605469,0.0032637113182600406,87.89375583870967,0.0015588566889216569
2024-12-30,9889.7001953125,-0.013638016007367826,0.0076598036533988625,0.013638016007367826,-0.015189616526284701,0.29933297032398615,2586,751.3706377858002,-1.5223062279603363,2693,14692,14304,1.229342074994249,1669,353.384476534296,-1.382835488403926,1753,8694,8610,17.399999618530273,0.08701136702438074,35.1602897644043,-0.0021026891562676378,88.30447693548386,0.0015516005189168756
2024-12-31,9830.599609375,-0.005993901052643838,-0.013638016007367826,0.005993901052643838,-0.007543097836545298,0.814035087719299,932,-902.6293622141998,-1.2370580789059125,975,5130,5025,1.4253617669459258,540,-775.615523465704,-0.930275994968062,564,2626,2579,17.350000381469727,-0.002877655917339942,35.30524826049805,0.004114314731424515,88.44138396774193,0.0015491967839014592
2025-01-02,9961.2998046875,0.0132076353598539,-0.005993901052643838,0.0132076353598539,0.012474571080756313,0.03067035079288798,1444,-390.6293622141998,-1.7252128962665907,1484,8324,8143,1.4699532511687208,928,-387.615523465704,-1.491957586800396,956,4706,4633,17.93000030517578,0.032882776257846205,35.374000549316406,0.0019454737185512759,88.64324838709676,0.000733064279097588
2025-01-03,10075.2001953125,0.0113694125773485,0.0132076353598539,0.0113694125773485,0.010636885287864196,-0.5278208440999141,830,-1004.6293622141998,-1.8846082941454088,849,4644,4576,0.9202398255813954,522,-793.615523465704,-1.1790069230688525,529,2752,2688,16.1299991607666,-0.10579446452967473,35.3922004699707,0.0005143676159924689,88.70820577419354,0.0007325272894843038
2025-01-06,10085.5,0.0010217706214381943,0.0113694125773485,0.0010217706214381943,0.0002908495908298484,0.17420358571640257,2426,591.3706377858002,-1.421646601692296,2504,13498,13118,0.892245720040282,1604,288.384476534296,-1.5813647389246512,1644,7944,7758,16.040000915527344,-0.005595180591635829,35.28929901123047,-0.002911696333416436,88.90307793548386,0.0007309210306083459
2025-01-07,9972.0,-0.011317583097938896,0.0010217706214381943,0.011317583097938896,-0.012047970273176728,0.3589156448515289,1254,-580.6293622141998,-1.6434573658067246,1291,6769,6624,0.7744937319189971,863,-452.615523465704,-1.437806141966077,888,4148,4068,17.81999969482422,0.10523574540106705,35.34479904174805,0.0015714801623891667,88.96803532258065,0.0007303871752378316
2025-01-08,9890.7998046875,-0.008176153257315017,-0.011317583097938896,0.008176153257315017,-0.008906007356455236,0.0723723723723727,1326,-508.6293622141998,-1.904654600610224,1359,7326,7163,0.9419126058110278,905,-410.615523465704,-1.6017915993110277,921,4371,4341,17.700000762939453,-0.006756722233491995,35.32183074951172,-0.0006500463687872258,89.03299270967742,0.0007298540991402188
2025-01-10,9910.599609375,-0.00905025807564727,0.011050097670046263,0.00905025807564727,-0.009779048353597048,0.2427303390733179,1085,-749.6293622141998,-1.6466131761399736,1117,5633,5548,0.8870721271393643,687,-628.615523465704,-1.7454180005696898,703,3272,3252,19.540000915527344,0.09889901078493853,35.38059997558594,0.0008709089057098453,89.16290748387097,0.0007287902779497778
2025-01-13,9733.2001953125,-0.018062110049605715,-0.00905025807564727,0.018062110049605715,-0.01878931039785326,0.40198116498081593,2727,892.3706377858002,-1.517850304724524,2814,14335,14054,1.2044896485315357,1703,387.384476534296,-1.3472296640623813,1755,8308,8219,19.190000534057617,-0.018074355619041128,35.39105987548828,0.0002955957229354049,89.35777964516129,0.000727200348247547
2025-01-14,9715.900390625,-0.001778982958473134,-0.018062110049605715,0.001778982958473134,-0.002505654870629908,0.9047636103151866,1027,-807.6293622141998,-1.5706855239306288,1061,5584,5453,1.8614149523331671,809,-506.615523465704,-1.0764301729004957,831,3986,3944,18.709999084472656,-0.02533124649612117,35.48419952392578,0.0026282712146002817,89.42273703225806,0.0007266719121567739
2025-01-15,9739.7001953125,0.002446577421652503,-0.001778982958473134,0.002446577421652503,0.0017204331781446518,0.7796996996997004,1175,-659.6293622141998,-0.9208628149971991,1248,6660,6519,1.521155753968254,792,-523.615523465704,-0.911149693486922,810,4032,3960,16.1200008392334,-0.14899730221337662,35.46939849853516,-0.00041720296131053674,89.48769441935484,0.0007261442435078513
2025-01-16,9866.7001953125,0.012955134417726409,0.002446577421652503,0.012955134417726409,0.012229517077096751,1.0644437267883105,1224,-610.6293622141998,-1.0896517308461882,1257,6193,6046,1.2403560107290912,834,-481.615523465704,-1.3026075035818234,857,4101,4023,16.600000381469727,0.029341929202495187,35.472900390625,9.872508073495462e-05,89.5526518064516,0.0007256173406296583
2025-01-17,9977.900390625,0.011207215659441086,0.012955134417726409,0.011207215659441086,0.010482124457584027,0.2217743611053397,900,-934.6293622141998,-1.4603793995135672,917,4813,4665,1.0424062383958412,581,-734.615523465704,-1.6729817827840756,590,2693,2691,15.970000267028809,-0.03869073939502857,35.54610061645508,0.0020614272438077264,89.61760919354839,0.0007250912018570589
2025-01-21,9999.599609375,-0.002965736306097486,0.0051381029469220055,0.002965736306097486,-0.0036887305607705093,0.3703908895044628,1269,-565.6293622141998,-1.6548067237252235,1298,6498,6416,-0.5146221786064766,957,-358.615523465704,-2.2568549695866733,988,5095,4954,15.0600004196167,-0.05866972871283094,35.580101013183594,0.000923112600220473,89.87743874193548,0.0007229942546730233
2025-01-22,10105.400390625,0.01052491996143387,-0.002965736306097486,0.01052491996143387,0.009802448049824716,-0.1062323833385533,1260,-574.6293622141998,-2.2633357359791613,1323,6386,6315,-0.3995902479000205,1043,-272.615523465704,-2.759625016384623,1085,4881,4748,15.100000381469728,0.00265251884903248,35.6348991394043,0.0015389492920999674,89.94239612903226,0.0007224719116091554
2025-01-23,10112.7998046875,0.0007319557944206836,0.01052491996143387,0.0007319557944206836,1.0005471663984775e-05,0.4177190032105185,1237,-597.6293622141998,-1.2860279706017606,1279,6541,6405,0.6448112234371779,962,-353.615523465704,-1.2615941965229789,997,4847,4754,15.020000457763672,-0.0053120922708438005,35.64469909667969,0.00027497229444748864,90.00735351612903,0.0007219503227566988
2025-01-24,10104.900390625,-0.0007814355132545902,0.0007319557944206836,0.0007814355132545902,-0.0015028649997381326,0.530132337970819,1070,-764.6293622141998,-1.3340836342781817,1103,5894,5522,0.3628331688055283,767,-548.615523465704,-0.8301174157892891,791,4052,3754,14.850000381469728,-0.0113827858760249,35.67430114746094,0.0008301308874171764,90.07231090322581,0.0007214294864835422
2025-01-27,9997.900390625,-0.010645383360898868,-0.0007814355132545902,0.010645383360898868,-0.011365254837785227,0.49990828492815653,2392,557.3706377858002,-1.633251964025001,2479,13084,12802,0.8034495368113113,1628,312.384476534296,-1.5979013117441943,1680,8204,8027,17.899999618530273,0.18680080059864573,35.59360122680664,-0.0022646928689402978,90.26718306451613,0.0007198714768863584
2025-01-28,10121.7998046875,0.012316384347870508,-0.010645383360898868,0.012316384347870508,0.011597030713169905,0.5423746701846965,954,-880.6293622141998,-1.4625509846769726,966,5685,5456,0.874066390041494,635,-680.615523465704,-1.4834429245247045,645,3374,3157,16.40999984741211,-0.08690979573202155,35.75226974487305,0.004447875609100712,90.3321404516129,0.0007193536347006039
2025-01-29,10077.0,-0.004435895061267455,0.012316384347870508,0.004435895061267455,-0.0051547315982702,0.6780397222670764,1093,-741.6293622141998,-1.253278989848145,1114,6193,6016,1.231012658227848,766,-549.615523465704,-1.5101490048128077,788,4108,3976,16.559999465942383,0.00909922090372748,35.702980041503906,-0.00137959663801336,90.39709783870968,0.0007188365370027448
2025-01-30,10082.099609375,0.0005059362355061474,-0.004435895061267455,0.0005059362355061474,-0.00021238394668200602,0.6476860779020447,967,-867.6293622141998,-1.7500716303751047,994,5186,5060,0.9768292682926832,691,-624.615523465704,-1.67903595785959,712,3444,3372,15.84000015258789,-0.044451720687903346,35.79267120361328,0.0025089976130959917,90.46205522580645,0.0007183201821881534
2025-01-31,10004.400390625,-0.007736500266021206,0.0005059362355061474,0.007736500266021206,-0.008454304834678728,0.8843961737744117,900,-934.6293622141998,-0.9681023224805896,926,5018,4903,1.6784726398075762,634,-681.615523465704,-1.1783958918780786,654,3326,3237,16.43000030517578,0.0365705546041249,35.853031158447266,0.0016849571467531402,90.52701261290323,0.000717804568657522
2025-02-03,9774.400390625,-0.02325827239029581,-0.007736500266021206,0.02325827239029581,-0.024135684240153908,0.5390386177360998,2472,637.3706377858002,-1.433579369083274,2536,13543,13094,1.4128487518355364,1633,317.384476534296,-1.3375882286973617,1670,8172,8054,18.6200008392334,0.12512736629705268,35.87181854248047,0.0005238737910561018,90.75115242857143,0.0008774118498580986
2025-02-04,9807.099609375,0.003339810448109567,-0.02325827239029581,0.003339810448109567,0.0024631677749701914,1.879980761008975,1796,-38.62936221419977,-1.2175559081139464,1880,9356,9146,2.3790871369294577,1253,-62.61552346570397,-1.0532401553484465,1320,6025,5947,17.209999084472656,-0.0787457598944896,35.9734001159668,0.0028277912733439808,90.83074364285714,0.0008766426731393758
2025-02-05,9719.7998046875,-0.008941551290887332,0.003339810448109567,0.008941551290887332,-0.00981742613471304,0.6817050067659003,1546,-288.6293622141998,-1.6943498613591153,1569,7390,7200,1.320919848180398,951,-364.615523465704,-1.097532588756619,967,4479,4389,15.770000457763672,-0.08738112702359498,35.96950149536133,-0.000108380966626725,90.91033485714286,0.0008758748438257076
2025-02-06,9842.2001953125,0.012514261119986514,-0.008941551290887332,0.012514261119986514,0.011639152761606382,0.4450832332246436,1176,-658.6293622141998,-1.5306082564707577,1217,5827,5712,1.181711948583114,764,-551.615523465704,-1.4822263863837088,781,3423,3409,15.5,-0.017269406077245503,35.910301208496094,-0.001647202636175822,90.98992607142857,0.0008751083583801315
2025-02-07,9951.7001953125,0.011064127319309877,0.012514261119986514,0.011064127319309877,0.01018978410603267,-0.2516094649328503,857,-977.6293622141998,-2.013178495353893,896,4691,4634,0.9738892686261108,569,-746.615523465704,-1.6886974563649368,585,2926,2844,16.540000915527344,0.06494172102266113,35.95558166503906,0.0012601379326144533,91.06951728571428,0.0008743432132772055
2025-02-10,9845.900390625,-0.010688245924361154,0.011064127319309877,0.010688245924361154,-0.011560301709321607,0.7444996892479808,2525,690.3706377858002,-1.1438421573175535,2569,12872,12553,1.698877113298006,1688,372.384476534296,-0.8195451677899726,1732,7926,7815,15.8100004196167,-0.045139067185260916,35.89970016479492,-0.0015553905039959095,91.30829092857144,0.0008720557849604532
2025-02-11,9882.7998046875,0.0037406881065862618,-0.010688245924361154,0.0037406881065862618,0.0028693921403617454,0.5413292847503378,1087,-747.6293622141998,-0.7528136485961402,1101,5928,5729,1.7400253807106596,796,-519.615523465704,-0.49368439987171503,821,3940,3842,16.020000457763672,0.013195292452123142,35.99263000488281,0.0025852519073124264,91.38788214285715,0.0008712959662245164
2025-02-12,9779.599609375,-0.01049730918423364,0.0037406881065862618,0.01049730918423364,-0.011367846654623771,1.5536345207066329,1351,-483.6293622141998,0.7609729829298244,1382,6906,6698,2.632945235015092,985,-330.615523465704,1.2911494982442195,1009,4638,4494,15.890000343322754,-0.008147968059884936,35.99468994140625,5.723053797640119e-05,91.46747335714286,0.0008705374703901315
2025-02-13,9914.7001953125,0.013719980555239932,-0.01049730918423364,0.013719980555239932,0.012850200261234518,1.0737647433854005,1304,-530.6293622141998,0.774359343547785,1345,6274,6109,2.157337332718044,993,-322.615523465704,1.779498103641428,1025,4334,4156,15.100000381469728,-0.05099523307106497,36.11600112915039,0.0033645857607087198,91.54706457142858,0.0008697802940054149
2025-02-14,9877.599609375,-0.0037489963023581777,0.013719980555239932,0.0037489963023581777,-0.004618020735988625,0.7791725601131544,1113,-721.6293622141998,-0.6742057852152472,1125,5656,5490,1.5173925259904466,803,-512.615523465704,-0.1494289637423571,812,3559,3505,14.770000457763672,-0.022096641547685265,36.1963005065918,0.0022209059490809254,91.62665578571429,0.0008690244336304471
2025-02-18,9916.900390625,0.00814045511412694,-0.004169570990662966,0.00814045511412694,0.00727444103028028,1.3829022271047635,1961,126.37063778580023,-0.3862026148826659,2022,10013,9780,1.9100032010243275,1376,60.38447653429603,-0.41701463149877577,1431,6248,6172,15.350000381469728,0.038517371348564894,36.233280181884766,0.0008205854380354664,91.94502064285714,0.0008660140838466598
2025-02-19,9763.7001953125,-0.015568964898338257,0.00814045511412694,0.015568964898338257,-0.01643422965067644,0.968039154754506,1296,-538.6293622141998,-0.982589034862579,1334,6436,6345,1.554855758643472,1002,-313.615523465704,-0.9111485373877476,1039,4541,4475,15.270000457763672,-0.0052253496761387255,36.29280090332031,0.0016413608430971764,92.02461185714286,0.000865264752338185
2025-02-20,9807.5,0.00447595215159866,-0.015568964898338257,0.00447595215159866,0.00361143543514968,0.6673690799081996,900,-934.6293622141998,-1.1422267416330545,914,4793,4711,1.441193548387097,655,-660.615523465704,-1.3527029247152256,682,3100,3071,15.65999984741211,0.02521953161034285,36.30720138549805,0.0003967074907051578,92.10420307142857,0.0008645167164489802
2025-02-21,9602.2001953125,-0.021155139875392345,0.00447595215159866,0.021155139875392345,-0.022018909848214113,0.7775456919060056,856,-978.6293622141998,-0.8940441771588702,868,4596,4491,1.1298173803526457,628,-687.615523465704,-1.087226287143313,644,3176,3090,18.209999084472656,0.15086116264458116,36.3856315612793,0.002157852515438984,92.18379428571428,0.000863769972821769
2025-02-24,9574.7998046875,-0.002857632504678364,-0.021155139875392345,0.002857632504678364,-0.0037191699667911884,0.9420819134572114,2868,1033.3706377858002,-0.9100438314352448,2961,15553,15166,1.773432379287744,1928,612.384476534296,-0.7685855129764366,1981,9154,9020,18.979999542236328,0.0414149256001298,36.446998596191406,0.001685152638360752,92.42256792857144,0.0008615374621128245
2025-02-25,9451.599609375,-0.012950628707206188,-0.002857632504678364,0.012950628707206188,-0.013811424561397445,0.7703786191536749,1226,-608.6293622141998,-0.5532435071663734,1240,6286,6122,1.6651150347779564,806,-509.615523465704,-0.3203535405953289,818,3738,3683,19.43000030517578,0.02343251003220151,36.45434188842773,0.0002014583603632552,92.50215914285715,0.0008607958541912562
2025-02-26,9573.2001953125,0.01278355022603628,-0.012950628707206188,0.01278355022603628,0.011923494704118378,1.657367230134433,1355,-479.6293622141998,-0.5038240828114398,1385,7513,7442,2.06961688542036,1114,-201.61552346570397,-0.513742370910043,1150,5638,5537,19.100000381469727,-0.017129924070949657,36.46129989624024,0.0001908508973749303,92.58175035714287,0.0008600555219179015
2025-02-27,9741.099609375,0.017386459281546043,0.01278355022603628,0.017386459281546043,0.016527142819541873,1.0621157323688977,2507,672.3706377858002,-0.8955037709095924,2687,13272,13020,1.4130248698669752,1777,461.384476534296,-0.6357070181488055,1895,8645,8519,21.1299991607666,0.10100543688551947,36.45940017700195,-5.2103702701940946e-05,92.66134157142858,0.0008593164620041695
2025-02-28,9658.7001953125,-0.008494923701505536,0.017386459281546043,0.008494923701505536,-0.009353502372678306,1.7222019464720193,1780,-54.62936221419977,-0.8186198124970235,1953,9864,9706,1.9952469844916718,1369,53.38447653429603,-0.6246227063547953,1484,6964,6870,19.6299991607666,-0.07363482637456453,36.517799377441406,0.0016004783209537605,92.74093278571429,0.0008585786711727698
2025-03-03,9911.099609375,0.02579621793963097,-0.008494923701505536,0.02579621793963097,0.024830974642425035,1.1809837379752637,3399,1564.3706377858002,-1.17634836767721,3562,17464,17129,1.4592173590504454,2264,948.384476534296,-1.1761963230777372,2386,10784,10494,22.780000686645508,0.14882402262573163,36.50695037841797,-0.000297132113140521,92.99997258064516,0.0009652432972059354
2025-03-04,9898.0,-0.0013225852303071289,0.02579621793963097,0.0013225852303071289,-0.002286897731262873,0.3509594526948105,1034,-800.6293622141998,-1.160734701203686,1104,5993,5870,1.45396551724138,712,-603.615523465704,-1.2691280313522046,732,3480,3446,23.51000022888184,0.031542884125980525,36.43709945678711,-0.0019151923464502142,93.08969687096774,0.0009643125009557444
2025-03-05,10188.900390625,0.028966214246740826,-0.0013225852303071289,0.028966214246740826,0.028002830748607307,0.6685002507941818,1112,-722.6293622141998,-1.2014852392248294,1157,5981,5906,1.565491846396634,800,-515.615523465704,-0.8121574384982664,841,3802,3768,21.93000030517578,-0.06957029594178706,36.432498931884766,-0.00012626733261014125,93.17942116129034,0.0009633834981335201
2025-03-06,10459.099609375,0.026173444745641025,0.028966214246740826,0.026173444745641025,0.02521098846208051,1.2606969736669726,1313,-521.6293622141998,-0.0893519861503608,1365,7633,7438,2.5329968595782844,797,-518.615523465704,-0.04499355309376191,866,4458,4305,24.8700008392334,0.12580671521442058,36.4114990234375,-0.0005765721162615222,93.26914545161291,0.000962456283560515
2025-03-07,10507.099609375,0.004578806426576149,0.026173444745641025,0.004578806426576149,0.0036172755744975664,1.0807881773399026,1222,-612.6293622141998,-0.5234602367907637,1275,6699,6452,1.9798289590091425,693,-622.615523465704,-0.4458523720310743,707,3391,3299,23.3700008392334,-0.062209107098641185,36.487701416015625,0.0020906243106546653,93.3588697419355,0.0009615308520785828
2025-03-10,10422.2001953125,-0.00811301673108263,0.004578806426576149,0.00811301673108263,-0.009071781935975663,0.006057316543638608,2493,658.3706377858002,-2.0410697227110335,2571,13818,13499,0.8607910466742974,1586,270.384476534296,-2.1452849275922006,1619,7863,7722,27.86000061035156,0.17573880579798784,36.48583984375,-5.102047218468127e-05,93.62804261290323,0.0009587652048930338
2025-03-11,10438.2998046875,0.001543550017641495,-0.00811301673108263,0.001543550017641495,0.0005857031630546054,0.7185120772946867,949,-885.6293622141998,-0.8362597276020709,971,5175,5119,1.2023514043109085,638,-677.615523465704,-1.098038486291412,644,3062,3039,26.920000076293945,-0.03432248264884234,36.571380615234375,0.002341748290930234,93.71776690322581,0.0009578468545868895
2025-03-12,10580.2998046875,0.013512047720444008,0.001543550017641495,0.013512047720444008,0.012555117458568533,1.1269437202883,1211,-623.6293622141998,-0.2539228506847458,1230,6521,6371,1.7748936170212772,836,-479.615523465704,-0.1808644234084538,861,4230,4172,24.229999542236328,-0.10527799167462569,36.59619903564453,0.0006783994080551969,93.80749119354839,0.0009569302618754747
2025-03-13,10727.599609375,0.013826060307756738,0.013512047720444008,0.013826060307756738,0.012870044886038693,0.9830232175201716,1206,-628.6293622141998,-0.4339022233899494,1239,6073,5882,1.586890838206629,830,-485.615523465704,-0.1405048075489036,849,4104,3976,24.65999984741211,0.017590975612529973,36.59230041503906,-0.00010653642685440132,93.89721548387098,0.0009560154217180447
2025-03-14,10840.599609375,0.01047848573628569,0.013826060307756738,0.01047848573628569,0.009523383407193229,0.912377850162867,1060,-774.6293622141998,-0.7062764133278744,1100,5526,5434,1.8082077588970824,706,-609.615523465704,-0.6248666096457345,734,3119,3081,21.770000457763672,-0.12464959527480426,36.67959976196289,0.0023828886113564517,93.98693977419356,0.0009551023290924606
2025-03-17,10862.099609375,0.0019813210160375795,0.01047848573628569,0.0019813210160375795,0.0010289475295573317,0.5905234657039713,2683,848.3706377858002,-1.146304775381123,2777,14404,14122,1.2262077443146902,1653,337.384476534296,-1.01391921043036,1710,8135,8028,20.51000022888184,-0.05962031302991277,36.6391716003418,-0.0011028053244003131,94.2561126451613,0.0009523734864802478
2025-03-18,10802.2001953125,-0.005529794845832211,0.0019813210160375795,0.005529794845832211,-0.006481262179981864,0.6308137851143935,1401,-433.6293622141998,-1.7343589575075322,1441,6906,6757,1.1739932449987012,823,-492.615523465704,-1.4888512514951309,828,3849,3765,21.700000762939453,0.056399712461100135,36.63199996948242,-0.00019575586765232017,94.34583693548387,0.0009514673341496533
2025-03-19,9860.2998046875,-0.09123326086269776,-0.005529794845832211,0.09123326086269776,-0.09218382376722639,-0.4752451941938015,1360,-474.6293622141998,-3.058188504633189,1398,7647,7449,-0.3659562841530055,978,-337.615523465704,-3.106547178170143,1017,5490,5428,19.899999618530277,-0.08659258314379967,36.69559860229492,0.0017346442539653056,94.43556122580645,0.0009505629045286291
2025-03-20,9810.900390625,-0.005022522003401379,-0.09123326086269776,0.005022522003401379,-0.005972182196111162,-0.6276026392961874,1469,-365.6293622141998,-2.838007484646309,1518,8184,8060,-0.3161183666721773,1141,-174.61552346570397,-3.0891006477644183,1199,6049,5876,19.799999237060547,-0.005037813392920534,37.99319839477539,0.034750335318985276,94.52528551612903,0.0009496601927097834
2025-03-21,9044.599609375,-0.08132620095098533,-0.005022522003401379,0.08132620095098533,-0.08227496014478877,-0.7488268021286888,1328,-506.6293622141998,-3.3021676542621243,1388,8268,8022,-0.5079406631762653,1009,-306.615523465704,-3.1278184390206314,1056,5730,5589,19.280000686645508,-0.02661357437140071,37.94593811035156,-0.0012446886467332447,94.61500980645162,0.0009487591938034447
2025-03-24,9299.400390625,0.027782072601501936,-0.08132620095098533,0.027782072601501936,0.026836006175558737,-1.0954389406571845,4124,2289.3706377858,-4.360859865663176,4453,24468,23871,-0.8738582767744161,3141,1825.384476534296,-4.42901230635674,3431,17386,17000,17.479999542236328,-0.09801098075725649,37.976688385009766,0.0008100424803277595,94.88418267741936,0.0009460664259432007
2025-03-25,9715.599609375,0.043782876926738205,0.027782072601501936,0.043782876926738205,0.042837704696575434,-0.9273788468340992,1562,-272.6293622141998,-3.8716878658352303,1649,8481,8350,-0.2536908415441771,1155,-160.61552346570397,-3.870160206468111,1256,6191,6081,17.149999618530273,-0.019059192670720065,37.848541259765625,-0.0033800688200948466,94.97390696774194,0.0009451722301627725
2025-03-26,9649.5,-0.006826700344030829,0.043782876926738205,0.006826700344030829,-0.00777098006715533,-0.0903179509825569,1689,-145.62936221419977,-2.662122299187275,1757,9058,8915,0.272197179002472,1327,11.384476534296027,-2.7519818355090164,1450,6877,6708,18.32999992370605,0.06654090632055273,37.98720169067383,0.003656866275325512,95.06363125806452,0.0009442797231245018
2025-03-27,9612.7998046875,-0.003810577147420139,-0.006826700344030829,0.003810577147420139,-0.004753966047469173,-0.5515783059110301,1574,-260.6293622141998,-3.3015359748865465,1699,8205,7893,-0.1196576477084485,1214,-101.61552346570397,-3.1716601368502424,1286,5433,5301,18.690000534057617,0.019449592352613707,38.022098541259766,0.000918225873185609,95.1533555483871,0.0009433889000490342
2025-03-28,9659.5,0.004846363660864219,-0.003810577147420139,0.004846363660864219,0.00390386390468926,-0.1356133408705484,1840,5.370637785800227,-2.458602277209467,1938,8845,8633,-0.238950691521347,1408,92.38447653429603,-2.678619375720715,1475,6652,6537,21.649999618530277,0.14701678678666774,38.003299713134766,-0.00049454074400853,95.24307983870968,0.0009424997561749585
2025-04-02,9523.2998046875,-0.014200480165943968,0.004846363660864219,0.014200480165943968,-0.014709786913532332,-0.6119162403856768,5072,3237.3706377858,-2.9519552618984,5222,27173,26645,0.3270276537770304,3480,2164.384476534296,-2.8832594042709414,3592,17249,16945,21.51000022888184,-0.012014942353369648,37.96049880981445,0.001632203512264551,95.65068013333334,0.0005093067475883638
2025-04-03,9484.2998046875,-0.004103627552209757,-0.014200480165943968,0.004103627552209757,-0.004612675038472885,-0.18627249357326467,1032,-802.6293622141998,-2.6421616018031897,1049,5835,5630,0.514735718099306,770,-545.615523465704,-2.5449500086780303,787,3746,3702,30.020000457763672,0.33334588753358263,37.944618225097656,-0.0004184325265237847,95.69938326666667,0.0005090474862631273
2025-04-04,9379.7998046875,-0.011079359325793667,-0.004103627552209757,0.011079359325793667,-0.011588147814549962,0.530886850152905,1194,-640.6293622141998,-2.1110052631696834,1260,6213,6029,0.6229803921568625,789,-526.615523465704,-2.0406782892030946,820,3825,3655,45.310001373291016,0.41166394753389157,38.00569915771485,0.0016084447804962628,95.7480864,0.0005087884887562955
2025-04-07,9407.2001953125,0.0029169542825672203,-0.011079359325793667,0.0029169542825672203,0.002408941207441903,0.16751283932501873,2368,533.3706377858002,-1.6925142322286184,2450,13630,13268,0.5386703531481712,1528,212.38447653429603,-1.6464540983027975,1586,7957,7773,46.97999954223633,0.03619418049913722,38.00090026855469,-0.00012627559192927675,95.8941958,0.0005080130751253173
2025-04-08,9477.099609375,0.00740294678792117,0.0029169542825672203,0.00740294678792117,0.006895191659045763,0.2106966228627948,1271,-563.6293622141998,-1.5735262695131178,1313,7077,6927,0.8027306417007999,1027,-288.615523465704,-1.3067086756520951,1050,5127,5067,52.33000183105469,0.1078478858876829,38.00479888916016,0.00010258758624949201,95.94289893333334,0.0005077551288754077
2025-04-09,9275.5,-0.021501805680721815,0.00740294678792117,0.021501805680721815,-0.02200930312516136,0.7256765854315339,1326,-508.6293622141998,-1.281855943505012,1365,7427,7277,1.5817000955109846,1007,-308.615523465704,-0.7498049384160066,1033,5235,5162,33.619998931884766,-0.4424487591644147,38.007999420166016,8.421031928648864e-05,95.99160206666667,0.0005074974444395462
2025-04-10,9338.599609375,0.006779790846697237,-0.021501805680721815,0.006779790846697237,0.006272550825277891,1.1392344062556827,2026,191.37063778580023,-1.1064798443678692,2095,10998,10746,2.008329256360079,1639,323.384476534296,-0.8318942965525694,1684,8176,8020,40.720001220703125,0.19159830601000538,37.96289825439453,-0.0011873275807038454,96.0403052,0.0005072400214193456
2025-04-11,9381.0,0.004530060900825843,0.006779790846697237,0.004530060900825843,0.004023078041408316,1.218697993147333,1999,164.37063778580023,-0.9481845489380204,2027,10215,9994,1.8680169121658476,1492,176.38447653429603,-0.1756274860162592,1511,7332,7075,37.560001373291016,-0.08077971131758639,38.03559875488281,0.0019132094850586605,96.08900833333334,0.0005069828594175275
2025-04-14,9423.599609375,0.004530772591096736,0.004530060900825843,0.004530772591096736,0.004024559655540282,0.8852667400660595,3679,1844.3706377858002,-0.6265403005466342,3762,19982,19389,1.517090343140888,2655,1339.384476534296,-0.49136460336644777,2726,13493,13181,30.88999938964844,-0.19550720373103703,37.98509979248047,-0.0013285584267216377,96.23511773333334,0.0005062129355564538
2025-04-15,9393.7998046875,-0.003167263333610531,0.004530772591096736,0.003167263333610531,-0.0036732201472774403,0.7385442394304814,1260,-574.6293622141998,-1.0870383754795785,1290,6883,6676,1.3277638190954788,954,-361.615523465704,-1.1650200477722066,994,4776,4676,30.1200008392334,-0.025243056376930972,38.03839874267578,0.001402170643414218,96.28382086666667,0.0005059568136669092
2025-04-16,9266.099609375,-0.013687339478114437,-0.003167263333610531,0.013687339478114437,-0.014193040428934213,0.7434194762964229,1013,-821.6293622141998,-0.9099927671167864,1025,5843,5622,1.431003118503119,752,-563.615523465704,-0.831525672084217,761,3848,3794,32.63999938964844,0.08034908060172265,38.17060089111328,0.003469466380209425,96.332524,0.0005057009508197766
2025-04-17,9396.0,0.013921529873480625,-0.013687339478114437,0.013921529873480625,0.013416084526858857,0.559063022866704,957,-877.6293622141998,-1.1565316118020084,972,5379,5260,1.493141651279346,766,-549.615523465704,-0.9086187584443852,780,3791,3734,29.649999618530277,-0.09607639881843322,38.14339828491211,-0.0007129126411147605,96.38122713333333,0.0005054453466217686
2025-04-22,9312.099609375,-0.00101965806269304,0.00047207053998121734,0.00101965806269304,-0.0015238292543742174,1.0387029623698971,1143,-691.6293622141998,0.272319700936202,1193,6245,6096,1.6109892787524376,843,-472.615523465704,0.548189806592353,905,4104,3994,30.56999969482422,-0.10103320852701309,38.235801696777344,0.0024195974026520353,96.62474279999999,0.0005041711916811774
2025-04-24,9490.900390625,0.01901889813822309,-0.00101965806269304,0.01901889813822309,0.01851523481163176,0.5540674982781052,2234,399.3706377858002,-1.628879798379651,2450,13067,12790,1.0807227473973913,1530,214.38447653429603,-1.6531360078799955,1684,8357,8274,26.46999931335449,-0.07213619709070049,38.285621643066406,0.00013641352910551173,96.72214906666666,0.0005036633265913283
2025-04-25,9432.599609375,-0.006161752921992662,0.01901889813822309,0.006161752921992662,-0.006665162699535526,0.331526139764126,949,-885.6293622141998,-1.6157502858592985,1056,5681,5533,0.7220674486803517,715,-600.615523465704,-1.6951130002230648,790,4092,4003,24.84000015258789,-0.06355672709038389,38.415000915527344,0.0033736204701840674,96.7708522,0.000503409777542864
2025-04-28,9307.0,-0.013404927827581972,-0.006161752921992662,0.013404927827581972,-0.013907578487338318,0.6818911035488578,2129,294.3706377858002,-1.3456184505883997,2167,12342,12114,1.634735838779956,1432,116.38447653429603,-1.0502657151281987,1465,7344,7273,25.149999618530277,0.012402618169858071,38.42399978637695,0.00023422665075149466,96.9169616,0.0005026506597563448
2025-04-29,9224.7998046875,-0.008871316901350004,-0.013404927827581972,0.008871316901350004,-0.009373715030350114,0.7454530340814634,1097,-737.6293622141998,-1.1866051634152768,1130,6015,5824,1.7292460423933464,740,-575.615523465704,-0.6629206842036485,765,3727,3646,24.170000076293945,-0.03974568350601878,38.44160079956055,0.00045796854137742266,96.96566473333333,0.0005023981290001102
2025-04-30,9078.400390625,-0.015997479641872734,-0.008871316901350004,0.015997479641872734,-0.016499625493731067,0.5501081159002452,1267,-567.6293622141998,-2.099078746032605,1310,6937,6685,1.26882246843597,757,-558.615523465704,-1.791113598639526,776,3881,3839,24.700000762939453,0.021691076650220915,38.4994010925293,0.001502457790266801,97.01436786666666,0.0005021458518583317
2025-05-02,9167.599609375,0.009777477733465201,-0.015997479641872734,0.009777477733465201,0.009334590164514357,0.07768523836875346,1880,45.37063778580023,-1.8655974150584769,1947,10446,10198,0.5283912163214453,1273,-42.61552346570397,-1.7455975647475754,1329,6421,6328,22.68000030517578,-0.08126296612994292,38.55839920043945,0.00147102762015706,97.10606854838709,0.00044288756895084416
2025-05-05,9112.2001953125,-0.006061289977497854,0.009777477733465201,0.006061289977497854,-0.006503589879054639,0.3411153671362722,2821,986.3706377858002,-1.1423978839233697,2910,15403,15114,1.1277549764005745,1931,615.384476534296,-0.969812567679353,1976,9746,9592,23.63999938964844,0.04145667440402979,38.57176971435547,0.0003466999810337518,97.23506119354838,0.000442299901556785
2025-05-06,9134.7001953125,0.002466173533268354,-0.006061289977497854,0.002466173533268354,0.002024069174428987,0.5662992939555709,1067,-767.6293622141998,-0.9034202420789024,1084,5807,5675,1.4238819058754748,732,-583.615523465704,-0.7108071144920116,741,3421,3370,24.76000022888184,0.04628929034110809,38.61050033569336,0.0010036145493959616,97.27805874193548,0.00044210435883936677
2025-05-07,9074.599609375,-0.006601110951059099,0.002466173533268354,0.006601110951059099,-0.007043019940004735,0.1764899242532514,1163,-671.6293622141998,-2.373194589022382,1189,6997,6848,0.9980660757453672,742,-573.615523465704,-1.7263621473960795,763,3723,3674,23.549999237060547,-0.050103668994564955,38.63290023803711,0.0005799823105994912,97.32105629032257,0.00044190898894563575
2025-05-08,9279.2001953125,0.02229609823542195,-0.006601110951059099,0.02229609823542195,0.021854384443774418,0.2649499100950424,1386,-448.6293622141998,-1.7092437951787711,1425,7786,7665,1.1690715667311415,982,-333.615523465704,-1.327515761569668,1014,5170,5119,22.479999542236328,-0.04649978340350906,38.64410018920898,0.00028986506174839165,97.36405383870967,0.0004417137916475323
2025-05-09,9390.5,0.011923182704905725,0.02229609823542195,0.011923182704905725,0.011481663938189838,0.6218978102189786,1618,-216.62936221419977,-1.950925488343214,1687,7809,7612,1.2335069096735427,1073,-242.61552346570397,-1.9541353355627846,1119,4993,4789,21.899999618530277,-0.026139385258591264,38.7244987487793,0.002078326080959131,97.40705138709677,0.00044151876671588654
2025-05-12,9747.099609375,0.03727122485461167,0.011923182704905725,0.03727122485461167,0.036830290130771694,1.6537790697674404,7381,5546.3706377858,-0.9303434062507518,7669,34744,34194,2.0851525244114733,5936,4620.3844765342965,-1.0831884035836554,6191,26422,26137,18.38999938964844,-0.1746796139768351,38.74020004272461,0.00040537933808007135,97.53604403225806,0.0004409347238399795
2025-05-13,9700.2001953125,-0.004823240805094261,0.03727122485461167,0.004823240805094261,-0.005263981191190484,1.5117007146922994,3514,1679.3706377858002,-1.0597443549648553,3605,15811,15534,1.8788340298930344,3278,1962.384476534296,-1.027695693530625,3365,14117,13946,18.21999931335449,-0.009287151281461297,38.78990173339844,0.0012821264603998716,97.57904158064515,0.0004407403860962227
2025-05-14,9701.599609375,0.00014425610809448185,-0.004823240805094261,0.00014425610809448185,-0.00029629011148791075,1.551683510499028,4177,2342.3706377858,-1.000435920116429,4297,19097,18706,1.8942198915861408,3854,2538.384476534296,-0.8977023285195648,3944,16972,16571,18.6200008392334,0.021716462775081345,38.75848007202149,-0.0008103757258368202,97.62203912903226,0.0004405462195823926
2025-05-15,9541.2998046875,-0.016661056046363018,0.00014425610809448185,0.016661056046363018,-0.017101408270434555,2.03333833965381,6254,4419.3706377858,-0.8958422655718985,6560,26633,26371,2.056045757864627,6400,5084.3844765342965,-0.8807121086191763,6756,26225,26066,17.829999923706055,-0.04335388932444697,38.7677001953125,0.00023785831580219228,97.66503667741935,0.00044035222407153745
2025-05-16,9668.400390625,0.013233151941146704,-0.016661056046363018,0.013233151941146704,0.012792993541808446,2.1393480691493942,5398,3563.3706377858,-1.129715465138803,5666,23254,23035,1.892194222495388,5014,3698.384476534296,-1.1044164510333805,5231,21151,20817,17.239999771118164,-0.03365017563674573,38.83620071411133,0.001765389002016657,97.70803422580644,0.0004401583993382587
2025-05-20,9514.0,-0.016098477981161163,0.013233151941146704,0.016098477981161163,-0.016537862784839638,1.349124881740776,7371,5536.3706377858,-1.7253787594085377,7641,33824,33398,1.7935362385673652,6138,4822.3844765342965,-1.5960701625904987,6335,26022,25755,18.09000015258789,-0.002760103198132609,38.846099853515625,-0.0002625530361904384,97.88002441935484,0.0004393848036784766
2025-05-21,9398.900390625,-0.01217169529753739,-0.016098477981161163,0.01217169529753739,-0.012610887126996807,1.3772504091653035,1416,-418.6293622141998,-0.9270401001346807,1434,7332,7237,1.6628495842781583,1066,-249.61552346570397,-0.8709356012688312,1089,5292,5159,20.8700008392334,0.14295345345940377,38.83530044555664,-0.00027804359826112706,97.92302196774193,0.00043919182945941713
2025-05-22,9475.2001953125,0.00808517682560385,-0.01217169529753739,0.00808517682560385,0.00764617780093232,1.142742049469965,1330,-504.6293622141998,-1.1557047469453718,1356,7075,6914,1.6312303500314402,1004,-311.615523465704,-1.1651227085161011,1030,4771,4723,20.280000686645508,-0.028677548720296264,38.8301010131836,-0.00013389314374615745,97.96601951612902,0.00043899902467153
2025-05-23,9356.0,-0.012660030816223697,0.00808517682560385,0.012660030816223697,-0.013098837205315553,0.866082326970524,1426,-408.6293622141998,-1.582250420209943,1475,7701,7533,2.05026178010471,1139,-176.61552346570397,-1.4526020006414304,1183,5539,5452,22.290000915527344,0.0945029758899914,39.033329010009766,0.00522012601442059,98.00901706451613,0.00043880638909185636
2025-05-27,9213.599609375,-0.0141822524214379,-0.0011549853245009594,0.0141822524214379,-0.014620289955842221,1.3504761904761906,1887,52.37063778580023,-1.0304465314434392,1971,9345,9160,1.8442600276625176,1404,88.38447653429603,-1.2416613973086044,1461,6507,6410,18.959999084472656,-0.16180673993166564,38.993900299072266,-0.00016668510610334185,98.18100725806451,0.0004380375344043211
2025-05-28,9177.7001953125,-0.0039039611162582553,-0.0141822524214379,0.0039039611162582553,-0.0043418068577904525,1.064521345407503,1783,-51.62936221419977,-0.6307352093498959,1829,9276,9054,1.2424342539976216,1524,208.38447653429603,-0.8445524823016232,1575,7567,7409,19.309999465942383,0.018291620243806275,39.05950164794922,0.001680935428493111,98.22400480645162,0.0004378457415321974
2025-05-29,9170.599609375,-0.0007739775747667215,-0.0039039611162582553,0.0007739775747667215,-0.001211631691304574,1.4861068025703532,1800,-34.62936221419977,-0.9044142336301124,1842,9026,8771,2.0904162783473144,1407,91.38447653429603,-0.94315570114179,1445,6438,6361,19.18000030517578,-0.006754983416935554,39.09429168701172,0.000890296935718913,98.26700235483871,0.0004376541165378525
2025-05-30,9019.599609375,-0.016602728400211923,-0.0007739775747667215,0.016602728400211923,-0.017040191059413134,1.7591411169608753,2014,179.37063778580023,-0.8356302563735074,2060,9687,9543,2.0676557104489075,1709,393.384476534296,-0.7781636566949577,1750,7819,7695,18.56999969482422,-0.032320726435630054,39.20848846435547,0.0029168021387230227,98.3099999032258,0.00043746265920121104
2025-06-02,9008.900390625,-0.0011869229282609234,-0.016602728400211923,0.0011869229282609234,-0.0018730061037753737,1.3077905085225237,5539,3704.3706377858,-1.6548355652875273,5864,28278,27767,1.5834050088540341,4925,3609.384476534296,-1.801571754369182,5296,23718,23410,18.36000061035156,-0.011372940494915293,39.25439834594727,0.0011702319070173047,98.463526,0.0006860831755144504
2025-06-03,9277.0,0.029325197714638488,-0.0011869229282609234,0.029325197714638488,0.02863958492654132,1.4823331292100432,1887,52.37063778580023,-2.233527584912717,1939,9798,9630,1.4254630948988325,1482,166.38447653429603,-2.246379366250782,1515,7018,6937,17.690000534057617,-0.03717488007439624,39.145301818847656,-0.0027830871110022643,98.531057,0.0006856127880971712
2025-06-04,9475.0,0.02111853229735566,0.029325197714638488,0.02111853229735566,0.020433389252110416,1.654367026496565,1568,-266.6293622141998,-1.9052069711992157,1635,8152,8028,1.612933538356398,1225,-90.61552346570397,-2.068514372071875,1279,5853,5715,17.610000610351562,-0.004532581194009188,39.14459991455078,-1.7930902488180856e-05,98.598588,0.0006851430452452427
2025-06-05,9486.599609375,0.0012234844170248543,0.02111853229735566,0.0012234844170248543,0.000538810471390202,0.658594051757435,1029,-805.6293622141998,-1.613669378069128,1059,5178,5092,1.13289817232376,729,-586.615523465704,-1.4807014287870626,758,3447,3392,18.479999542236328,0.04822208427528902,39.26440048217773,0.0030557884998920096,98.666119,0.0006846739456346523
2025-06-10,9659.2998046875,0.018040926225019273,0.0012234844170248543,0.018040926225019273,0.0173585881749008,0.8623298337268298,3651,1816.3706377858002,-1.7117634885477158,3757,19907,19383,1.509599462967107,2731,1415.384476534296,-1.8547378386826712,2825,13407,13131,16.950000762939453,-0.01231320633011249,39.29912185668945,0.0014010936143501148,99.00377399999999,0.0006823380501184728
2025-06-11,9686.099609375,0.0027706661680272624,0.018040926225019273,0.0027706661680272624,0.0020887933856712348,1.3292699843939662,1057,-777.6293622141998,-0.8411282647865705,1092,5767,5697,1.662575801328328,702,-613.615523465704,-1.0427224597294034,724,3463,3410,17.260000228881836,0.018123820078471166,39.19559860229492,-0.0026377140732883582,99.071305,0.0006818727823560277
2025-06-12,9520.2001953125,-0.017275950277011988,0.0027706661680272624,0.017275950277011988,-0.01795735842567968,1.2779649745067614,763,-1071.6293622141998,-0.6001712707224203,790,4511,4480,2.0562353727850224,550,-765.615523465704,-1.111448059357603,584,2991,2983,18.020000457763672,0.04309057866717449,39.129539489746094,-0.0016867925118548045,99.138836,0.0006814081486676913
2025-06-13,9311.900390625,-0.022122683452733802,-0.017275950277011988,0.022122683452733802,-0.022803627600492513,0.1831293848914994,1176,-658.6293622141998,-3.231741032147572,1218,6129,5990,1.4401552575864502,566,-749.615523465704,-1.869784649898469,581,2834,2759,20.81999969482422,0.14443177094572332,39.395599365234375,0.006776451401323339,99.206367,0.0006809441477587118
2025-06-16,9350.0,0.004083149251779847,-0.022122683452733802,0.004083149251779847,0.0034035933229731308,0.8750000000000003,549,-1285.6293622141998,-2.1512347692817912,570,2916,2890,1.7922672277748561,395,-920.615523465704,-2.0740087181193676,400,1901,1867,19.11000061035156,-0.08570225833796592,39.36800003051758,-0.0007008144893866683,99.40896000000001,0.0006795559288067167
2025-06-17,9339.599609375,-0.001112960353987091,0.004083149251779847,0.001112960353987091,-0.0017920548001187915,-0.1428571428571428,12,-1822.6293622141998,-0.3538554311043585,13,77,77,-0.0884615384615384,15,-1300.615523465704,-0.8300224854133466,17,52,52,21.600000381469727,0.12248154215971634,39.38759994506836,0.0004977402232096757,99.476491,0.0006790944461317005
2025-06-18,9196.099609375,-0.01548394428887386,-0.001112960353987091,0.01548394428887386,-0.016162577878686236,1.4210526315789471,7,-1827.6293622141998,-3.3831998307257085,7,38,38,-5.0,1,-1314.615523465704,-6.53409090909091,1,3,3,20.13999938964844,-0.06998547536577875,39.52090072631836,0.003378619715720291,99.544022,0.0006786335898123755
2025-06-20,9203.400390625,0.011078853849083472,-0.010285269063284476,0.011078853849083472,0.010401140097937894,3.0,1,-1833.6293622141998,0.42105263157895,1,8,8,7.0,2,-1313.615523465704,-0.92307692307692,2,8,8,20.6200008392334,0.023553662303807992,39.663700103759766,0.003272834374332727,99.679084,0.0006777137511455782
2025-06-23,9141.2998046875,-0.006770437509939732,0.011078853849083472,0.006770437509939732,-0.0074467761690037645,2.921678321678322,40,-1794.6293622141998,-0.439780674684088,40,143,143,4.7976190476190474,47,-1268.615523465704,-0.540730536944577,48,168,168,19.82999992370605,-0.03906558060447963,39.72050094604492,0.0014310366855716783,99.881677,0.0006763386590640331
2025-06-24,9448.900390625,0.03309578802119321,-0.006770437509939732,0.03309578802119321,0.032419906486957084,2.7870967741935484,8,-1826.6293622141998,-0.2322708017571084,9,62,62,4.65,4,-1311.615523465704,1.6493960599341726,4,20,20,17.479999542236328,-0.12613859464476823,39.67070007324219,-0.001254569239294378,99.949208,0.0006758815342361262
2025-06-25,9418.5,-0.0032225337146505315,0.03309578802119321,0.0032225337146505315,-0.003897958741565748,1.2685314685314686,18,-1816.6293622141998,-3.074750828667893,18,143,133,1.7777777777777777,19,-1296.615523465704,-2.124920095454677,19,126,126,16.760000228881836,-0.04206223532916502,39.6245002746582,-0.0011652610399853457,100.016739,0.0006754250269152167
2025-06-26,9301.099609375,-0.012543209503232395,-0.0032225337146505315,0.012543209503232395,-0.013218178639083502,2.3142857142857145,13,-1821.6293622141998,0.9079247388181864,13,70,70,0.8071428571428572,27,-1288.615523465704,-0.6672003774786562,28,140,140,16.59000015258789,-0.010194995310435646,39.75859832763672,0.0033785070850757075,100.08427,0.0006749691358511078
2025-06-27,9404.900390625,0.011098240851550136,-0.012543209503232395,0.011098240851550136,0.01042372699175343,3.363636363636364,13,-1821.6293622141998,-2.46600205921731,13,66,66,2.53125,18,-1297.615523465704,-1.924950271010432,18,96,96,16.31999969482422,-0.01640878256347104,39.85430145263672,0.0024042126681238607,100.151801,0.0006745138597967056
2025-06-30,9948.5,0.05619091444871109,0.011098240851550136,0.05619091444871109,0.05551776273943886,1.3958549222797927,42,-1792.6293622141998,-0.2737018548249428,42,193,193,0.4539473684210528,35,-1280.615523465704,-0.9817867107564272,35,152,152,16.729999542236328,0.0248121568004225,39.89059829711914,0.0009103239731416432,100.354394,0.0006731517092722285
2025-07-01,10080.400390625,0.013171197109349926,0.05619091444871109,0.013171197109349926,0.012498498228496158,-2.0244444444444443,13,-1821.6293622141998,-0.3542222221030595,13,90,90,-1.196,7,-1308.615523465704,-1.312431499266435,7,50,50,16.829999923706055,0.005959516032616415,39.82659912109375,-0.0016056557894149597,100.421925,0.0006726988808537677
2025-07-02,10189.0,0.01071572384563261,0.013171197109349926,0.01071572384563261,0.010059407404974598,-0.0042200580898685,1030,-804.6293622141998,-1.838555593491967,1050,5853,5737,0.8801460996608408,711,-604.615523465704,-1.8179766140749258,732,3833,3731,16.639999389648438,-0.011353604956222913,39.83879852294922,0.00030626601539932377,100.48785519354838,0.000656316440658013
2025-07-03,10228.400390625,0.003859496192389807,0.01071572384563261,0.003859496192389807,0.0032036102204935774,0.8543457189014545,1054,-780.6293622141998,-1.0751912729139876,1103,6190,5894,1.540965692503177,777,-538.615523465704,-1.4994707822441335,811,3935,3692,16.3799991607666,-0.01574837152360857,39.90470123291016,0.0016528676360181413,100.55378538709678,0.0006558859718962293
2025-07-07,10107.7001953125,-0.016494068278364405,0.004623394040657414,0.016494068278364405,-0.01714823800720556,0.40228593320988465,2883,1048.3706377858002,-2.1954064202024774,2941,15661,15262,0.5576175869120656,1921,605.384476534296,-2.160741658801758,1961,9780,9570,17.790000915527344,0.08257552595110282,39.95100021362305,0.003269377307640317,100.81750616129032,0.0006541697288411527
2025-07-08,9998.2001953125,-0.010892432619963564,-0.016494068278364405,0.010892432619963564,-0.011546174690516402,0.6958217270194985,1072,-762.6293622141998,-2.0197278677478114,1129,5744,5688,1.4788888888888891,742,-573.615523465704,-1.671670825048027,772,3780,3750,16.809999465942383,-0.05666263749048405,40.00320053100586,0.0013057556529473642,100.88343635483871,0.0006537420705528381
2025-07-09,10167.2998046875,0.016771572550228916,-0.010892432619963564,0.016771572550228916,0.016118257579172904,0.6818454732185181,1219,-615.6293622141998,-0.5989659047348157,1279,6329,6219,1.3498914354644154,840,-475.615523465704,-0.36014092746934595,877,4145,4073,15.9399995803833,-0.053142268612983594,40.02954864501953,0.0006584333347746219,100.9493665483871,0.0006533149710560122
2025-07-10,10331.2998046875,0.016001434478880246,0.016771572550228916,0.016001434478880246,0.015348546049624818,0.9975314861460963,1067,-767.6293622141998,-1.2893547096333022,1080,5955,5749,1.716576673866092,707,-608.615523465704,-0.92758755746885,721,3704,3599,15.779999732971191,-0.010088348541556767,40.04629898071289,0.00041836175162236994,101.01529674193549,0.0006528884292554281
2025-07-11,10358.5,0.0026293353478299103,0.016001434478880246,0.0026293353478299103,0.0019768729037698573,1.1048504793246536,1207,-627.6293622141998,-0.8583876470370896,1245,6989,6769,1.7353699407063683,783,-532.615523465704,-0.6704629950787969,799,3879,3823,16.399999618530273,0.038538013074052885,40.15909957885742,0.0028127950123507006,101.08122693548387,0.000652462444060053
2025-07-14,10225.5,-0.01292283821499383,0.0026293353478299103,0.01292283821499383,-0.013574026032224363,0.6915055248618788,2132,297.3706377858002,-0.9023858306113263,2174,13032,12773,1.4309009009009013,1395,79.38447653429603,-0.7094979681587327,1428,7770,7557,17.200000762939453,0.04762811660654813,40.19459915161133,0.000883582849934029,101.27901751612903,0.0006511878172305329
2025-07-16,10121.5,-0.010222726269317596,-0.01292283821499383,0.010222726269317596,-0.010873067098468294,0.5446344553022078,2036,201.37063778580023,-1.8955584824074914,2072,11052,10855,1.0998931460845673,1316,0.38447653429602724,-1.536703050055413,1341,6551,6458,17.15999984741211,-0.012738986382189699,40.25429916381836,0.0006809285253575569,101.41087790322581,0.0006503408291506987
2025-07-17,10370.7001953125,0.024322666987662847,-0.010222726269317596,0.024322666987662847,0.02367274882684278,0.7891022099447522,1366,-468.6293622141998,-1.827524612926008,1411,7240,7138,1.4223014959723823,866,-449.615523465704,-1.4311961984332742,896,4345,4315,16.520000457763672,-0.038009289365250935,40.240699768066406,-0.00033789418129820983,101.47680809677419,0.0006499181608200688
2025-07-18,10366.2001953125,-0.0004340089392213189,0.024322666987662847,0.0004340089392213189,-0.001083504980753881,0.9576736448079862,1395,-439.6293622141998,-1.4943316887813864,1453,7213,7123,2.15368181818182,947,-368.615523465704,-1.108079104404466,979,4400,4344,16.40999984741211,-0.006680899998967385,40.33599853515625,0.0023654186267571455,101.54273829032257,0.0006494960415325622
2025-07-21,10616.2001953125,0.023830622469665348,-0.0004340089392213189,0.023830622469665348,0.02318238950241569,1.2322338340953627,3210,1375.3706377858002,-1.5120153524438664,3342,18372,18135,1.555,2380,1064.384476534296,-1.485658451398249,2479,12420,12183,16.649999618530273,0.014519297711828362,40.39450073242188,0.001449321087739251,101.74052887096774,0.0006482329672496574
2025-07-22,10616.099609375,-9.474803806136609e-06,0.023830622469665348,9.474803806136609e-06,-0.0006572878372762883,1.5501854457091702,1507,-327.6293622141998,-1.7980914022596932,1566,7819,7708,2.0852334419109666,1125,-190.61552346570397,-1.7531385897372005,1164,5526,5444,16.5,-0.009049812608822908,40.40439987182617,0.00024503153829531565,101.80645906451613,0.0006478130334701517
2025-07-23,10592.0,-0.002272680739143259,-9.474803806136609e-06,0.002272680739143259,-0.002920074382558638,1.893821796759937,2646,811.3706377858002,-1.2074564159197585,2719,13580,13221,2.5600886524822672,2250,934.384476534296,-1.1254119833330818,2336,11280,11030,15.369999885559082,-0.07094283080176363,40.43399810791016,0.0007322816420495023,101.87238925806452,0.0006473936434153786
2025-07-24,10689.099609375,0.00912549492126322,-0.002272680739143259,0.00912549492126322,0.008478520125233003,1.5186660596403356,1684,-150.62936221419977,-1.926397042376452,1746,8786,8600,2.071743093535268,1338,22.384476534296027,-1.7705221874653068,1402,7131,6861,15.390000343322754,0.001300420054187293,40.45109939575195,0.000422853866148503,101.9383194516129,0.0006469747960302176
2025-07-25,10642.599609375,-0.004359715855331754,0.00912549492126322,0.004359715855331754,-0.005006272345594184,1.7133041335888324,1417,-417.6293622141998,-1.5556682780106084,1461,7306,7165,2.2836538461538467,1159,-156.61552346570397,-1.681911391665345,1207,5512,5486,14.93000030517578,-0.03034533816741929,40.5359992980957,0.0020966285942728125,102.0042496451613,0.0006465564902624297
2025-07-28,10542.099609375,-0.009488051060313309,-0.004359715855331754,0.009488051060313309,-0.010133355872488804,0.3019098739233554,2939,1104.3706377858002,-1.9343232162182773,3037,16022,15560,0.6458368614168785,2097,781.384476534296,-1.910512510489162,2163,10629,10387,15.029999732971191,0.006675554006955608,40.54029846191406,0.00010605229743254189,102.20204022580646,0.0006453048121754954
2025-07-29,10487.2998046875,-0.005211744534315158,-0.009488051060313309,0.005211744534315158,-0.005856633196718737,0.5691907514450865,981,-853.6293622141998,-1.906777094475006,998,5190,5059,0.9918312867058201,727,-588.615523465704,-1.1480183276780491,750,3746,3703,15.979999542236328,0.06128972569359601,40.56169891357422,0.0005277416795980094,102.26797041935484,0.0006448886624035791
2025-07-30,10619.0,0.012479866755753025,-0.005211744534315158,0.012479866755753025,0.011835393706726389,0.9563839531049642,979,-855.6293622141998,-0.919560390918511,995,5459,5342,0.8322580645161294,686,-629.615523465704,-0.9840550396502652,700,3596,3459,15.479999542236328,-0.03178907310180721,40.571998596191406,0.0002538940782594475,102.33390061290322,0.0006444730490266357
2025-07-31,10743.2001953125,0.011628165043224363,0.012479866755753025,0.011628165043224363,0.010984107072216196,1.285270684371808,866,-968.6293622141998,-0.4506527064120187,874,4895,4787,1.7891640866873075,569,-746.615523465704,-0.615475039706516,572,2907,2903,16.719999313354492,0.07705672799895574,40.58700180053711,0.0003697237384213844,102.39983080645162,0.000644057971008166
2025-08-01,10747.0,0.0003536313940833943,0.011628165043224363,0.0003536313940833943,-0.0002900120332304926,1.3413108739159445,1138,-696.6293622141998,-1.32073731830648,1180,5996,5793,1.844680337756333,871,-444.615523465704,-1.1124872549105365,893,4145,4083,20.3799991607666,0.19794842002607435,40.66279983520508,0.0018658028728961453,102.465761,0.0006436434273138869
2025-08-04,10853.5,0.009860962754663737,0.0003536313940833943,0.009860962754663737,0.008820293268914738,1.2504547134935307,2428,593.3706377858002,-0.6529618765238095,2473,13525,13188,1.8483703524867212,1669,353.384476534296,-0.33757723449707516,1702,8284,8137,17.520000457763672,-0.15121087497900548,40.67779922485352,0.0003688045082477146,102.78649438709678,0.0010406694857489991
2025-08-05,10850.0,-0.00032252862721135613,0.009860962754663737,0.00032252862721135613,-0.0013621162457504222,1.229395002192022,861,-973.6293622141998,-0.4772209576425579,873,4562,4510,1.60687306501548,695,-620.615523465704,-0.3425878330218954,714,3230,3204,17.850000381469727,0.018660417960192417,40.67490005493164,-7.12740929010853e-05,102.89340551612904,0.0010395876185390661
2025-08-06,10901.0,0.004689448159752994,-0.00032252862721135613,0.004689448159752994,0.003650940161367907,0.4313675755654196,838,-996.6293622141998,-1.5877934331748638,843,4731,4461,1.8090998685939563,629,-686.615523465704,-1.474946011458046,629,3044,2835,16.770000457763672,-0.06241192646480223,40.66899871826172,-0.000145095988003461,103.00031664516129,0.0010385079983850872
2025-08-07,10956.099609375,0.005041814978066894,0.004689448159752994,0.005041814978066894,0.004004384359773458,1.3267046406433245,1117,-717.6293622141998,-1.1853066648782649,1141,5969,5779,1.5666153055983572,813,-502.615523465704,-0.918593078290639,828,3894,3749,16.56999969482422,-0.011997790110594823,40.659400939941406,-0.0002360252606765631,103.10722777419355,0.0010374306182934362
2025-08-08,10972.599609375,0.0015048775077177157,0.005041814978066894,0.0015048775077177157,0.00046852203641799435,0.446211328650426,1201,-633.6293622141998,-1.8064551862833833,1242,6691,6591,1.2565590168619605,655,-660.615523465704,-1.294275482344232,694,3499,3456,15.149999618530272,-0.08959330624524595,40.656009674072266,-8.341016408819567e-05,103.2141389032258,0.0010363554712997213
2025-08-11,11038.2998046875,0.005969805158637019,0.0015048775077177157,0.005969805158637019,0.004936661798944205,1.0362628937831062,2629,794.3706377858002,-1.0769667735023138,2737,14348,14097,1.8278425161217335,1758,442.384476534296,-0.8693626749992074,1853,8839,8640,16.25,0.07009240199988871,40.74729919433594,0.0022428955236004633,103.53487229032258,0.0010331433596928138
2025-08-12,10954.5,-0.007620695044505881,0.005969805158637019,0.007620695044505881,-0.008652772120526193,1.1504148278905564,1044,-790.6293622141998,-0.8136091598905237,1078,5665,5574,0.979831704668838,716,-599.615523465704,-0.9106634849810852,747,3684,3605,14.729999542236328,-0.09820670937817151,40.70849990844727,-0.0009526464475295732,103.64178341935484,0.0010320770760203117
2025-08-13,10950.0,-0.00041087448362722235,-0.007620695044505881,0.00041087448362722235,-0.0014418874746799973,0.6363813229571983,1030,-804.6293622141998,-1.3015573406719092,1056,5654,5535,1.1521236636810168,696,-619.615523465704,-0.8689346507941085,715,3461,3422,14.489999771118164,-0.016427458860831908,40.755001068115234,0.0011416441513346918,103.74869454838709,0.001031012991052775
2025-08-14,10824.599609375,-0.011518170644619009,-0.00041087448362722235,0.011518170644619009,-0.012548121742615796,0.7176231025546094,1000,-834.6293622141998,-1.3203543555808384,1016,5402,5251,1.6667014613778697,581,-734.615523465704,-0.9493794096747835,588,2874,2837,14.829999923706056,0.023193410468529695,40.78189849853516,0.0006597609558016728,103.85560567741936,0.0010299510979967876
2025-08-15,10870.599609375,0.0042405758498938245,-0.011518170644619009,0.0042405758498938245,0.0032116844598076505,0.1750943396226413,753,-1081.6293622141998,-1.934722882591916,766,4505,4288,0.4699999999999999,497,-818.615523465704,-1.940293607824077,509,2500,2430,15.09000015258789,0.017380131886339675,40.846900939941406,0.0015926353344214855,103.96251680645162,0.0010288913900861742
2025-08-18,10929.7998046875,0.005431124421858988,0.0042405758498938245,0.005431124421858988,0.004405399111871364,0.29607975994579405,1775,-59.62936221419977,-1.0869500909862113,1819,10331,10100,1.0055564966965949,1212,-103.61552346570397,-1.3319692984392077,1232,5903,5813,14.989999771118164,-0.0066489860460745625,40.89889907836914,0.0012721912423441413,104.28325019354838,0.001025725309987624
2025-08-19,10962.0,0.0029417607342812208,0.005431124421858988,0.0029417607342812208,0.0019170864587247974,0.9812956810631244,1129,-705.6293622141998,-0.721282713711886,1151,6020,5860,1.871728676284487,830,-485.615523465704,-0.938313664235884,849,3951,3850,15.56999969482422,0.03796266940012624,40.88309860229492,-0.0003864047521194075,104.39016132258064,0.0010246742755564233
2025-08-20,11134.7001953125,0.015631629188807932,0.0029417607342812208,0.015631629188807932,0.01460800379595073,1.2683382194105852,1250,-584.6293622141998,0.0999023184200517,1280,6481,6360,1.4920442681144297,985,-330.615523465704,-0.1190588416529605,1000,4789,4647,15.6899995803833,0.007677573755063991,40.86960983276367,-0.0003299895480372803,104.49707245161291,0.0010236253928572023
2025-08-21,11313.900390625,0.015965716988248363,0.015631629188807932,0.015965716988248363,0.014943138332960465,1.3809110997790248,1195,-639.6293622141998,-0.4555223602857096,1214,5883,5758,1.841606425702812,810,-505.615523465704,-0.605550576830514,819,3735,3668,16.600000381469727,0.05637917834187325,40.91180038452149,0.0010317884073820977,104.60398358064516,0.0010225786552878978
2025-08-22,11372.2998046875,0.005148464049294772,0.015965716988248363,0.005148464049294772,0.00412692999301931,1.1639913232104122,832,-1002.6293622141998,-1.1845179836867166,840,4610,4512,1.3563600782778868,497,-818.615523465704,-0.8777297919606027,501,2555,2511,14.220000267028809,-0.1547532751891094,41.007598876953125,0.002338848599113756,104.71089470967742,0.0010215340562754625
2025-08-25,11477.7998046875,0.009234161029100504,0.005148464049294772,0.009234161029100504,0.008215748003861373,0.7395537047222442,2355,520.3706377858002,-1.1586415730563329,2414,12727,12397,1.4931243374223842,1297,-18.615523465703973,-0.8178123428848828,1322,6603,6465,14.789999961853027,0.03930183098997578,40.96030044555664,-0.001154072192579899,105.0316280967742,0.0010184130252391314
2025-08-26,11529.7998046875,0.004520253257574617,0.009234161029100504,0.004520253257574617,0.0035028763423271326,0.2861215932914045,845,-989.6293622141998,-1.3973970171473478,864,4770,4654,1.828030303030304,508,-807.615523465704,-1.1070599686573055,518,2640,2616,14.619999885559082,-0.011560827649531319,41.00350189208984,0.0010541592581531365,105.13853922580645,0.0010173769152474845
2025-08-27,11359.0,-0.014924589887666229,0.004520253257574617,0.014924589887666229,-0.01594093279900859,-0.12470366886171222,928,-906.6293622141998,-2.329503466324795,948,5315,5219,1.4917532917532916,557,-758.615523465704,-1.118930685813045,567,2886,2837,14.850000381469728,0.015609444442969342,41.03749847412109,0.0008287705860584633,105.24545035483871,0.0010163429113423613
2025-08-28,11368.7998046875,0.0008623628665363173,-0.014924589887666229,0.0008623628665363173,-0.00015294814057231114,1.120324340709306,1293,-541.6293622141998,-1.14128163845709,1325,6598,6438,1.394131346064277,889,-426.615523465704,-1.1065482435935272,913,4294,4237,14.43000030517578,-0.028690497002423536,41.05189895629883,0.0003508487764857794,105.35236148387096,0.0010153110071086284
2025-08-29,11288.099609375,-0.007123705244302811,0.0008623628665363173,0.007123705244302811,-0.008137986440460319,0.0935460122699385,1494,-340.6293622141998,-2.309974810905149,1546,8150,7968,1.083418928833456,834,-481.615523465704,-1.8315059779648153,877,4089,4035,15.359999656677246,0.062457311433302194,41.14049911499024,0.002155921839203485,105.45927261290322,0.0010142811961575083
2025-09-02,10877.5,-0.03633481045721477,-0.0007177928016054045,0.03633481045721477,-0.03718450761119946,0.6675208397653606,1228,-606.6293622141998,-0.945855557167347,1271,6478,6378,1.5101786220584066,758,-557.615523465704,-0.9429328161529977,774,3527,3476,17.170000076293945,0.11139697398504478,41.14289855957031,1.2146163594734436e-05,105.86992516666666,0.0008496971539846903
2025-09-03,10737.7001953125,-0.012935503976712934,-0.03633481045721477,0.012935503976712934,-0.013784479758348848,-0.3911880409126673,904,-930.6293622141998,-1.7159892533198384,923,5084,5045,0.5199999999999999,577,-738.615523465704,-1.4779869386386453,591,2910,2894,16.350000381469727,-0.04893575867808498,41.16619873046875,0.0005661627277656604,105.95984433333334,0.0008489757816359148
2025-09-04,10828.900390625,0.008457590577056966,-0.012935503976712934,0.008457590577056966,0.007609334943953394,-0.5165685449957949,802,-1032.6293622141998,-1.891425718583423,815,4756,4621,0.3226056338028169,522,-793.615523465704,-1.854867018111815,538,2840,2789,15.300000190734863,-0.06637507981002318,41.158599853515625,-0.0001846072412057573,106.0497635,0.0008482556331035713
2025-09-05,10729.5,-0.009221564978630997,0.008457590577056966,0.009221564978630997,-0.010069101683907102,-0.1910204081632653,642,-1192.6293622141998,-1.976456916098411,649,3920,3870,0.3714219330855018,405,-910.615523465704,-1.8574599524277695,407,2152,2144,15.18000030517578,-0.007874048793430689,41.247501373291016,0.0021576449544744884,106.13968266666667,0.0008475367052761044
2025-09-08,10449.400390625,-0.02645235935738227,-0.009221564978630997,0.02645235935738227,-0.027297746572445224,-0.4955592627899587,2139,304.3706377858002,-1.8781669542240929,2186,12588,12072,0.5594052921142257,1464,148.38447653429603,-1.574075916100285,1493,7634,7377,15.109999656677246,-0.004622038508200846,41.25559997558594,0.00019632237306299043,106.40944016666667,0.0008453872150629541
2025-09-09,10486.099609375,0.0035059355010343546,-0.02645235935738227,0.0035059355010343546,0.002661262361886857,-0.0610964216463952,1019,-815.6293622141998,-2.83016715223049,1041,5673,5498,0.5586785347483736,579,-736.615523465704,-2.1269630356829583,593,2921,2902,15.039999961853027,-0.004643437577763262,41.26139068603516,0.0001403519544835272,106.49935933333333,0.0008446731391474976
2025-09-10,10586.2998046875,0.009510160522706623,0.0035059355010343546,0.009510160522706623,0.008666200254170607,-0.2738361719383618,1024,-810.6293622141998,-2.2237625628423925,1061,6165,5992,0.6482501620220349,572,-743.615523465704,-1.832128159855501,589,3086,3032,15.350000381469728,0.02040218289932801,41.257301330566406,-9.911343411216902e-05,106.5892785,0.0008439602685360162
2025-09-11,10382.900390625,-0.01940043413168306,0.009510160522706623,0.01940043413168306,-0.020243682731861612,-0.0331765148663908,923,-911.6293622141998,-1.561327962334684,929,5314,5165,0.7789085072231134,604,-711.615523465704,-0.8604925610675133,612,3115,3111,14.710000038146973,-0.042587961678039764,41.27539825439453,0.0004385394930533485,106.67919766666667,0.0008432486001785513
2025-09-12,10372.0,-0.0010503920926688709,-0.01940043413168306,0.0010503920926688709,-0.0018929302237057606,0.4371833480956599,998,-836.6293622141998,-2.1233541050349136,1033,5645,5468,1.387216189536032,721,-594.615523465704,-1.1478453617095807,761,4052,4008,14.760000228881836,0.0033932974726116655,41.34280014038086,0.0016316478027706652,106.76911683333333,0.0008425381310368898
2025-09-15,11000.2998046875,0.05881265972213357,-0.0010503920926688709,0.05881265972213357,0.057972245833462964,0.5312448842919858,2499,664.3706377858002,-1.7985561034923683,2562,13439,13103,1.043908181283108,1644,328.384476534296,-1.477805353643929,1673,8495,8225,15.6899995803833,0.06110270532150231,41.27825927734375,-0.0015623347514558655,107.03887433333334,0.0008404138886706051
2025-09-16,11183.0,0.01647224064749987,0.05881265972213357,0.01647224064749987,0.01563253246129309,0.6798865851497435,1081,-753.6293622141998,-1.1873866087424805,1109,5643,5553,1.2751345227980744,706,-609.615523465704,-0.8830602537989549,716,3531,3456,16.360000610351562,0.041815828481424934,41.30770111083984,0.0007129985436984791,107.1287935,0.0008397081862067776
2025-09-17,11165.900390625,-0.00153024197279383,0.01647224064749987,0.00153024197279383,-0.002369245640711079,0.3663737872963572,988,-846.6293622141998,-0.9051366241844458,1007,5463,5300,0.8555271565495205,605,-710.615523465704,-0.5119098428873035,613,3130,3084,15.720000267028809,-0.039905564494527264,41.30730056762695,-9.696621793866362e-06,107.21871266666666,0.0008390036679172491
2025-09-18,11048.099609375,-0.010606093951968765,-0.00153024197279383,0.010606093951968765,-0.011444394282792618,0.3779649244660532,1013,-821.6293622141998,-0.8259304570746111,1025,5759,5567,1.333304347826087,700,-615.615523465704,-0.753438954910091,708,3450,3374,15.699999809265137,-0.0012731037820809259,41.30110168457031,-0.00015007875468532063,107.30863183333334,0.0008383003308238531
2025-09-19,11294.5,0.022057449443903976,-0.010606093951968765,0.022057449443903976,0.021219851271946026,0.8074115456238367,1070,-764.6293622141998,-0.9395189094635774,1103,5370,5300,1.5818074074074082,697,-618.615523465704,-0.3829387278707293,709,3375,3338,15.449999809265137,-0.016051709207089097,41.39720153808594,0.002324108065764135,107.398551,0.0008375981719579504
2025-09-22,11468.099609375,0.015253352272324595,0.022057449443903976,0.015253352272324595,0.014417853537128893,0.5949037961518461,2593,758.3706377858002,-0.7689237254398431,2698,13461,13130,1.2840638345695667,1878,562.384476534296,-0.7337274914293147,1962,8898,8749,16.100000381469727,0.041210304685733154,41.407901763916016,0.0002584436336153811,107.6683085,0.0008354987351957022
2025-09-23,11331.7998046875,-0.011956318395975411,0.015253352272324595,0.011956318395975411,-0.012791119655733986,0.9713763957007199,2097,262.3706377858002,-1.628266639288816,2222,9583,9450,1.669889763779528,1470,154.38447653429603,-1.5862171727213443,1597,6350,6236,16.639999389648438,0.03299010302909157,41.39189910888672,-0.0003865384955002618,107.75822766666667,0.0008348012597585757
2025-09-24,11366.900390625,0.0030927421934930366,-0.011956318395975411,0.0030927421934930366,0.0022586372456361676,0.6620244077530508,1743,-91.62936221419977,-1.284097772134283,1802,8358,8269,1.5054132082280776,1230,-85.61552346570397,-1.0931403130272446,1286,5542,5511,16.18000030517578,-0.028033468221638266,41.418701171875,0.0006473099780287942,107.84814683333333,0.000834104947856869
2025-09-25,11377.599609375,0.0009408181792689006,0.0030927421934930366,0.0009408181792689006,0.00010740838268712962,1.55003707136237,2343,508.3706377858002,-0.9574658249372745,2470,10790,10621,2.0247770311545485,1903,587.384476534296,-1.1158947166308455,1980,8185,8074,16.739999771118164,0.0340251208969369,41.46960067749024,0.00122814705760477,107.938066,0.0008334097965817709
2025-09-26,11151.2001953125,-0.020099342865833498,0.0009408181792689006,0.020099342865833498,-0.020932058668867052,1.292689609820253,1886,51.37063778580023,-0.4999574281272977,1989,9124,8923,2.140074847965072,1416,100.38447653429603,-0.2513314034384733,1488,6413,6329,15.289999961853027,-0.09060203394250499,41.56399917602539,0.0022737431442446665,108.02798516666667,0.0008327158030335547
2025-09-29,11048.099609375,-0.00928870082718182,-0.020099342865833498,0.00928870082718182,-0.010119341567083433,1.1664482811777406,2421,586.3706377858002,-0.7392037095032326,2473,12974,12728,1.9215836676894036,1701,385.384476534296,-0.6090205674314642,1732,8474,8285,16.1200008392334,0.0528617716940319,41.56108856201172,-7.00297369677775e-05,108.29774266666666,0.0008306407399016133
2025-09-30,11012.099609375,-0.0032637993519618515,-0.00928870082718182,0.0032637993519618515,-0.004093750700421833,1.441515672530089,1553,-281.6293622141998,-0.8985410481824122,1668,7561,7486,1.7961672473867591,1073,-242.61552346570397,-1.0693122743522336,1163,4879,4831,16.280000686645508,0.009876613611529673,41.57659912109375,0.0003731294361013574,108.38766183333334,0.0008299513484599809
2025-10-01,11220.2001953125,0.018721109885518228,-0.0032637993519618515,0.018721109885518228,0.017891846785126272,0.5229567854435182,1274,-560.6293622141998,-1.4480416680874948,1296,6595,6378,1.493524667931689,875,-440.615523465704,-1.3622851910924252,928,4216,4148,16.290000915527344,0.00061407606411764,41.58269882202149,0.00014669919274334147,108.477581,0.0008292631003919554
2025-10-02,11082.599609375,-0.012339467070346557,0.018721109885518228,0.012339467070346557,-0.012618467518569274,-0.23967930425329517,1419,-415.6293622141998,-2.4800222108702843,1509,7359,7293,0.6136839481555332,836,-479.615523465704,-2.262827518330694,858,4012,3968,16.6299991607666,0.020656763924054484,41.59410095214844,0.0002741661191420348,108.50785051612904,0.0002790004482227181
2025-10-03,10858.5,-0.020428092165329707,-0.012339467070346557,0.020428092165329707,-0.020707014794013334,0.4655293088363957,1271,-563.6293622141998,-1.4649363899920211,1305,6858,6655,1.4003929273084486,815,-500.615523465704,-1.157687325611035,842,4072,4050,16.649999618530273,0.0012019507755499145,41.64179992675781,0.0011461155421418864,108.53812003225806,0.0002789226286836262
2025-10-06,10734.900390625,-0.01144803106719823,-0.020428092165329707,0.01144803106719823,-0.011726720497514985,0.7713120326308632,2783,948.3706377858002,-1.4205694061941918,2838,14710,14356,1.609206413229808,2107,791.384476534296,-1.4846761796872583,2164,9917,9721,16.3700008392334,-0.01695975086576718,41.68830108642578,0.001116071237870941,108.62892858064517,0.00027868943031675563
2025-10-07,10814.099609375,0.0073506497153184094,-0.01144803106719823,0.0073506497153184094,0.007072037931161792,0.7498066126013729,1604,-230.62936221419977,-1.197614580295962,1634,8015,7785,1.221315555555557,1240,-75.61552346570397,-1.224376076951155,1258,5625,5523,17.239999771118164,0.05178180930974778,41.703800201416016,0.0003717166237410714,108.65919809677419,0.000278611784156617
2025-10-08,10756.2998046875,-0.005359190798146427,0.0073506497153184094,0.005359190798146427,-0.005637724979397544,1.0732084592145033,1652,-182.62936221419977,-1.2329491672662012,1684,8275,8196,1.5827663615955798,1192,-123.61552346570397,-1.3555394094257995,1207,5791,5692,16.299999237060547,-0.05606719095272428,41.71736145019531,0.00032512730895302737,108.68946761290323,0.00027853418125111686
2025-10-09,10727.0,-0.0027276836538504545,-0.005359190798146427,0.0027276836538504545,-0.0030061402754138706,1.5051056539120469,1786,-48.62936221419977,-0.1076023820686898,1838,8755,8643,2.475197238658775,1392,76.38447653429603,-0.1702246417698026,1487,6084,6023,16.43000030517578,0.007943889616864368,41.73080062866211,0.0003220964548094259,108.71973712903225,0.00027845662156341625
2025-10-10,10720.400390625,-0.0006154227983902919,-0.0027276836538504545,0.0006154227983902919,-0.0008938019034483,0.8973310317354943,1456,-378.6293622141998,-1.0993920025398585,1630,7531,7393,1.598320704484948,1060,-255.61552346570397,-0.969841800523671,1242,4883,4824,21.65999984741211,0.2763582839046803,41.82247161865234,0.0021943132640441947,108.75000664516129,0.00027837910505800796
2025-10-13,10556.2001953125,-0.01543512128247782,-0.0006154227983902919,0.01543512128247782,-0.015713268096750516,1.8767283163265296,3218,1383.3706377858002,-0.3784212975667152,3281,15680,15259,2.8294082781784047,2285,969.384476534296,-0.30217515271955336,2352,10123,9897,19.030000686645508,-0.1294505171378362,41.8129997253418,-0.00022650421403329333,108.8408151935484,0.0002781468142726953
2025-10-14,10316.400390625,-0.02297848368369488,-0.01543512128247782,0.02297848368369488,-0.023256553153829605,2.25331629221041,1610,-224.62936221419977,-0.0337740796386462,1709,7433,7217,2.8765208333333314,1161,-154.61552346570397,-0.041815582042031,1246,4800,4746,20.809999465942383,0.08941689735171127,41.81230163574219,-1.6695655220717156e-05,108.87108470967742,0.00027806947013472443
2025-10-15,10464.5,0.014253676597166339,-0.02297848368369488,0.014253676597166339,0.013975684428167049,1.1050416281221096,1149,-685.6293622141998,-0.7078104094514114,1171,6486,6338,1.961624420823112,721,-594.615523465704,-0.5323988677024698,736,3669,3651,20.63999938964844,-0.008202703699968842,41.81919860839844,0.00016493719834645765,108.90135422580646,0.0002779921689992899
2025-10-16,10370.7998046875,-0.00899443040261125,0.014253676597166339,0.00899443040261125,-0.009272345313441024,1.0509602697551692,1177,-657.6293622141998,-1.1540267349145696,1232,6821,6688,1.5045852534562214,826,-489.615523465704,-1.0746444089630998,853,4340,4223,25.309999465942383,0.20396864241431076,41.851200103759766,0.0007649419009428489,108.93162374193548,0.0002779149108297743
2025-10-17,10208.7998046875,-0.01574407173943332,-0.00899443040261125,0.01574407173943332,-0.016021909435024434,1.8061101194562672,1221,-613.6293622141998,-0.8048219227439964,1271,7283,7081,1.8438996049267944,832,-483.615523465704,-0.7807966981002133,851,4303,4205,20.780000686645508,-0.1972085347417192,41.89630126953125,0.0010770750026457604,108.96189325806452,0.0002778376955911145
2025-10-20,10484.400390625,0.026638401061795852,-0.01574407173943332,0.026638401061795852,0.026360794754696427,1.3715305261792003,2911,1076.3706377858002,-0.4998091485649336,3029,15413,15155,1.91784140969163,2032,716.384476534296,-0.6478097510356134,2097,9988,9834,18.229999542236328,-0.13092245513454456,41.93040084838867,0.0008135732380438271,109.05270180645161,0.0002776063070994245
2025-10-21,10467.2001953125,-0.0016418983462400981,0.026638401061795852,0.0016418983462400981,-0.0019194276094654386,1.76964928057554,1247,-587.6293622141998,-0.54904189636824,1286,6672,6442,2.2053459847257577,934,-381.615523465704,-0.590530798516031,946,4321,4175,17.8700008392334,-0.019945187445519826,41.92890167236328,-3.575455508176235e-05,109.08297132258065,0.0002775292632253404
2025-10-22,10551.2998046875,0.008002479547432308,-0.0016418983462400981,0.008002479547432308,0.007725027285329508,1.143585292725264,1247,-587.6293622141998,-0.3779128314301107,1263,6337,6247,1.8419163045963869,931,-384.615523465704,-0.2844915805446835,940,4373,4256,18.600000381469727,0.04003822509368809,41.96820068359375,0.0009368384127980363,109.11324083870969,0.0002774522621027994
2025-10-23,10608.2998046875,0.005387638606475788,0.008002479547432308,0.005387638606475788,0.00511026330277905,1.311385900112415,1144,-690.6293622141998,-0.0015404536291799,1179,6227,6086,2.231786941580756,852,-463.615523465704,0.1792078920363927,873,4074,4027,17.299999237060547,-0.07245514382509456,41.97639846801758,0.0001953141603567382,109.14351035483871,0.00027737530369673796
2025-10-24,10941.7998046875,0.030953604255031433,0.005387638606475788,0.030953604255031433,0.03067630586705956,0.911286472148542,1421,-413.6293622141998,-0.8981302332824452,1452,7540,7362,1.5731782626595314,955,-360.615523465704,-0.7886622671135403,985,4858,4776,16.3700008392334,-0.055256014753595165,42.03110122680664,0.001302330547139314,109.17377987096775,0.00027729838797187076
2025-10-27,10853.400390625,-0.008111868485813696,0.030953604255031433,0.008111868485813696,-0.008388936382340836,1.194976963141025,3712,1877.3706377858002,-1.095321247316638,3911,19968,19578,1.9569577169786607,3077,1761.384476534296,-1.2980522999280162,3187,15278,14939,15.789999961853027,-0.03607361679793433,41.99216079711914,-0.0009268964697976942,109.26458841935484,0.0002770678965271398
2025-10-28,10871.099609375,0.0016294250883556465,-0.008111868485813696,0.0016294250883556465,0.0013524339371845597,0.74888772572625,1348,-486.6293622141998,-0.7852261947604068,1391,7642,7458,1.4450453930847993,1058,-257.615523465704,-0.6931992964402841,1068,5177,5103,16.420000076293945,0.03912328281902929,41.95940017700195,-0.000780464863309259,109.29485793548388,0.0002769911511710868
2025-10-30,10837.2998046875,-0.0031139865593602977,0.0016294250883556465,0.0031139865593602977,-0.0033908243472951854,1.1702570455249297,2996,1161.3706377858002,-0.7881973055749806,3099,16145,15817,1.5623262618873421,2495,1179.384476534296,-1.2145535818110231,2599,12303,12159,16.90999984741211,-0.0005912048002166111,41.89762878417969,-0.001213934874946779,109.35539696774194,0.00027683778793488763
2025-10-31,10971.5,0.012307132020259497,-0.0031139865593602977,0.012307132020259497,0.012030370850275326,1.1890744518103018,1396,-438.6293622141998,-1.4574032843887563,1485,7844,7668,2.2691298954456847,1096,-219.61552346570397,-1.5496640429841166,1140,5643,5565,17.440000534057617,0.030861295216443967,42.026798248291016,0.0030782352808228475,109.38566648387096,0.0002767611699841704
2025-11-03,11060.400390625,0.008070195629132791,0.012307132020259497,0.008070195629132791,0.007774505513680071,1.4235710225478435,3055,1220.3706377858002,-1.2408728484441562,3127,15833,15480,1.7447859495060376,2249,933.384476534296,-1.4226050762050613,2309,10932,10798,17.170000076293945,-0.015602769750574097,42.03961944580078,0.000305025430150348,109.48067113333333,0.00029569011545272066
2025-11-04,10914.099609375,-0.013315701648191862,0.008070195629132791,0.013315701648191862,-0.013611304356845008,1.5489188796981568,1255,-579.6293622141998,-0.41209065968680814,1277,6891,6727,1.7839816933638442,961,-354.615523465704,-0.5351531623053679,975,4807,4650,19.0,0.10127529981361154,42.06949996948242,0.0007105180780974359,109.5130387,0.0002956027086531459
2025-11-05,10970.400390625,0.005145276835957933,-0.013315701648191862,0.005145276835957933,0.004849761482444393,1.4000936329588014,1197,-637.6293622141998,-0.3640504490882483,1264,6408,6280,1.60155293088364,932,-383.615523465704,-0.6659504877060353,976,4572,4502,18.010000228881836,-0.05351180726997863,42.071998596191406,5.9391067483040214e-05,109.54540626666667,0.0002955153535135405
2025-11-06,11073.2998046875,0.009336015328876273,0.005145276835957933,0.009336015328876273,0.009040587278888082,1.193940809968847,1174,-660.6293622141998,-1.5561895050488646,1228,6420,6217,1.7461151236594452,965,-350.615523465704,-1.668001387494109,990,4569,4453,19.5,0.07948729367323931,42.11119842529297,0.0009312982476723053,109.57777383333334,0.0002954280499881904
2025-11-07,10924.5,-0.013528814295619815,0.009336015328876273,0.013528814295619815,-0.01382415509365142,0.2935908691834941,1239,-595.6293622141998,-2.1947087560689087,1281,6834,6655,1.2818542737038767,775,-540.615523465704,-1.646652047078962,794,4282,4080,19.07999992370605,-0.021773803548195268,42.16474151611328,0.0012706615449600094,109.6101414,0.00029534079803160337
2025-11-10,10789.0,-0.012480876774739465,-0.013528814295619815,0.012480876774739465,-0.012775956125856079,0.5921034632842135,3089,1254.3706377858002,-1.8707765983260634,3230,16083,15623,1.1832827976551445,1981,665.384476534296,-1.9347117989323779,2073,9894,9668,17.600000381469727,-0.08074173830298362,42.23031997680664,0.0015540832065743715,109.7072441,0.000295079351116613
2025-11-11,10576.5,-0.019892537724135153,-0.012480876774739465,0.019892537724135153,-0.02018753002911309,0.875127863019791,1722,-112.62936221419977,-2.758542356370386,1778,8994,8835,1.4486333495067123,1288,-27.615523465703973,-2.874416766676751,1321,6183,6069,17.280000686645508,-0.018349120606183555,42.23410034179688,8.951378529570655e-05,109.73961166666666,0.0002949923049779363
2025-11-12,10640.900390625,0.006070544667132588,-0.019892537724135153,0.006070544667132588,0.00577563935695247,1.1064261168384877,1786,-48.62936221419977,-2.367578860413384,1804,8730,8550,1.578828270303782,1355,39.38447653429603,-2.087025215091085,1374,6452,6384,17.510000228881836,0.01322235625691449,42.23789978027344,8.99573461886854e-05,109.77197923333333,0.0002949053101801174
2025-11-13,10628.599609375,-0.001156659312291763,0.006070544667132588,0.001156659312291763,-0.0014514776789694272,0.7959092646871417,1444,-390.6293622141998,-1.702708474586888,1467,7847,7723,1.7478086924895433,1070,-245.61552346570397,-1.5102421661020493,1088,5499,5426,20.0,0.13296011418473802,42.2484016418457,0.0002486050744223734,109.8043468,0.0002948183666776641
2025-11-14,10565.7001953125,-0.005935520333894811,-0.001156659312291763,0.005935520333894811,-0.0062302518083198945,0.7767168913560667,1115,-719.6293622141998,-1.284170649319128,1138,6305,6076,1.6879179670084712,841,-474.615523465704,-0.9545419615831384,853,4486,4397,19.82999992370605,-0.008536334869686694,42.28519821166992,0.0008705786151782991,109.83671436666667,0.000294731474425084
2025-11-17,10698.099609375,0.012453195227459348,-0.005935520333894811,0.012453195227459348,0.012158724122744803,0.965319934372437,2613,778.3706377858002,-1.1411286427596523,2763,14628,14312,1.5842774005819598,1945,629.384476534296,-1.1494597570321599,2087,10310,10116,22.3799991607666,0.12097172670021604,42.31201171875,0.0006339099835569199,109.93381706666666,0.0002944711047145447
2025-11-18,10728.599609375,0.0028469173239113895,0.012453195227459348,0.0028469173239113895,0.0025525329069019703,1.379009701398514,1492,-342.6293622141998,-0.8532599501410476,1534,7937,7588,1.7683277027027036,1274,-41.61552346570397,-1.167340929764948,1325,5920,5838,24.690000534057617,0.09823065960309084,42.31859970092773,0.00015568792616568692,109.96618463333333,0.0002943844170094191
2025-11-19,10903.900390625,0.016207522812689352,0.0028469173239113895,0.016207522812689352,0.015913225032361093,1.5725067628494145,2225,390.3706377858002,-1.0762538864981923,2334,11090,10795,1.88548096418112,1894,578.384476534296,-1.1543581699528702,1988,8878,8676,23.65999984741211,-0.042612472886562745,42.32690048217773,0.00019613047967462753,109.99855219999999,0.0002942977803282584
2025-11-20,10979.7001953125,0.006927571862185033,0.016207522812689352,0.006927571862185033,0.006633360667558797,1.414362157534247,1766,-68.62936221419977,-1.2646953212538414,1887,9344,9157,1.5084479371316308,1405,89.38447653429603,-1.3237926645463096,1492,7126,6948,26.420000076293945,0.1103354498808654,42.342899322509766,0.0003779113818470528,110.03091976666667,0.00029421119462623614
2025-11-21,10922.900390625,-0.0051865925047870085,0.006927571862185033,0.0051865925047870085,-0.0054807171646450905,0.466648774378243,1019,-815.6293622141998,-0.9754479392415046,1047,5589,5474,1.7239181746656178,733,-582.615523465704,-0.8243289794063798,749,3813,3708,23.43000030517578,-0.12010403643720817,42.43870162963867,0.0022599796849529672,110.06328733333334,0.00029412465985808174
2025-11-24,10888.0,-0.0032002732383068855,-0.0051865925047870085,0.0032002732383068855,-0.0034941385990152228,1.5324016625504489,3158,1323.3706377858002,-0.005520925719310977,3357,16601,16245,2.015978670589317,2162,846.384476534296,0.06560861440111185,2296,10877,10630,20.520000457763672,-0.13261722293396586,42.39574813842773,-0.0010126427412192665,110.16039003333333,0.00029386536070833747
2025-11-25,10857.2001953125,-0.0028327929848883885,-0.0032002732383068855,0.0028327929848883885,-0.003126572014115777,1.7479435236341323,1580,-254.62936221419977,-0.4500322106051372,1627,8145,7955,2.356317810048407,1213,-102.61552346570397,0.0150739757940253,1274,5991,5826,18.559999465942383,-0.10039134402734166,42.442501068115234,0.0011021664133243902,110.1927576,0.00029377902922738823
2025-11-26,10914.7001953125,0.0052820500421221755,-0.0028327929848883885,0.0052820500421221755,0.004988357293666002,1.3329049752416893,1557,-277.6293622141998,-0.4786084621336872,1671,8482,8343,1.8355384856560584,1274,-41.61552346570397,-0.4399141858292196,1395,6379,6229,17.190000534057617,-0.07668084812071645,42.46220016479492,0.00046402841649761207,110.22512516666666,0.00029369274845617363
2025-11-28,10898.7001953125,-0.004284878903641638,0.0028178904852488727,0.004284878903641638,-0.004578399242506611,1.167123583378309,1807,-27.629362214199773,-0.4755815791751415,1893,9265,8945,1.650823827629913,1335,19.384476534296027,-0.1184116147159972,1389,6312,6171,16.350000381469727,-0.050099929787937765,42.48509979248047,0.0010055143327612698,110.2898603,0.0002935203388649732
2025-12-01,11116.5,0.019786957089380375,-0.004284878903641638,0.019786957089380375,0.019493694985693425,0.7560976779888705,3989,2154.3706377858,-0.8967456042235717,4118,20844,20331,1.450797965014984,2995,1679.384476534296,-0.5354781153164505,3090,14349,14151,17.239999771118164,0.05300433128459449,42.46950149536133,-0.00036721489025817847,110.386963,0.000293262103686951
2025-12-02,11123.5,0.0006294964236650087,0.019786957089380375,0.0006294964236650087,-0.0009306662152700116,-0.1463431029846734,1443,-391.6293622141998,-2.180311036576166,1468,7438,7310,0.6313585932593676,970,-345.615523465704,-1.2835623324083991,981,4777,4644,16.59000015258789,-0.03843213855940299,42.41801071166992,-0.0012131534702282242,110.55931903225806,0.0015601626389350203
2025-12-03,11036.7998046875,-0.007824861437145723,0.0006294964236650087,0.007824861437145723,-0.009382593759817273,0.6548554992466794,1375,-459.6293622141998,-1.038412221641263,1421,7301,7047,1.581363636363637,893,-422.615523465704,-1.0995748197801951,933,4620,4460,16.079999923706055,-0.03122385439376344,42.45227813720703,0.0008075247030268962,110.73167506451612,0.0015577323226715508
2025-12-04,10918.5,-0.010776527819620284,-0.007824861437145723,0.010776527819620284,-0.012331837385819545,0.8494868238557556,1241,-593.6293622141998,-1.5227913979231908,1293,7210,6922,1.362633637548892,710,-605.615523465704,-1.2619387683526568,725,3835,3712,15.779999732971191,-0.018832960510421614,42.446998596191406,-0.00012437187277832852,110.90403109677419,0.0015553095661992608
2025-12-05,11007.400390625,0.008109211134742866,-0.010776527819620284,0.008109211134742866,0.006556316800443121,1.189268380370304,925,-909.6293622141998,-0.7686148134757537,968,5563,5415,1.7345370370370363,615,-700.615523465704,-0.6636238880517297,626,3240,3141,15.40999984741211,-0.023726659065600814,42.500099182128906,0.0012502038149076742,111.07638712903226,0.0015528943342997445
2025-12-08,11189.5,0.016408029194044358,0.008109211134742866,0.016408029194044358,0.01486233575692812,1.224885635864593,2509,674.3706377858002,-0.9596800016203868,2578,13116,12801,1.765748459586807,1685,369.384476534296,-0.6076421225117073,1720,8277,8086,16.65999984741211,0.07799398814961006,42.51499938964844,0.0003505308568104708,111.59345522580645,0.0015456934371162376
2025-12-09,11238.400390625,0.004360681763539741,0.016408029194044358,0.004360681763539741,0.0028173738078763515,0.6312925170068031,940,-894.6293622141998,-1.1464882545730144,973,5292,5161,2.130517980864401,622,-693.615523465704,-0.7441772423582931,637,3031,2962,16.93000030517578,0.016076586591024407,42.55390167236328,0.0009146065116866032,111.76581125806452,0.0015433079556633894
2025-12-10,11193.900390625,-0.003967498368265116,0.004360681763539741,0.003967498368265116,-0.005508428194197867,0.9158733205374282,865,-969.6293622141998,-0.6409683477443636,883,5210,5062,1.23339616713792,616,-699.615523465704,-0.2539322654672573,629,3183,3070,15.770000457763672,-0.07097778416833754,42.54940032958984,-0.00010578538486174073,111.93816729032258,0.001540929825932751
2025-12-11,11233.7001953125,0.003549184525011738,-0.003967498368265116,0.003549184525011738,0.002010625511021172,0.953085614950022,769,-1065.6293622141998,-0.7228909369267077,803,4602,4504,1.9841338582677162,462,-853.615523465704,-0.3685711326298433,483,2540,2516,14.850000381469728,-0.06010953906554096,42.61159896850586,0.0014607308624438112,112.11052332258065,0.0015385590139905664
2025-12-12,11311.2998046875,0.006884002290994402,0.003549184525011738,0.006884002290994402,0.00534780680488163,0.6281707933299658,1496,-338.6293622141998,-0.7555137432119142,1522,7916,7814,1.3811007505117123,914,-401.615523465704,-0.313783389396061,935,4397,4341,15.739999771118164,0.05820533751093889,42.63240051269531,0.00048804712892279017,112.28287935483871,0.0015361954861127717
2025-12-15,11456.2998046875,0.012737571193417061,0.006884002290994402,0.012737571193417061,0.011208422920706352,0.5874354691770427,2482,647.3706377858002,-1.1903596048144403,2547,13172,12900,0.3257307019735199,1495,179.38447653429603,-1.0547354665277489,1565,8006,7891,16.5,0.047155152458690654,42.68220138549805,0.0011674643578270122,112.79994745161291,0.001529148272710709
2025-12-16,11348.7998046875,-0.009427785722054603,0.012737571193417061,0.009427785722054603,-0.01095459927001154,0.1321989033843827,940,-894.6293622141998,-1.3118102181378732,967,5289,5186,1.039790764790765,520,-795.615523465704,-0.8501763836124718,539,2772,2723,16.479999542236328,-0.0012128842021314815,42.69390106201172,0.00027407380406246283,112.97230348387097,0.0015268135479569362
2025-12-17,11286.7998046875,-0.005478110244035083,-0.009427785722054603,0.005478110244035083,-0.007002596185750935,0.6449677650429797,950,-884.6293622141998,-1.3200734563818883,965,5584,5376,1.1516650808753564,602,-713.615523465704,-1.3129670121600627,608,3153,3089,17.6200008392334,0.06688717143322019,42.70759963989258,0.00032080415181822954,113.14465951612902,0.0015244859417158521
2025-12-18,11335.099609375,0.004270187679380338,-0.005478110244035083,0.004270187679380338,0.0027480222578990425,0.5950561066840144,1138,-696.6293622141998,-1.0684259852572455,1183,6149,6068,1.682340025094104,715,-600.615523465704,-0.8795829415902591,751,3188,3175,16.8700008392334,-0.04349772183265853,42.72959899902344,0.0005149831681640094,113.31701554838709,0.001522165421481296
2025-12-19,11341.900390625,0.0005997955156223277,0.004270187679380338,0.0005997955156223277,-0.0009200564393212028,0.585078642384106,809,-1025.6293622141998,-1.5472253965577374,833,4832,4754,1.3953434225844008,490,-825.615523465704,-1.570777713947174,505,2577,2534,14.90999984741211,-0.12350482776224771,42.785301208496094,0.0013027488125559254,113.48937158064516,0.0015198519549435305
2025-12-22,11311.099609375,-0.0027193572798952224,0.0005997955156223277,0.0027193572798952224,-0.004232310837251276,0.8317794588700338,2550,715.3706377858002,-1.0696985218952788,2642,14673,14232,1.142782122905028,1774,458.384476534296,-0.9764433048915893,1799,8950,8687,14.079999923706056,-0.057276773231425014,42.80688095092773,0.0005042456529193075,114.00643967741935,0.0015129535573560533
2025-12-23,11290.400390625,-0.0018316682111515377,-0.0027193572798952224,0.0018316682111515377,-0.0033423361975682794,0.8466137434879686,1419,-415.6293622141998,-1.966093258977016,1580,8062,7811,1.2789484978540766,941,-374.615523465704,-1.8622845721633587,1022,4660,4580,14.0,-0.0056980156960337435,42.815799713134766,0.0002083270967486997,114.17879570967742,0.0015106679864167417
2025-12-24,11340.099609375,0.0043922404408938895,-0.0018316682111515377,0.0043922404408938895,0.0028838511303522253,0.9901489853583364,1521,-313.6293622141998,-2.386882584083481,1642,7786,7659,1.562616822429907,1005,-310.615523465704,-2.744873737134298,1097,4922,4801,13.470000267028809,-0.038592319369021244,42.84799957275391,0.0007517728936631056,114.35115174193548,0.0015083893105416642
2025-12-26,11294.400390625,-0.004038019911736467,0.0043922404408938895,0.004038019911736467,-0.0055418724312900625,0.6292993127419229,2011,176.37063778580023,-2.1207607129978556,2094,12659,12286,1.3775982167734744,1304,-11.615523465703973,-2.0172164593666397,1364,7178,6881,13.600000381469728,0.00960481054501314,42.85449981689453,0.00015169322247026823,114.69586380645161,0.0015038525195535959
2025-12-29,11150.900390625,-0.012786815076554122,-0.004038019911736467,0.012786815076554122,-0.014283913349809923,-0.37321647551035103,2533,698.3706377858002,-2.1930575961867738,2617,13863,13546,0.318271045677614,1648,332.384476534296,-2.228551588457683,1711,7947,7822,14.199999809265137,0.04317213038393171,42.90407943725586,0.0011562604305310083,115.21293190322581,0.0014970982732558009
2025-12-30,11220.2001953125,0.006195495486605118,-0.012786815076554122,0.006195495486605118,0.004700635166570609,-0.1717113095238094,1207,-627.6293622141998,-2.5551835683241677,1238,6720,6664,0.3600555134998737,771,-544.615523465704,-2.2702169040140263,786,3963,3925,14.329999923706056,0.009113285340826614,42.93569946289063,0.0007367220062793716,115.38528793548387,0.001494860320034509
2025-12-31,11261.5,0.003674086104450794,0.006195495486605118,0.003674086104450794,0.002181457056767127,-0.2865175097276265,919,-915.6293622141998,-1.9060836734483613,941,5140,5042,0.22327620565962533,505,-810.615523465704,-1.66965474479838,515,2509,2505,14.949999809265137,0.04235605056250149,42.95198059082031,0.0003791260426294086,115.55764396774194,0.001492629047683667
2026-01-02,11498.400390625,0.020818100467706453,0.003674086104450794,0.020818100467706453,0.01986249428857947,0.1951041818446741,1259,-575.6293622141998,-1.411770057717724,1274,6863,6649,1.0116279069767442,769,-546.615523465704,-1.2259810249948222,783,3913,3738,14.510000228881836,-0.029873204408338686,42.99399948120117,0.0009777977677016597,115.84064516129033,0.0009556061791269805
2026-01-05,11702.0,0.017551838139042045,0.020818100467706453,0.017551838139042045,0.016598963678290266,0.5127254040923106,1880,45.37063778580023,-1.304613118765971,1929,10703,10518,1.3432578573842517,1133,-182.61552346570397,-1.5267019944354885,1182,5918,5827,14.899999618530272,0.026523104679246158,43.01118850708008,0.00039972067987601595,116.17258064516129,0.0009528744607517803
2026-01-06,12023.7998046875,0.027128235302600667,0.017551838139042045,0.027128235302600667,0.026176267947297816,0.3377856667406255,842,-992.6293622141998,-1.1864888265980176,856,4507,4377,1.7085070182900906,489,-826.615523465704,-1.0533157096072747,494,2351,2323,14.75,-0.010118104563589088,43.03919982910156,0.0006510446623775033,116.28322580645161,0.0009519673553028526
2026-01-07,12028.7998046875,0.0004157554820040345,0.027128235302600667,0.0004157554820040345,-0.0005353064932772169,0.2842440801457193,787,-1047.6293622141998,-0.8657947170354668,791,4392,4238,1.46587333602259,504,-811.615523465704,-0.6075211909920535,508,2479,2468,15.380000114440918,0.04182488873256102,43.04059982299805,3.252781494060441e-05,116.39387096774193,0.0009510619752812514
2026-01-08,12088.0,0.0049094668197895075,0.0004157554820040345,0.0049094668197895075,0.003959308504020999,0.8793325987722337,1101,-733.6293622141998,-2.182304052043881,1121,6353,6229,1.334415029888984,642,-673.615523465704,-1.3504151939774638,665,3513,3355,15.449999809265137,0.004541019480065979,43.036598205566406,-9.297740925987652e-05,116.50451612903225,0.0009501583157685079
2026-01-09,12201.0,0.009304690622758698,0.0049094668197895075,0.009304690622758698,0.008355434250893494,0.5250784245381667,1010,-824.6293622141998,-2.283212993680962,1035,5738,5631,1.3073470744680855,600,-715.615523465704,-1.7587829110878548,621,3008,2924,14.489999771118164,-0.06415025046171281,43.12889862060547,0.0021423993069804733,116.61516129032259,0.0009492563718652045
2026-01-12,12254.7998046875,0.004399765446634445,0.009304690622758698,0.004399765446634445,0.0034532046615409,-0.16515618492294873,2069,234.37063778580023,-1.756137686694549,2103,12005,11657,0.4605308086295202,1200,-115.61552346570397,-1.3468888421801881,1213,6443,6301,15.119999885559082,0.04255962264580009,43.10540008544922,-0.0005449927949891272,116.94709677419355,0.000946560785093545
2026-01-13,12385.599609375,0.010616794889838261,0.004399765446634445,0.010616794889838261,0.009671129234836276,0.1238631790744467,799,-1035.6293622141998,-2.021538606815167,821,4970,4871,0.5591749174917493,551,-764.615523465704,-1.4293156331240224,563,3030,2973,15.979999542236328,0.05531954850954804,43.14179992675781,0.0008440817432821575,117.05774193548388,0.0009456656550019859
2026-01-14,12369.900390625,-0.0012683420536526743,0.010616794889838261,0.0012683420536526743,-0.002213114269951242,0.577714791851196,976,-858.6293622141998,-1.560669629783871,1005,5645,5493,1.1642329545454548,632,-683.615523465704,-1.3424640255821836,652,3520,3427,16.75,0.047060346578984245,43.15240097045898,0.0002456953919098989,117.1683870967742,0.0009447722162985675
2026-01-15,12456.7001953125,0.006992512572268558,-0.0012683420536526743,0.006992512572268558,0.006048632108074369,0.5284798404331104,1184,-650.6293622141998,-1.848972607980098,1230,7019,6811,0.9916028586013274,739,-576.615523465704,-1.2677291609741776,775,3918,3860,15.84000015258789,-0.055859862251721834,43.16960144042969,0.00039851879516148765,117.27903225806452,0.000943880464194189
2026-01-16,12668.5,0.016859950978729683,0.006992512572268558,0.016859950978729683,0.015916960584812213,-0.1017677707480464,929,-905.6293622141998,-1.1106740490771805,961,5374,5228,1.3811030741410486,647,-668.615523465704,-0.964746093532099,680,3318,3287,15.859999656677246,0.0012617985402639538,43.27220153808594,0.0023738548318488293,117.38967741935484,0.0009429903939174705
2026-01-20,12805.7998046875,0.004531595244681894,0.006247985371865072,0.004531595244681894,0.0035921484083949427,0.3281397238017871,1129,-705.6293622141998,-1.7983328035378208,1174,6155,6088,1.0161178509532067,843,-472.615523465704,-1.3309741009814529,865,4039,4022,20.09000015258789,0.23642199186244148,43.276100158691406,0.00018098401135447072,117.83225806451613,0.0009394468362869513
2026-01-21,12728.2001953125,-0.006078158398859989,0.004531595244681894,0.006078158398859989,-0.007016723503064511,0.093668407310705,1136,-698.6293622141998,-0.4972711974989635,1190,6128,5959,1.149476365694877,796,-519.615523465704,-0.5195746727766959,813,3533,3436,16.899999618530273,-0.17290858706520473,43.289398193359375,0.00030723637074194627,117.94290322580645,0.0009385651042045228
2026-01-22,12851.5,0.009640516401442858,-0.006078158398859989,0.009640516401442858,0.008702831375746789,0.2260238465526177,1035,-799.6293622141998,-1.0484714187914863,1053,5787,5453,1.6938512396694223,659,-656.615523465704,-0.3628355610920135,666,3025,2991,15.640000343322754,-0.07748184228810683,43.29579925537109,0.00014785580473290037,118.05354838709677,0.0009376850256960697
2026-01-23,12992.7001953125,0.01092714026456356,0.009640516401442858,0.01092714026456356,0.009990333668448852,0.9090246125797632,996,-838.6293622141998,-0.662356274585501,1043,5485,5331,1.6278969957081548,717,-598.615523465704,-0.1555586696701452,731,3262,3130,16.09000015258789,0.02836621341894342,43.33990097045898,0.0010180957453401955,118.16419354838709,0.0009368065961147089
2026-01-26,13177.2998046875,0.014107961113752327,0.01092714026456356,0.014107961113752327,0.013173779959032348,0.36719237581175657,2068,233.37063778580023,-1.1091878281015353,2115,11857,11638,1.3410062713797035,1411,95.38447653429603,-0.7880129906016918,1451,7016,6909,16.149999618530273,0.003722055560557878,43.38639831542969,0.0010722779551005333,118.49612903225807,0.0009341811547199788
2026-01-27,13107.0,-0.005349198787052631,0.014107961113752327,0.005349198787052631,-0.006282508061773256,0.6571531143421291,1049,-785.6293622141998,-1.098291378831657,1065,5571,5399,1.4006514657980464,757,-558.615523465704,-0.6036074395825162,772,3684,3627,16.350000381469727,0.012307894626495038,43.38180160522461,-0.0001059537990550362,118.60677419354839,0.0009333092747206248
2026-01-28,13407.400390625,0.022660383832722397,-0.005349198787052631,0.022660383832722397,0.021727944812050818,0.7124393678610548,1256,-578.6293622141998,-1.045380906067244,1269,6391,6214,1.6283312421580938,782,-533.615523465704,-0.39841278283155596,795,3985,3891,16.350000381469727,0.0,43.41460037231445,0.0007557633243713831,118.71741935483871,0.0009324390206715781
2026-01-29,13831.099609375,0.031112829038994153,0.022660383832722397,0.031112829038994153,0.030181258650965853,1.3002775343266142,1388,-446.6293622141998,-1.403121323215058,1433,6846,6768,1.8108878504672907,901,-414.615523465704,-1.1911607150954382,919,4280,4237,16.8799991607666,0.0319015187754475,43.40729904174805,-0.00016819098943688323,118.82806451612903,0.000931570388028299
2026-01-30,13838.2998046875,0.0005204446520341582,0.031112829038994153,0.0005204446520341582,-0.000410258720229813,1.2500562851782369,1629,-205.62936221419977,-1.8730264274490045,1688,7995,7877,2.194212285833681,1028,-287.615523465704,-1.7236614449993044,1057,4786,4739,17.440000534057617,0.03263700965321155,43.4551010131836,0.001100636782565062,118.93870967741935,0.0009307033722639712
2026-02-02,13621.0,-0.015827376695954732,0.0005204446520341582,0.015827376695954732,-0.016519483559710012,1.11114159528908,2702,867.3706377858002,-1.312449763845028,2775,14944,14564,2.084359987189068,1863,547.384476534296,-1.3704332496087666,1924,9367,9197,16.34000015258789,-0.0651503503332419,43.48197937011719,0.000618340475007468,119.24249999999999,0.0006921068637552811
2026-02-03,13875.2998046875,0.018497547478898962,-0.015827376695954732,0.018497547478898962,0.017805919295775404,1.5914715500327037,1545,-289.6293622141998,-0.8669878797554563,1591,7645,7456,2.097242120343841,1240,-75.61552346570397,-1.2586374423402436,1268,5584,5565,18.0,0.09675565912600367,43.47489929199219,-0.0001628411288348761,119.325,0.0006916281831235592
2026-02-04,13891.2001953125,0.0011452932391939744,0.018497547478898962,0.0011452932391939744,0.0004541430750218591,1.441510444563472,1483,-351.6293622141998,-0.8495961137908756,1560,7468,7354,1.8276673354003297,1170,-145.61552346570397,-0.5775584515991333,1207,5483,5397,18.63999938964844,0.034938018617097645,43.49100112915039,0.0003703023199720059,119.4075,0.0006911501641721153
2026-02-05,13589.099609375,-0.021987588124256868,0.0011452932391939744,0.021987588124256868,-0.022678260929787034,1.199018538713196,1237,-597.6293622141998,-0.8287296291794126,1276,6419,6163,2.1542000943841444,894,-421.615523465704,-0.5879987508603096,919,4238,4210,21.770000457763672,0.15522311976046374,43.51950073242188,0.0006550842411187219,119.49,0.0006906728055301666
2026-02-06,13522.0,-0.004949983390554706,-0.021987588124256868,0.004949983390554706,-0.005640179496385182,1.1252359750667864,1034,-800.6293622141998,-1.339459151216539,1039,5615,5482,1.78240997229917,711,-604.615523465704,-1.081268407083968,722,3610,3531,20.3700008392334,-0.06646962483553287,43.60929870605469,0.0020612703493279897,119.57249999999999,0.0006901961058304762
2026-02-09,13838.400390625,0.02312937612923678,-0.004949983390554706,0.02312937612923678,0.022440606182468112,0.6487640259849826,2070,235.37063778580023,-1.0248636949189998,2116,11853,11517,1.6200877689694226,1495,179.38447653429603,-0.7768784073726815,1511,7064,6943,17.360000610351562,-0.15989452704748955,43.46875,-0.00322811156645197,119.82,0.0006887699467686694
2026-02-10,13797.0,-0.002996187571826586,0.02312937612923678,0.002996187571826586,-0.0036844834410673754,0.090004989190088,1061,-773.6293622141998,-1.1622668880411997,1079,6013,5719,1.5134955111497252,675,-640.615523465704,-0.8368914107360114,692,3453,3327,17.790000915527344,0.024467808750071016,43.58409881591797,0.0026500886529167147,119.9025,0.0006882958692407895
2026-02-11,13787.7998046875,-0.0006670482090701345,-0.002996187571826586,0.0006670482090701345,-0.0013548706529454215,1.006003348481225,1602,-232.62936221419977,-0.5576340913844595,1642,8362,8181,2.060120068610636,1199,-116.61552346570397,-0.1994530951377436,1221,5830,5759,17.649999618530273,-0.007900791374484802,43.62749862670898,0.0009952762166092694,119.985,0.0006878224438752868
2026-02-12,14180.5,0.02808365239639178,-0.0006670482090701345,0.02808365239639178,0.02739630272706447,0.8918749017758916,1228,-606.6293622141998,-0.4066704320819322,1253,6363,6277,2.0227558871531843,868,-447.615523465704,-0.0864514781517787,887,4289,4209,20.81999969482422,0.16517828676271432,43.63610076904297,0.00019715304941384784,120.0675,0.0006873496693273124
2026-02-13,14180.7001953125,1.4117548702178912e-05,0.02808365239639178,1.4117548702178912e-05,-0.0006727599955536071,0.7640525400811282,857,-977.6293622141998,-0.7273445036602637,878,5177,5021,1.253151820065108,622,-693.615523465704,-0.3385523060891946,655,3379,3353,20.600000381469727,-0.010622954215521119,43.72809982299805,0.002106104956907668,120.14999999999999,0.000686877544255786
2026-02-17,14227.2998046875,-0.00784136546944413,0.011122106892422465,0.00784136546944413,-0.008526360981485688,1.0772258219342454,717,-1117.6293622141998,-0.4682302092713728,729,4167,4112,1.7998251748251757,563,-752.615523465704,-0.1034604165129973,578,2860,2804,20.290000915527344,-0.015162895353664012,43.722801208496094,0.0007360274585191088,120.48,0.0006849955120415581
2026-02-18,14259.900390625,0.0022887893471911706,-0.00784136546944413,0.0022887893471911706,0.0016042627328267636,1.026147319706903,905,-929.6293622141998,-0.5812332526095355,916,5186,5123,2.0230210853785,608,-707.615523465704,-0.5470084346026518,614,2893,2875,19.6200008392334,-0.03357870204821983,43.734500885009766,0.00026755173789727273,120.5625,0.000684526614364407
2026-02-19,13804.2001953125,-0.032478521898474964,0.0022887893471911706,0.032478521898474964,-0.0331625802566691,0.9884126407555396,910,-924.6293622141998,-0.9135374303536808,943,5506,5397,1.6798350824587711,502,-813.615523465704,-0.0693965936346008,527,2668,2655,20.229999542236328,0.030617131640092433,43.76399993896485,0.0006742756686099806,120.645,0.0006840583581941383
2026-02-20,13934.099609375,0.009366137404925852,-0.032478521898474964,0.009366137404925852,0.00868254666271069,-0.1907605524217079,950,-884.6293622141998,-2.3333738330457394,965,5141,4966,1.0279333569656153,553,-762.615523465704,-1.608733960248495,561,2821,2777,19.09000015258789,-0.05800198282095596,43.83829879760742,0.0016962768678328766,120.72749999999999,0.0006835907422151629
2026-02-23,14061.7001953125,0.009115758108654363,0.009366137404925852,0.009115758108654363,0.00843356638633106,0.34257776877089874,1589,-245.62936221419977,-1.1841754530481055,1636,9869,9590,1.4456868461670385,1105,-210.61552346570397,-1.0293112336876384,1146,5831,5711,21.01000022888184,0.09583388002012065,43.80820083618164,-0.0006868035285981622,120.975,0.0006821917223233039
2026-02-24,14050.7998046875,-0.0007754835871066961,0.009115758108654363,0.0007754835871066961,-0.0014572102411319044,0.24911543564794328,655,-1179.6293622141998,-1.581032757423981,662,4522,4228,1.3699262708575863,482,-833.615523465704,-1.3347936187175726,487,2577,2470,19.549999237060547,-0.07202327834451851,43.84659957885742,0.0008761355898420801,121.0575,0.0006817266540252081
2026-02-25,13809.900390625,-0.017293565208853695,-0.0007754835871066961,0.017293565208853695,-0.017974827428247353,0.1109655039506647,839,-995.6293622141998,-1.827801340026577,856,5189,5012,0.6441897233201576,480,-835.615523465704,-1.3817415953901022,491,2530,2466,17.93000030517578,-0.08649994276889614,43.85480117797852,0.00018703462143656387,121.14,0.0006812622193936592
2026-02-26,13878.5,0.0049551255232660905,-0.017293565208853695,0.0049551255232660905,0.004274327106130855,0.5103766182816788,862,-972.6293622141998,-0.8524195598544998,881,5098,4952,1.2916814159292032,544,-771.615523465704,-0.3297443057846977,556,2825,2719,18.6299991607666,0.038297834928636115,43.8650016784668,0.00023257007430681366,121.2225,0.0006807984171352356
2026-02-27,13717.7998046875,-0.011646634726289106,0.0049551255232660905,0.011646634726289106,-0.012326969972247838,0.294422849416934,1162,-672.6293622141998,-3.1183906922068445,1245,5917,5766,1.4583567236539936,873,-442.615523465704,-3.0298707779558294,937,3919,3865,19.86000061035156,0.06393454978365491,43.95539855957031,0.002058676862888248,121.30499999999999,0.0006803352459587306
2026-03-02,13346.400390625,-0.02744753052069272,-0.011646634726289106,0.02744753052069272,-0.028795686696977074,-0.20026784006122045,2910,1075.3706377858002,-3.2344148877887617,2984,15681,14929,0.6065183039241505,1456,140.38447653429603,-3.107035753008825,1495,7594,7080,21.440000534057617,0.07655067176227183,43.9486083984375,-0.0001544903669650063,121.63387096774193,0.0013481561762843542
2026-03-03,12933.400390625,-0.03143357203770256,-0.02744753052069272,0.03143357203770256,-0.03277991313564584,-0.2738909090909092,997,-837.6293622141998,-2.410022579847245,1009,5500,5343,-0.2827022114510754,622,-693.615523465704,-2.212965062673099,627,3301,3229,23.56999969482422,0.09471634288839889,43.96500015258789,0.0003729059609884689,121.79774193548387,0.001346341097943282
2026-03-04,12943.2001953125,0.0007574260091439232,-0.03143357203770256,0.0007574260091439232,-0.0005871048913174071,-0.6976120534445178,1663,-171.62936221419977,-2.646367584657678,1740,10553,10352,-0.3648298993770962,1060,-255.61552346570397,-2.1591912245962974,1091,6261,6130,21.149999618530277,-0.10833481654451038,43.948001861572266,-0.0003867071044785403,121.9616129032258,0.0013445309004613303
2026-03-05,13078.900390625,0.010429705701150236,0.0007574260091439232,0.010429705701150236,0.009086980136972116,-0.6083046136742631,1590,-244.62936221419977,-2.9015778062934805,1645,8995,8782,-1.23375596455351,1319,3.3844765342960272,-2.86348191990402,1370,7335,7053,23.75,0.115942643024757,43.93980026245117,-0.00018663793943386351,122.12548387096774,0.0013427255641781208
2026-03-06,12792.7998046875,-0.022117777104391858,0.010429705701150236,0.022117777104391858,-0.02345870217392914,-0.0297872340425532,1113,-721.6293622141998,-2.348107356571345,1154,6533,6472,0.1808672219500245,802,-513.615523465704,-2.5974144248885205,812,4082,4052,29.489999771118164,0.21646868458519744,44.03340148925781,0.002127949426940181,122.28935483870967,0.0013409250695372835
2026-03-09,12702.0,-0.007123036014935075,-0.022117777104391858,0.007123036014935075,-0.00845858845641916,0.18178170144462324,3044,1209.3706377858002,-2.3467071443913134,3226,19936,18513,-0.6438361819833206,2119,803.384476534296,-2.52965065098248,2200,12111,11785,25.5,-0.1453727629014671,44.08309173583984,0.0011278308981785296,122.78096774193548,0.001335552441484086
2026-03-10,13175.7001953125,0.03661477738872684,-0.007123036014935075,0.03661477738872684,0.035281006268782944,0.0784644913627635,1409,-425.6293622141998,-1.862247383619121,1442,7815,7735,-0.51624109779399,1075,-240.61552346570397,-1.9368981371250367,1107,5757,5699,24.93000030517578,-0.022606542387607058,44.07979965209961,-7.46818460677141e-05,122.94483870967741,0.0013337711199438943
2026-03-11,13200.400390625,0.0018729229858966735,0.03661477738872684,0.0018729229858966735,0.0005409284420700479,0.5832411886662063,991,-843.6293622141998,-1.6509444408606004,1011,5788,5639,0.5781224489795921,659,-656.615523465704,-1.6214927040593703,680,3675,3602,24.229999542236328,-0.02848039384077295,44.0884017944336,0.00019513026737877825,123.10870967741936,0.0013319945438266256
2026-03-12,13286.099609375,0.006471184778144235,0.0018729229858966735,0.006471184778144235,0.005140962083950004,0.49792455938066194,1007,-827.6293622141998,-1.8905764310671336,1027,6071,5925,0.4693391115926325,686,-629.615523465704,-1.761688215420581,696,3692,3612,27.290000915527344,0.11892885233233508,44.0984001159668,0.00022675324106190544,123.27258064516128,0.0013302226941942314
2026-03-13,13092.900390625,-0.014648218151213224,0.006471184778144235,0.014648218151213224,-0.01597667370342347,-0.2273148148148147,1145,-689.6293622141998,-2.057303797259807,1158,7128,7018,-0.7278407827440505,785,-530.615523465704,-2.013894693443656,799,4497,4447,27.190000534057617,-0.0036710899822637658,44.18539810180664,0.001970871570025023,123.43645161290323,0.0013284555522102444
2026-03-16,12956.7001953125,-0.010457084437219653,-0.014648218151213224,0.010457084437219653,-0.01178026662249554,-0.15665848055137446,2115,280.3706377858002,-1.7598184748063828,2169,12623,12187,-0.3149899261249162,1363,47.38447653429603,-1.90026415130292,1388,7445,7186,23.51000022888184,-0.14542340599858353,44.17097091674805,-0.00032656808664880104,123.92806451612903,0.0013231821852758877
2026-03-17,13217.599609375,0.019936201327586993,-0.010457084437219653,0.019936201327586993,0.018614767640080118,0.4565983012222911,775,-1059.6293622141998,-1.4847620204814698,792,4827,4761,1.3490874159462058,570,-745.615523465704,-1.7961401197632976,588,3123,3079,22.3700008392334,-0.049705059269429176,44.18349838256836,0.0002835728855281923,124.09193548387097,0.0013214336875068745
2026-03-18,13115.099609375,-0.007785036910274105,0.019936201327586993,0.007785036910274105,-0.009104726714962354,0.6071358748778104,1112,-722.6293622141998,-1.9321519848267452,1131,6138,6017,1.527704609595486,818,-497.615523465704,-1.9947963909176891,837,4252,4197,25.09000015258789,0.11474855344189373,44.21540069580078,0.0007217808128842143,124.2558064516129,0.0013196898046882483
2026-03-19,13047.7001953125,-0.00515232036835528,-0.007785036910274105,0.00515232036835528,-0.006470270886929056,0.7728027541514794,882,-952.6293622141998,-2.108984864467062,900,4938,4753,1.011163304780327,703,-612.615523465704,-1.8452684015599987,716,3619,3476,24.059999465942383,-0.041918678110328615,44.31900024414063,0.002340324089292557,124.41967741935484,0.0013179505185737768
2026-03-23,13168.2001953125,0.009192958992788778,-0.00515232036835528,0.009192958992788778,0.007881920013222146,0.2488267414403779,2378,543.3706377858002,-2.2469372005456316,2435,13552,13299,0.8012739626304294,1602,286.384476534296,-2.2030809279326142,1642,8242,8154,26.149999618530277,-0.023806189980082198,44.29280090332031,-0.0002460275540018737,125.07516129032258,0.0013110389795666314
2026-03-24,12930.2001953125,-0.018239171313484584,0.009192958992788778,0.018239171313484584,-0.019548493720093683,0.5379852677682659,912,-922.6293622141998,-2.053124802741036,948,5023,4866,1.3133531157270038,668,-647.615523465704,-1.69026060580692,699,3370,3322,26.950000762939453,0.030134149741267952,44.338600158691406,0.00103347704986557,125.23903225806451,0.0013093224066090996
2026-03-25,12963.900390625,0.0026029260393001055,-0.018239171313484584,0.0026029260393001055,0.00129531571642995,0.9176622482354962,1034,-800.6293622141998,-1.8691954276580904,1085,5809,5673,2.052103746397695,713,-602.615523465704,-1.669563048565881,721,3470,3427,25.32999992370605,-0.06199386466286312,44.339298248291016,1.574438754548196e-05,125.40290322580645,0.0013076103228701554
2026-03-26,12727.099609375,-0.01843505411479134,0.0026029260393001055,0.01843505411479134,-0.0197409568255531,-0.3095189355168885,1024,-810.6293622141998,-2.381748871889246,1059,5862,5636,0.782697022767075,596,-719.615523465704,-1.779909621013745,599,2855,2824,27.440000534057617,0.08001236131884105,44.35459899902344,0.0003450237583211779,125.56677419354838,0.001305902710761759
2026-03-27,12698.2001953125,-0.0022732810806596676,-0.01843505411479134,0.0022732810806596676,-0.0035774806334484942,0.8766024915062288,761,-1073.6293622141998,-1.5336777454438253,777,4415,4307,1.1825037147102528,516,-799.615523465704,-1.568672161864047,547,2692,2637,31.049999237060547,0.12359696148774316,44.45555114746094,0.0022734381543572215,125.73064516129033,0.0013041995527888267
2026-03-30,12626.400390625,-0.005670375477495665,-0.0022732810806596676,0.005670375477495665,-0.006969492107582781,0.9838696121983438,3258,1423.3706377858002,-2.596884172389818,3526,16658,16272,1.5031756113051766,2702,1386.384476534296,-2.7527525198270406,2944,12596,12269,30.61000061035156,-0.014272010911234388,44.4452018737793,-0.00023282758304460615,126.22225806451613,0.0012991166300871167
2026-03-31,12791.0,0.012951907577523129,-0.005670375477495665,0.012951907577523129,0.011654476462011286,0.8261451460885957,958,-876.6293622141998,-2.385508521542806,1026,5305,5118,0.42960725075528705,688,-627.615523465704,-2.2037167246639355,710,3310,3187,25.25,-0.19250061717556527,44.473899841308594,0.0006454848951954902,126.38612903225807,0.0012974311155118435
2026-04-01,12937.900390625,0.011419219997083006,0.012951907577523129,0.011419219997083006,0.010123470028134338,0.9630551034643107,737,-1097.6293622141998,-2.26694603722949,748,4301,4220,2.259538567493113,519,-796.615523465704,-1.5986253976054712,526,2904,2862,24.540000915527344,-0.02852167913105148,44.45489883422852,-0.00042733080064534274,126.55,0.0012957499689486692
2026-04-02,13051.7001953125,0.008757389833957449,0.011419219997083006,0.008757389833957449,0.008185974037064067,0.800563512561634,765,-1069.6293622141998,-1.518821451454056,790,4259,4146,1.240018315018315,471,-844.615523465704,-1.2137655488553136,483,2184,2152,23.8700008392334,-0.02768200108107911,44.48640060424805,0.0007083721856028748,126.62233333333333,0.0005714157968933819
2026-04-06,13112.2998046875,0.013505632637139412,-0.00887333499625287,0.013505632637139412,0.01293551992591838,1.5117022823084756,2724,889.3706377858002,-1.5366059826746141,2814,13758,13356,1.7750758985407897,2261,945.384476534296,-1.6880581736351898,2363,10211,9982,24.170000076293945,0.012489722362708747,44.58409881591797,0.0006348991910711115,126.91166666666666,0.0005701127112210331
2026-04-07,12921.599609375,-0.01465040662324659,0.013505632637139412,0.01465040662324659,-0.01522019449115261,-1.6093431038995023,1307,-527.6293622141998,-3.9371579833682975,1467,7642,7393,-0.5003739421373743,1000,-315.615523465704,-4.146153421847671,1094,5081,5007,25.780000686645508,0.06448682627390803,44.605098724365234,0.0004709070025177488,126.984,0.0005697878679060194
2026-04-08,13536.7998046875,0.046511588878080844,-0.01465040662324659,0.046511588878080844,0.04594212548351703,-0.1100536193029493,1260,-574.6293622141998,-2.479574039990509,1306,6714,6577,0.7433422698838243,728,-587.615523465704,-2.428041388733177,784,3357,3306,21.040000915527344,-0.2031735927626899,44.567901611328125,-0.0008342685578488006,127.05633333333333,0.0005694633945638091
2026-04-09,13689.0,0.011180702269357617,0.046511588878080844,0.011180702269357617,0.010611562978794878,0.0336795252225518,929,-905.6293622141998,-2.180609057423286,934,5392,5308,1.1410023545240504,567,-748.615523465704,-1.5521641239640596,569,2973,2940,19.489999771118164,-0.0765239296072482,44.48469924926758,-0.0018686121565540785,127.12866666666666,0.0005691392905627392
2026-04-10,14073.7998046875,0.02772230835116455,0.011180702269357617,0.02772230835116455,0.027153492795892072,0.4397722651484347,883,-951.6293622141998,-1.7810639072228711,896,4918,4809,1.4030169491525433,602,-713.615523465704,-1.1342795109743655,605,2950,2916,19.229999542236328,-0.013429965979892022,44.63809967041016,0.0034424541080670733,127.201,0.000568815555272477
2026-04-13,14058.5,-0.0010877039063392224,0.02772230835116455,0.0010877039063392224,-0.0016555504617243822,-0.14483139449271096,2468,633.3706377858002,-3.034015679295692,2543,13582,13157,0.7475942104576866,1544,228.38447653429603,-2.538588618273529,1628,7669,7545,19.1200008392334,-0.00573658427981057,44.69960021972656,0.0013768108896269448,127.41799999999999,0.00056784655538516
2026-04-14,14202.2001953125,0.010169700878402585,-0.0010877039063392224,0.010169700878402585,0.009602176589738515,-0.525953666608605,1027,-807.6293622141998,-2.352560090979272,1056,5741,5677,-0.2957957244655582,801,-514.615523465704,-2.647508797467076,813,4210,4091,18.36000061035156,-0.04056053308032157,44.70299911499024,7.603571463482826e-05,127.49033333333333,0.0005675242886640695
2026-04-15,14252.400390625,0.003528445057119133,0.010169700878402585,0.003528445057119133,0.0029612426695950584,-0.7239634056367128,1347,-487.6293622141998,-2.995966290743154,1381,6777,6670,-0.4121818577333044,945,-370.615523465704,-2.831186275974753,978,4597,4522,18.170000076293945,-0.010402531828916695,44.7317008972168,0.0006418489290620211,127.56266666666666,0.0005672023875240744
2026-04-16,14201.099609375,-0.0036059421046889446,0.003528445057119133,0.0036059421046889446,-0.00417282295603199,0.1216982585914625,1233,-601.6293622141998,-2.3512099094199974,1246,6489,6331,0.3898275186201487,997,-318.615523465704,-1.8306392342933424,1019,5102,5028,17.940000534057617,-0.012739000207228512,44.72779846191406,-8.724473830432872e-05,127.63499999999999,0.0005668808513430457
2026-04-17,14587.900390625,0.026873045861960782,-0.0036059421046889446,0.026873045861960782,0.02630648618245971,1.4337934496172633,1545,-289.6293622141998,-0.6216164754963133,1589,7969,7875,1.736485602094241,1270,-45.61552346570397,-0.4501956617306695,1305,6112,6060,17.479999542236328,-0.025975542360211608,44.8484992980957,0.002694929624254456,127.70733333333334,0.0005665596795010723
2026-04-20,14484.900390625,-0.007085690279248353,0.026873045861960782,0.007085690279248353,-0.007651288623074464,1.141348487539218,3081,1246.3706377858002,-0.769737796196629,3212,16893,16348,1.9548619746331761,2385,1069.384476534296,-0.5553715438320052,2500,12063,11672,18.8700008392334,0.07651605981539987,44.85419845581055,0.0001270676995278009,127.92433333333334,0.0005655983438261114
2026-04-21,14375.400390625,-0.007588314915356731,-0.007085690279248353,0.007588314915356731,-0.008153593538521258,0.49410892138164864,805,-1029.6293622141998,-1.5421084431342165,821,4719,4670,1.6181996086105683,498,-817.615523465704,-1.1741884852711886,506,2555,2522,19.5,0.03284106171476542,44.885501861572266,0.0006976490209050682,127.99666666666667,0.0005652786231645261
2026-04-22,14335.5,-0.002779461164181833,-0.007588314915356731,0.002779461164181833,-0.003344420427943119,0.7772010512483576,1035,-799.6293622141998,-0.6338175485703712,1113,6088,5919,2.043624772313297,813,-502.615523465704,-0.5075018045954018,881,4392,4325,18.920000076293945,-0.030194897913519363,44.9192008972168,0.0007504960473346051,128.069,0.0005649592637612859
2026-04-24,14409.099609375,0.005120945931780507,-0.002779461164181833,0.005120945931780507,0.004556624305497274,0.377447216890595,1741,-93.62936221419977,-1.1861441912726025,1800,10420,10147,0.7894448669201523,1240,-75.61552346570397,-1.2681811078483092,1305,6575,6379,18.709999084472656,-0.03156497742989099,44.97579956054688,0.0012391755675777805,128.21366666666665,0.0005643216262832331
2026-04-27,14594.0,0.012750561019440809,0.005120945931780507,0.012750561019440809,0.012187193155190615,0.3646262188515709,1884,49.37063778580023,-1.1830389578811566,1921,11076,10684,1.1556440496247513,1309,-6.615523465703973,-0.9335871844318081,1329,6529,6365,18.020000457763672,-0.03757581377020173,45.01279830932617,0.0008222986409366652,128.43066666666667,0.0005633678642501937
2026-04-28,14329.2998046875,-0.018304106896201912,0.012750561019440809,0.018304106896201912,-0.018867157555795874,0.5936359489051094,766,-1068.6293622141998,-1.3098870776118263,780,4384,4251,1.6814976228209197,488,-827.615523465704,-1.133757919907623,495,2524,2449,17.829999923706055,-0.010599849987196923,45.02980041503906,0.00037764582888154616,128.503,0.0005630506595939632
2026-04-29,14311.2001953125,-0.0012639173048298894,-0.018304106896201912,0.0012639173048298894,-0.0018266511167717324,0.8422247706422015,751,-1083.6293622141998,-1.1087387570774707,769,4360,4306,1.5679823176507737,588,-727.615523465704,-0.55915609789685,613,3167,3123,18.809999465942383,0.05350618732463676,45.060691833496094,0.0006857864553010152,128.57533333333333,0.000562733811941843
2026-04-30,14442.599609375,0.009139684469194128,-0.0012639173048298894,0.009139684469194128,0.008577267148503577,0.2508099241336886,839,-995.6293622141998,-1.8385461058942736,865,4877,4793,0.5603268428372742,567,-748.615523465704,-1.8535007777096026,594,2876,2863,16.889999389648438,-0.10766692023787255,45.16600036621094,0.0023343110107742174,128.64766666666665,0.0005624173206905508
2026-05-04,14369.599609375,-0.005067308861167647,0.009139684469194128,0.005067308861167647,-0.00538532603927934,0.3899686748743353,2327,492.3706377858002,-1.3830477232561746,2357,13727,13474,1.2139706705474091,1703,387.384476534296,-1.3502623918705687,1736,8933,8679,18.290000915527344,0.0737295902466641,45.18529891967773,0.0009808900396942296,128.84290322580645,0.000318017178111693
2026-05-05,14495.7998046875,0.008744102071799483,-0.005067308861167647,0.008744102071799483,0.008426185996461805,0.6282274382840958,824,-1010.6293622141998,-1.0338992243134602,840,4942,4724,2.2818218298555384,510,-805.615523465704,-0.9048000570053994,513,2492,2464,17.3799991607666,-0.051034440909005135,45.21440124511719,0.0006438589152792894,128.88387096774193,0.000317916075337679
2026-05-06,14917.400390625,0.028669404219156324,0.008744102071799483,0.028669404219156324,0.02835158918232852,1.087795365909613,713,-1121.6293622141998,0.0102327457382623,719,4359,4273,2.325495750708217,453,-862.615523465704,0.5501106887775681,458,2471,2421,17.389999389648438,0.0005752217184062609,45.22959899902344,0.000336069921902386,128.92483870967743,0.00031781503682780425
2026-05-07,15040.2998046875,0.008204909103946046,0.028669404219156324,0.008204909103946046,0.007887195041425666,0.9700673724735326,899,-935.6293622141998,-0.7342220015920202,923,5195,5026,1.6001904761904768,620,-695.615523465704,-0.3857065612862395,630,3150,3108,17.079999923706055,-0.017987109374778668,45.22790145874024,-3.753232788447106e-05,128.9658064516129,0.0003177140625203796
2026-05-08,15062.7001953125,0.0014882499923283728,0.008204909103946046,0.0014882499923283728,0.0011706368399737694,0.4297591743119263,883,-951.6293622141998,-0.8030258768086698,892,5232,5007,1.5033857729138178,561,-754.615523465704,-0.6728181447118777,573,2924,2809,17.190000534057617,0.006419666569116356,45.223751068115234,-9.177036597945529e-05,129.00677419354838,0.00031761315235460344
2026-05-11,15133.5,0.004689327396753433,0.0014882499923283728,0.004689327396753433,0.004372016590657612,0.8403426645445183,1879,44.37063778580023,-1.0276007451142823,1909,10681,10435,1.5121508600284053,1199,-116.61552346570397,-0.7223113641224942,1216,6337,6291,18.3799991607666,0.06693522080471703,45.352500915527344,0.0028429070823037536,129.12967741935483,0.0003173108060958219
2026-05-12,14779.900390625,-0.023642653507629598,0.004689327396753433,0.023642653507629598,-0.02395986365951578,0.43844189016602797,822,-1012.6293622141998,-0.9928543457384877,835,4698,4591,1.735302390998594,584,-731.615523465704,-0.5302925248224067,599,2844,2813,17.989999771118164,-0.021447036027682647,45.38529968261719,0.0007229350568806551,129.17064516129034,0.0003172101518861831
2026-05-13,14598.5,-0.012349392316600804,-0.023642653507629598,0.012349392316600804,-0.012666501878113657,0.2684562545191612,898,-936.6293622141998,-1.220413288071443,909,5532,5353,1.816133004926109,631,-684.615523465704,-0.6551877365405221,639,3248,3228,17.8700008392334,-0.006692659105123569,45.40019989013672,0.00032825082691482837,129.2116129032258,0.00031710956151285324
2026-05-14,14644.7001953125,0.00315972488933878,-0.012349392316600804,0.00315972488933878,0.0028427158544228615,1.0871694599627568,935,-899.6293622141998,-0.13943431254207,951,5370,5231,2.3374094707520885,709,-606.615523465704,0.2835032520183657,714,3590,3499,17.260000228881836,-0.03473167721848573,45.43050003051758,0.0006671784216410665,129.2525806451613,0.0003170090349159185
2026-05-15,14367.599609375,-0.019102864258763036,0.00315972488933878,0.019102864258763036,-0.019419772830797835,1.0384028185554903,815,-1019.6293622141998,-0.6794679248275929,842,5109,5011,1.9833926837164133,546,-769.615523465704,-0.1678328657456915,557,3089,3059,18.43000030517578,0.0655880893242676,45.54199981689453,0.002451286760189835,129.2935483870968,0.00031690857203479916
2026-05-18,14029.5,-0.023813388780173604,-0.019102864258763036,0.023813388780173604,-0.0241299963452517,0.3862098947917571,1896,61.37063778580023,-1.4749283064099066,1935,11501,11209,1.1075483091787437,1251,-64.61552346570397,-0.9187912102836282,1278,6624,6535,17.81999969482422,-0.03365838332317586,45.49235916137695,-0.0010905917500798133,129.41645161290322,0.00031660756507809407
2026-05-20,14012.0,-0.0012481502253379048,-0.023813388780173604,0.0012481502253379048,-0.0015645574365809375,0.40286309213951066,2044,209.37063778580023,-1.4004709626501026,2085,11526,11377,1.0941670349094121,1300,-15.615523465703973,-1.0014236266737757,1323,6789,6741,17.440000534057617,-0.03493306931413941,45.58430099487305,0.0002545168063251539,129.4983870967742,0.0003164072112430328
2026-05-21,13163.900390625,-0.06243584108427941,-0.0012481502253379048,0.06243584108427941,-0.0627521482136647,0.7122115522430846,1224,-610.6293622141998,-1.3262068963480456,1266,6977,6847,1.9542936288088653,801,-514.615523465704,-1.2216757932258069,818,3971,3908,16.760000228881836,-0.03977134039303183,45.59130096435547,0.00015354918082823263,129.53935483870967,0.0003163071293852954
2026-05-22,13808.2001953125,0.04778436848678315,-0.06243584108427941,0.04778436848678315,0.04746816137596184,0.8718732234224005,1210,-624.6293622141998,-1.111077899859202,1248,7036,6851,1.7622557726465378,852,-463.615523465704,-1.387641703702384,888,4504,4452,16.700000762939453,-0.003586343602665399,45.71379852294922,0.0026832593749725833,129.58032258064517,0.00031620711082131197
2026-05-25,13890.900390625,0.0059713448667571035,0.04778436848678315,0.0059713448667571035,0.005655437432469686,0.3034152372121773,2469,634.3706377858002,-1.7430284000336338,2595,12942,12725,1.1113375497774653,1819,503.384476534296,-1.3068086342764655,1959,8538,8429,16.59000015258789,-0.006608651707770179,45.72740173339844,0.0002975291337261205,129.70322580645163,0.0003159074342874172
2026-05-26,13662.7998046875,-0.0165571807241208,0.0059713448667571035,0.0165571807241208,-0.016872988392417,1.4145311236863385,1033,-801.6293622141998,-0.8626463780368306,1043,4948,4862,2.11968253968254,882,-433.615523465704,-1.0100346446312505,929,3780,3719,17.010000228881836,0.02500130646355711,45.897499084472656,0.003712910900098025,129.7441935483871,0.0003158076682962008
2026-06-01,13704.0,0.003010964141438303,-0.0165571807241208,0.003010964141438303,0.0026957537483027843,0.3177728263961315,3783,1948.3706377858002,-1.2816878444770055,3877,21094,20744,0.7915373215817801,2534,1218.384476534296,-1.5211127070208583,2634,12821,12640,16.049999237060547,0.046549657648500324,45.89770126342773,0.00012858413220526762,129.99,0.00031521039313551856
2026-06-02,14200.2001953125,0.03556830174746037,0.003010964141438303,0.03556830174746037,0.03497356108299529,0.6257465318598635,728,-1106.6293622141998,-0.9892462445221132,734,4253,4205,1.6539452495974245,480,-835.615523465704,-0.5926548992306195,483,2484,2420,15.770000457763672,-0.017599372038408955,45.92539978027344,0.0006033017262760139,130.06733333333335,0.0005947406644650742
2026-06-03,13965.7001953125,-0.016651725329931054,0.03556830174746037,0.016651725329931054,-0.017246112488172108,0.9097608780870244,905,-929.6293622141998,-0.2883738238135702,915,5102,5057,1.8524533080088637,617,-698.615523465704,0.2057935117324643,626,3159,3048,16.059999465942383,0.018222245262269628,45.945098876953125,0.0004288448907866565,130.14466666666667,0.0005943871582410534
2026-06-04,13872.2998046875,-0.006710305416745731,-0.016651725329931054,0.006710305416745731,-0.007304339488752571,1.3447716119290298,874,-960.6293622141998,-0.7484187256755634,893,5298,5149,2.206785283474067,607,-708.615523465704,-0.6544005657136072,618,3316,3246,15.399999618530272,-0.041964190615894514,45.97380065917969,0.000624502323335386,130.222,0.0005940340720068395
2026-06-05,13694.2001953125,-0.012921632231488955,-0.006710305416745731,0.012921632231488955,-0.013515313636503098,0.4725307417691391,833,-1001.6293622141998,-0.7692492875002851,855,5042,4998,1.3564811729423525,555,-760.615523465704,-0.9554946886494977,578,3001,2962,21.51000022888184,0.3341504692715348,46.06439971923828,0.001968727961840934,130.29933333333335,0.0005936814050141433
2026-06-08,13860.599609375,0.012077854894544434,-0.012921632231488955,0.012077854894544434,0.011485228982513558,0.9215840251290115,2360,525.3706377858002,-1.1615358741940507,2503,13371,13190,1.7301602838614953,1594,278.384476534296,-0.38444037108132806,1613,8173,8085,18.920000076293945,-0.1282983862641746,46.09109878540039,0.0005794351360982719,130.53133333333335,0.0005926259120308751
2026-06-09,13741.900390625,-0.008600666638556097,0.012077854894544434,0.008600666638556097,-0.009192941553114928,0.7701741784880595,1000,-834.6293622141998,-0.6180668319336122,1024,5569,5473,1.858888527786806,619,-696.615523465704,0.0794624089413288,625,3077,3061,19.8700008392334,0.048991531143748074,46.10660171508789,0.0003362975377792492,130.60866666666666,0.0005922749145588324
2026-06-10,13744.599609375,0.00019640323494631858,-0.008600666638556097,0.00019640323494631858,-0.00039552109766914737,0.2651808494672069,1262,-572.6293622141998,-1.6076748938204966,1313,6663,6576,1.1857215836526185,773,-542.615523465704,-1.6079910980671062,789,3915,3865,22.21999931335449,0.11178165450941539,46.119998931884766,0.00029052825968057036,130.686,0.000591924332615466
2026-06-11,13743.5,-8.000621295855208e-05,0.00019640323494631858,8.000621295855208e-05,-0.0006715803784205718,0.7424843078956063,1110,-724.6293622141998,-1.4795815325074846,1141,6054,5930,0.9884933960152232,656,-659.615523465704,-1.025948232159999,671,4467,3346,19.440000534057617,-0.13365992680495292,46.1509017944336,0.00066982902434056,130.76333333333335,0.0005915741654620196
2026-06-12,13938.5,0.014088810456343914,-8.000621295855208e-05,0.014088810456343914,0.013497586043980627,1.268516542155817,874,-960.6293622141998,-0.4775483246372859,883,4685,4603,1.7011271133375083,644,-671.615523465704,-0.11494666303003051,650,3194,3152,17.68000030517578,-0.09489875203382146,46.24079895019531,0.0019460012838086985,130.84066666666666,0.0005912244123632865
2026-06-15,14446.400390625,0.03579048008525218,0.014088810456343914,0.03579048008525218,0.03520030245518694,1.043896593049136,2101,266.3706377858002,0.3583824642453013,2120,11682,11453,1.6390476190476195,1489,173.38447653429603,0.1840425698442011,1517,7770,7687,16.200000762939453,-0.08742278513720557,46.26443862915039,0.0005110992650421697,131.07266666666666,0.0005901776300652418
2026-06-16,14493.099609375,0.00322737153611015,0.03579048008525218,0.00322737153611015,0.002637542010246488,0.7510207673354453,979,-855.6293622141998,-0.8630687200556006,994,5682,5586,1.6092033362093758,658,-657.615523465704,-0.6151088841132719,669,3477,3415,16.40999984741211,0.012879606470164437,46.284400939941406,0.00043138976552344494,131.15,0.0005898295258636622
2026-06-17,14421.2001953125,-0.0049732874558484665,0.00322737153611015,0.0049732874558484665,-0.005562769287912505,1.0248718474472016,817,-1017.6293622141998,-0.4457544789051293,829,4877,4769,1.3540507490064206,627,-688.615523465704,-0.8287896243213542,634,3271,3231,18.440000534057617,0.11663135128682758,46.30540084838867,0.00045361170240656935,131.22733333333335,0.0005894818320640385
2026-06-18,14827.400390625,0.027777487136604755,-0.0049732874558484665,0.027777487136604755,0.027188352588663613,1.3096674541159372,938,-896.6293622141998,-0.5319289821458566,955,5503,5411,1.8752282768777613,670,-645.615523465704,-0.43367628582365,683,3395,3323,16.399999618530273,-0.11724093552055395,46.44004821777344,0.002903591827734153,131.30466666666666,0.0005891345479411406
2026-06-22,14729.7001953125,-0.00032580587276357937,-0.006285164026655395,0.00032580587276357937,-0.0009135553665356482,0.9265353718579945,2029,194.37063778580023,-0.29803753955863405,2068,11577,11372,1.3874142517149657,1406,90.38447653429603,-0.19745891945010968,1433,7143,7059,17.280000686645508,0.05226849154253543,46.45209884643555,0.0006935888901299573,131.614,0.0005877494937720688
2026-06-23,14539.599609375,-0.012989942383827108,-0.00032580587276357937,0.012989942383827108,-0.013577346631040432,0.3779495674581263,931,-903.6293622141998,-1.4156812433504544,958,5433,5324,1.2180093483640375,689,-626.615523465704,-0.7917884335287132,719,3637,3621,19.489999771118164,0.12035169866357834,46.46657180786133,0.00031151891091240166,131.69133333333335,0.0005874042472133247
2026-06-24,14331.2001953125,-0.014436942177030598,-0.012989942383827108,0.014436942177030598,-0.015024001583045333,0.8428072111846948,966,-868.6293622141998,-0.5468551400466813,980,5436,5354,1.3992430613961315,699,-616.615523465704,-0.4886805822809352,756,3567,3541,18.6299991607666,-0.045128362209838936,46.47090148925781,9.317407168535248e-05,131.76866666666666,0.0005870594060147348
2026-06-25,14259.7998046875,-0.0049946164216432085,-0.014436942177030598,0.0049946164216432085,-0.005581331391106694,0.9591702337833383,978,-856.6293622141998,-0.4835280145719757,989,6074,5641,1.914342278926529,801,-514.615523465704,-0.3394709030904134,821,4546,4194,18.88999938964844,0.013859509636510794,46.50558853149414,0.0007461465546370999,131.846,0.0005867149694634855
2026-06-26,14274.0,0.0009953246032431045,-0.0049946164216432085,0.0009953246032431045,0.0004089536663956765,0.796192668673632,971,-863.6293622141998,-0.7788786282619609,993,5647,5471,1.6072386058981245,727,-588.615523465704,-0.8907123965961552,740,3730,3705,18.40999984741211,-0.0257386622459179,46.57929992675781,0.0015837460170338334,131.92333333333335,0.000586370936847428
2026-06-29,14183.2001953125,-0.006381521176148515,0.0009953246032431045,0.006381521176148515,-0.006966862431665368,0.7297686096220399,2409,574.3706377858002,-1.401120257281213,2472,14737,13826,1.4968310855418276,1534,218.38447653429603,-0.9210166847537615,1561,10603,8380,17.649999618530273,-0.042158225190380955,46.6161994934082,0.0007918744748013286,132.15533333333335,0.0005853412555168533
2026-06-30,14121.7998046875,-0.004338490509382859,-0.006381521176148515,0.004338490509382859,-0.0049234893409390735,0.2801933186365947,1049,-785.6293622141998,-1.4247895390791545,1060,5897,5801,0.4135128205128203,759,-556.615523465704,-1.4507710158944191,765,3900,3885,16.450000762939453,-0.07041023817561196,46.64070129394531,0.0005254689120918211,132.23266666666666,0.000584998831556214
2026-07-01,14350.599609375,0.016072037094768232,-0.004338490509382859,0.016072037094768232,0.015487380286770939,0.4767023172905523,1008,-826.6293622141998,-1.2183023249777982,1039,5610,5520,1.7682742591516565,646,-669.615523465704,-0.4670708831354394,665,3442,3374,16.59000015258789,0.008474589809257527,46.65470123291016,0.0003001206638431744,132.31,0.0005846568079972943
2026-07-02,14455.0,0.007248649510196787,0.016072037094768232,0.007248649510196787,0.007248649510196787,0.3605039034776433,988,-846.6293622141998,-0.5754195922456405,1018,5636,5438,3.725124282982785,625,-690.615523465704,-0.5852546412295974,638,5230,3240,16.149999618530273,-0.026880087351686656,46.67720031738281,0.00048213064417955567,132.31,0.0
2026-07-06,14424.5,0.0004576324716943094,-0.002569858191643542,0.0004576324716943094,0.0004576324716943094,0.8468126543796317,4161,2326.3706377858,-0.6624620936399215,4267,21052,20712,1.5223083548664933,3199,1883.384476534296,-0.6152136750946993,3298,15093,14864,15.56999969482422,-0.03657405980258476,46.80759811401367,0.0017983075342614357,132.31,0.0
2026-07-07,14497.400390625,0.005041200199805391,0.0004576324716943094,0.005041200199805391,0.005041200199805391,1.5505890131025313,3635,1800.3706377858002,-0.4315273847926737,3868,16638,16375,1.9393960098387528,3290,1974.384476534296,-0.4701780409241487,3399,14636,14411,16.1299991607666,0.03533487386210309,46.81850051879883,0.00023289243050033095,132.31,0.0
2026-07-08,14190.0,-0.021431858776214174,0.005041200199805391,0.021431858776214174,-0.021431858776214174,1.445746517785195,3862,2027.3706377858002,-0.9096782749936544,4107,17374,16944,1.8217992372650464,3331,2015.384476534296,-0.9693517720908024,3467,14684,14393,16.899999618530273,0.0466327592490871,46.851898193359375,0.0007130892242360015,132.31,0.0
2026-07-09,14105.400390625,-0.005979760688762537,-0.021431858776214174,0.005979760688762537,-0.005979760688762537,1.845839463789434,2601,766.3706377858002,-0.5904154023971725,2716,12234,12034,1.7970544918998488,2168,852.384476534296,-0.769720866285497,2232,9506,9450,15.84000015258789,-0.06477520333750074,46.86809921264648,0.00034573239216588534,132.31,0.0
2026-07-10,14321.2001953125,0.015183240059060353,-0.005979760688762537,0.015183240059060353,0.015183240059060353,1.470271434726411,1861,26.370637785800227,-0.897693410156093,1906,9284,9148,1.6294958726415103,1468,152.38447653429603,-0.8659720351591275,1510,6784,6679,15.029999732971191,-0.05249021002085846,46.94770050048828,0.0016969701732027654,132.31,0.0
2026-07-13,14092.0,-0.01613371006325779,0.015183240059060353,0.01613371006325779,-0.01613371006325779,0.8095916429249765,2922,1087.3706377858002,-1.1035681211643729,3003,15795,15468,1.2373584199194982,2196,880.384476534296,-1.1614924895570986,2251,10683,10543,17.15999984741211,0.13253289916925284,46.98654174804688,0.0008269880895932961,132.31,0.0
2026-07-14,14080.0,-0.0008519097490948067,-0.01613371006325779,0.0008519097490948067,-0.0008519097490948067,0.6211876953446291,1119,-715.6293622141998,-1.1684197829248475,1150,6079,5955,1.3626789366053176,830,-485.615523465704,-0.9986981184858738,842,3912,3834,16.5,-0.039220704261213025,47.02259826660156,0.0007670854199302357,132.31,0.0
2026-07-16,14251.2998046875,0.012092766189021071,-0.0008519097490948067,0.012092766189021071,0.012092766189021071,0.9639221073044604,2220,385.3706377858002,-1.276725971954341,2281,12376,12174,1.5719973632168764,1513,197.38447653429603,-0.5988350677199129,1553,7585,7482,16.729999542236328,0.06545542640016719,47.036598205566406,0.00022962221568875594,132.31,0.0
2026-07-17,13981.099609375,-0.019141727314119557,0.012092766189021071,0.019141727314119557,-0.019141727314119557,1.008164642375169,786,-1048.6293622141998,-1.037325104301617,798,4446,4354,1.1080310077519382,611,-704.615523465704,-0.9497418179110908,625,3225,3147,18.770000457763672,0.11505638734957888,47.10210037231445,0.0013916100032910646,132.31,0.0
2026-07-20,14071.0,0.006409552201320688,-0.019141727314119557,0.006409552201320688,0.006409552201320688,0.5264790642481775,2059,224.37063778580023,-1.181424059301603,2083,11798,11585,0.4954158316633265,1526,210.38447653429603,-1.186083290039606,1546,7984,7864,18.649999618530277,-0.006413749350782079,47.14113998413086,0.0008284862426586323,132.31,0.0
2026-07-21,13974.099609375,-0.006910353507834551,0.006409552201320688,0.006910353507834551,-0.006910353507834551,0.3457463884430177,751,-1083.6293622141998,-1.360800999000359,766,4361,4265,1.164669488765874,561,-754.615523465704,-0.6822842462120979,580,3071,3007,17.049999237060547,-0.08969596665334091,47.18059921264648,0.0008366943008816855,132.31,0.0
2026-07-22,14138.900390625,0.011724303278115987,-0.006910353507834551,0.011724303278115987,0.011724303278115987,0.3637977296181628,841,-993.6293622141998,-1.2964631448750998,865,4845,4784,1.1958748710897222,589,-726.615523465704,-0.8650172775409531,606,2909,2873,16.639999389648438,-0.024340760269062327,47.19770050048828,0.00036239873108429444,132.31,0.0
2026-07-23,14077.7001953125,-0.004337892588774018,0.011724303278115987,0.004337892588774018,-0.004337892588774018,0.9111493264545714,576,-1258.6293622141998,-0.8630175620724095,586,3489,3413,1.0518198362147404,430,-885.615523465704,-0.9796852833822668,442,2198,2190,18.700000762939453,0.11671416594616087,47.212398529052734,0.0003113656024999011,132.31,0.0
2026-07-24,13943.900390625,-0.009549834324896454,-0.004337892588774018,0.009549834324896454,-0.009549834324896454,0.8143756786102062,789,-1045.6293622141998,-0.8421942508013149,799,4605,4559,1.3097884433217557,591,-724.615523465704,-0.802260383061641,608,3167,3136,18.57999992370605,-0.0064378353799894195,47.31679916381836,0.0022088556712975818,132.31,0.0
2026-07-27,13774.7998046875,-0.012201342964387166,-0.009549834324896454,0.012201342964387166,-0.012201342964387166,0.7928309178743966,1878,43.37063778580023,-1.2059510855669242,1915,10350,10127,1.053400143163923,1455,139.38447653429603,-1.206254654044401,1481,6985,6870,18.670000076293945,0.004832232360625196,47.35100173950195,0.0007225810010457481,132.31,0.0
2026-07-28,13687.900390625,-0.006328562266357513,-0.012201342964387166,0.006328562266357513,-0.006328562266357513,1.2211609110947832,1067,-767.6293622141998,-0.5910959926120818,1101,5444,5337,1.6919445120467278,869,-446.615523465704,-0.2508862606809767,901,4109,4090,18.209999084472656,-0.024947118176637827,47.354400634765625,7.177827621062164e-05,132.31,0.0
2026-07-29,13501.599609375,-0.013704091423604035,-0.006328562266357513,0.013704091423604035,-0.013704091423604035,0.8765364008824454,1113,-721.6293622141998,-0.7876394447406463,1163,6346,6249,1.4611743862313342,769,-546.615523465704,-0.7429813462979923,805,3951,3925,20.65999984741211,0.1262286128423856,47.383399963378906,0.0006122018737169076,132.31,0.0
2026-07-30,13292.900390625,-0.015578080521565186,-0.013704091423604035,0.015578080521565186,-0.015578080521565186,0.684579976985041,1179,-655.6293622141998,-0.2507281204455027,1201,6083,6029,1.1068001096791882,754,-561.615523465704,-0.5793610697743513,770,3647,3618,17.09000015258789,-0.18970595024983572,47.36988830566406,-0.000285196599574727,132.31,0.0
2026-07-31,13458.099609375,0.01235103875102796,-0.015578080521565186,0.01235103875102796,0.01235103875102796,0.8062292909211407,1040,-794.6293622141998,-0.8500620409089559,1064,6036,5928,0.8404516445753559,793,-522.615523465704,-1.2616512457077194,821,4074,4030,15.989999771118164,-0.06652999352418756,47.50139999389648,0.002772425142032999,132.31,0.0
