date,weighted_goldstein,event_count,avg_tone,source_count,total_mentions,total_articles
2020-01-01,1.5882352941176467,11,-0.51973242563596,11,34,34
2020-01-02,2.225,12,-2.887465616743299,12,48,48
2020-01-03,2.6578947368421053,7,-1.4325688191584973,7,38,38
2020-01-04,3.1194805194805197,22,-3.3980315667420373,23,77,77
2020-01-05,1.1692307692307693,679,-3.0268254779554207,712,3159,3067
2020-01-06,0.8142418579818472,1691,-2.5354927028900054,1779,7492,7394
2020-01-07,1.3935199523525912,1833,-2.075425262697863,1950,8395,8277
2020-01-08,1.898271645198108,2626,-1.9117936137287415,2854,12266,12025
2020-01-09,1.1679581977718623,2348,-2.4321284860767305,2434,10143,10018
2020-01-10,1.6611370612571736,1563,-2.3063559723928675,1657,7493,7433
2020-01-11,1.809472623446423,1177,-2.120409613311868,1272,5954,5847
2020-01-12,1.7435266305103603,1486,-2.6102588241710185,1610,7191,7102
2020-01-13,2.1887554009906203,2059,-1.8386463629710401,2246,9489,9228
2020-01-14,1.9040662827594304,1917,-2.062029355532051,2009,8509,8325
2020-01-15,1.1832268570712765,1686,-2.0473548582348307,1730,7983,7794
2020-01-16,1.0799494949494952,2116,-2.6740003074485665,2217,9900,9717
2020-01-17,1.19414466130884,1795,-2.545836593489327,1935,8710,8461
2020-01-18,0.6834665862120985,1402,-2.826038604813802,1478,6629,6438
2020-01-19,1.3888913698783074,1880,-2.59885483478628,1995,8957,8716
2020-01-20,1.5432697074863664,1656,-2.1494517629546865,1788,8068,7939
2020-01-21,0.6191409084312873,1457,-2.0545757108975256,1495,6891,6825
2020-01-22,0.6874799123447773,1393,-2.3821496898318797,1499,6845,6794
2020-01-23,0.9349882144961696,1379,-2.2673117657573987,1480,6788,6693
2020-01-24,1.3591008771929824,1742,-1.707767264645113,1938,8208,8083
2020-01-25,1.5934404865334486,951,-2.493727054960545,980,4604,4554
2020-01-26,2.2176300578034684,999,-2.127007441135388,1032,4152,4124
2020-01-27,1.1849222323879232,1179,-2.4704217193752496,1213,5465,5415
2020-01-28,0.9965996403465752,1337,-2.6503979774796185,1424,6117,6046
2020-01-29,0.8690974391005623,1329,-2.442380575328706,1501,6404,6321
2020-01-30,0.8348232683468064,1340,-2.407603618084082,1396,6309,6254
2020-01-31,0.686251952847607,1329,-2.0550705898442443,1394,7041,6936
2020-02-01,1.3918119266055047,859,-1.9305440172235095,921,4360,4306
2020-02-02,1.893154533844189,831,-1.8346462642050148,869,3915,3851
2020-02-03,0.030798076139235343,2695,-2.8424744522461936,2868,12267,12112
2020-02-04,-0.10991423993968516,2281,-3.628127530485884,2392,10611,10376
2020-02-05,0.08699186991869917,2070,-3.346515277487627,2208,9963,9765
2020-02-06,0.4264041316978696,1937,-3.7854832968138226,2086,9294,9181
2020-02-07,0.6678258488499453,1544,-3.34546531294624,1657,7304,7228
2020-02-08,1.3419690001703286,1283,-2.9949322062360753,1378,5871,5818
2020-02-09,0.8102747375474648,1013,-2.708582726814476,1049,4477,4431
2020-02-10,-0.7804931506849317,1968,-4.010578799792286,2068,9125,8986
2020-02-11,-0.2710647437864376,2150,-3.7528519239555096,2270,9777,9683
2020-02-12,-0.008018504240555136,2554,-3.885432627481579,2718,11673,11534
2020-02-13,0.16641505734731893,2181,-3.2685724532327898,2303,10201,9882
2020-02-14,0.3466450458510401,2135,-2.269938244167874,2185,8942,8835
2020-02-15,0.6476684636118598,1723,-3.300694313760924,1940,7420,7284
2020-02-16,0.8876234955990661,1292,-3.358254201618915,1371,5567,5471
2020-02-17,1.027924273157539,1951,-3.0094844894862987,2067,8874,8792
2020-02-18,0.35734522040614164,2105,-3.551458468415271,2240,10095,10005
2020-02-19,0.3314109575420106,2323,-3.2007592871728905,2436,10057,9936
2020-02-20,-0.9803378325045387,2745,-3.98456204802818,2939,12669,12351
2020-02-21,0.15160101763312575,2465,-3.8106398032297832,2610,11399,11277
2020-02-22,0.36131805157593133,1684,-3.8783568829480455,1781,7678,7570
2020-02-23,0.10360390703940725,1250,-3.7479817996937514,1304,5938,5792
2020-02-24,-0.08608100399315455,1481,-3.3550341425818657,1533,7012,6890
2020-02-25,0.47738974703380355,2003,-2.915238800707115,2121,8934,8828
2020-02-26,0.5786534898085239,1703,-2.8918899541089598,1800,8095,8012
2020-02-27,-0.5483834646935821,2614,-3.8129341132803654,2895,12434,12252
2020-02-28,-0.6075407549472583,7091,-4.7212089932072026,7893,34413,33882
2020-02-29,-0.36279874213836466,4049,-4.500245701094396,4339,19080,18902
2020-03-01,-0.8805377456049639,3848,-4.319310149197235,4249,19340,19139
2020-03-02,0.02811881188118811,4713,-4.2545533160828635,5043,22725,22543
2020-03-03,0.19967764540995092,4479,-4.043015692070617,4812,21405,21112
2020-03-04,-0.10167813474580471,4238,-4.104844105587052,4515,20201,19992
2020-03-05,0.5698085820557015,4595,-3.7368944546075924,5124,22046,21761
2020-03-06,0.5991091069071712,3857,-3.544205760593103,4222,18184,17978
2020-03-07,0.42266719274018555,2095,-3.8557164313932986,2278,10138,9997
2020-03-08,0.9685527613412227,1660,-3.708796625752591,1785,8112,7961
2020-03-09,1.1973484178893405,2365,-3.1195323651221627,2518,11314,11249
2020-03-10,1.3706217866323904,2539,-2.647828722548181,2762,12448,12341
2020-03-11,0.963267223382046,2063,-2.9339575059585865,2155,9580,9478
2020-03-12,1.0680115273775215,1429,-3.2951499811240836,1497,6940,6884
2020-03-13,1.0820241199478486,1127,-2.5950193813574582,1242,6136,6063
2020-03-14,1.4221499292786421,682,-2.849966235414122,705,3535,3523
2020-03-15,0.9973499188750676,749,-2.8417861825070894,793,3698,3653
2020-03-16,1.0169961427193832,858,-3.395780886710892,873,4148,4084
2020-03-17,0.9433202997719126,1262,-3.649810880890326,1348,6138,6022
2020-03-18,0.6332650972364381,1092,-3.3410909896931096,1146,5862,5770
2020-03-19,-0.10671447196870923,905,-3.3816354026885094,939,4602,4558
2020-03-20,0.121333633701284,782,-3.3304852507139464,844,4439,4321
2020-03-21,0.4936202920830131,494,-2.9436408098940365,528,2602,2584
2020-03-22,0.7535052012663952,405,-3.500434176081669,416,2211,2167
2020-03-23,1.2927943262411348,670,-2.7303566328187547,712,3525,3446
2020-03-24,0.8912953367875646,746,-3.407203232877066,768,3860,3778
2020-03-25,-0.15277888844462215,934,-4.146534117322875,1065,5002,4965
2020-03-26,0.5966014138118542,698,-4.203734111830901,720,3678,3538
2020-03-27,0.7004519433564325,637,-3.1524660309981334,666,3319,3283
2020-03-28,0.4047102959566485,483,-3.1687152386369393,490,2399,2373
2020-03-29,0.3559729843815957,424,-2.947605525652957,442,2369,2327
2020-03-30,0.9662642045454544,523,-3.3329523387049287,537,2816,2788
2020-03-31,1.4145100796999532,749,-2.8733315853981507,788,4266,4177
2020-04-01,1.39574062301335,863,-2.062087368368496,905,4719,4580
2020-04-02,1.156747049769112,755,-2.2747368716423293,775,3898,3845
2020-04-03,1.112815639424382,729,-2.9812242806847995,747,3683,3657
2020-04-04,0.7250407830342578,424,-2.4342293861981505,438,2452,2393
2020-04-05,1.159362987369577,360,-2.651614691742336,366,1821,1815
2020-04-06,0.21946787800129783,566,-2.6773886029205785,586,3082,2789
2020-04-07,0.6604309500489715,540,-2.577857835884182,557,3063,3041
2020-04-08,1.1627400103788272,683,-1.6898512359761135,733,3854,3778
2020-04-09,1.2599171107164,637,-1.6283359064076663,666,3378,3328
2020-04-10,1.4931612194452073,595,-1.6597869987973632,634,3641,3577
2020-04-11,0.6700848896434636,512,-2.036063838640728,542,2945,2899
2020-04-12,1.1266666666666665,426,-2.682822262220811,447,2430,2408
2020-04-13,1.0423839332290037,716,-2.9242740722274374,740,3834,3789
2020-04-14,1.7057583852775307,641,-2.661715698886151,681,3369,3306
2020-04-15,1.3582341742027608,674,-2.579058073417029,704,4202,3900
2020-04-16,1.4146170063246661,746,-2.8323962709450803,784,4269,4184
2020-04-17,0.544206296048225,562,-3.1424472380621435,570,2986,2968
2020-04-18,1.7450636942675162,418,-2.2477539369090915,452,2512,2476
2020-04-19,0.8464989059080964,518,-2.7345050696860556,546,2742,2720
2020-04-20,1.2812158808933003,747,-2.1507913617883063,776,4030,3981
2020-04-21,1.4926430517711171,850,-2.1375647351078997,885,4771,4697
2020-04-22,1.718438223531888,872,-1.818447863376037,944,4751,4705
2020-04-23,1.5451274071192376,881,-1.3096254997584063,952,5141,5001
2020-04-24,1.002270642201835,796,-2.4575981590168294,860,4360,4289
2020-04-25,0.8236198738170346,449,-2.4787692017454535,479,2536,2516
2020-04-26,1.3830669710806696,481,-2.528942551099842,528,2628,2587
2020-04-27,0.7949689257176679,614,-2.4024194059360107,660,3379,3352
2020-04-28,0.9005299183042613,817,-2.8993460294125666,871,4529,4440
2020-04-29,0.7821891502640422,743,-2.6607634997819805,780,4166,4101
2020-04-30,1.004124830393487,734,-2.2630414650494974,775,3685,3642
2020-05-01,0.13218259629101267,627,-2.6519864206307533,664,3505,3437
2020-05-02,0.46754841757203597,360,-2.4406259809883815,382,2117,2093
2020-05-03,1.066196542311192,345,-1.7843177289789691,373,2198,2145
2020-05-04,0.6287621359223301,592,-2.4266232878322542,639,3296,3235
2020-05-05,0.8206497104004027,763,-2.0596849643580444,790,3971,3913
2020-05-06,0.5746363061353573,556,-2.5511583827873974,585,3162,2997
2020-05-07,0.7449212384573601,650,-2.6033510391625163,674,3682,3656
2020-05-08,0.9311708451796329,761,-2.9270985631302775,784,3869,3823
2020-05-09,0.7155990957045969,467,-2.4277260857645615,484,2654,2560
2020-05-10,0.2588001325820351,573,-2.601094816213815,625,3017,2974
2020-05-11,0.3913341493268053,741,-3.0914274805416815,782,4085,3995
2020-05-12,0.38551925889809874,772,-2.00267496590997,818,4102,4070
2020-05-13,0.45752508361204014,778,-2.3226653101340773,802,4186,4092
2020-05-14,1.7263186514410005,665,-1.6271166726767705,689,3678,3593
2020-05-15,0.5107078967544085,732,-2.4805349771840586,749,3913,3740
2020-05-16,0.32448529411764704,467,-2.5915266226720397,492,2720,2668
2020-05-17,0.8426380368098159,408,-2.548858364145599,431,2282,2250
2020-05-18,1.0162014088181581,692,-2.276523658735676,739,3833,3736
2020-05-19,0.8483800109829766,691,-2.6703846654600203,713,3642,3572
2020-05-20,1.0236961451247164,837,-2.0954181885601275,880,4410,4326
2020-05-21,1.0675086107921927,1162,-2.052184763333882,1259,5226,5108
2020-05-22,0.7822131979695428,975,-2.294474627851649,1045,4925,4844
2020-05-23,0.39667681380010145,750,-2.0212947530870435,803,3942,3855
2020-05-24,0.6951742627345845,748,-1.9273305916073225,799,4103,4030
2020-05-25,0.869618834080718,705,-2.2856149910731958,732,3568,3525
2020-05-26,0.9904371584699456,717,-2.136553327689734,748,3660,3583
2020-05-27,0.44448761534725584,817,-2.6498711653921667,860,4118,4102
2020-05-28,0.8816625916870416,661,-2.1531975561894394,699,3681,3553
2020-05-29,0.5425089789635714,776,-2.361795162114599,829,3898,3869
2020-05-30,1.2570599613152804,538,-2.051179505104571,555,3102,2842
2020-05-31,0.9033425088478176,500,-2.4440432076986727,525,2543,2531
2020-06-01,0.7195810175288585,844,-2.084310962022322,890,4678,4605
2020-06-02,1.033081407903261,909,-2.3075338880094334,924,4631,4597
2020-06-03,0.9682798833819244,939,-2.078412022527681,997,5145,5005
2020-06-04,1.2900710511932958,1097,-1.9123615948743913,1152,5489,5421
2020-06-05,0.21613033798826156,994,-2.4028341230732617,1021,4941,4861
2020-06-06,0.2027085257002155,604,-2.1096020828894817,631,3249,3179
2020-06-07,1.353914182771044,576,-2.1039455314676765,610,3053,3002
2020-06-08,0.3311735941320292,995,-2.0385783726690954,1030,4908,4872
2020-06-09,0.7397658679348821,1053,-2.097099358742825,1128,5467,5321
2020-06-10,1.3236393713813068,1194,-2.0828594303054038,1251,6045,5960
2020-06-11,0.9660459229795695,1148,-2.3103507654374535,1198,5531,5427
2020-06-12,0.920279469724113,1065,-2.2558168446397735,1129,5582,5553
2020-06-13,1.7046190761847637,664,-1.9393290026308747,689,3334,3279
2020-06-14,1.4159708737864078,910,-2.1458494112496544,943,4120,4023
2020-06-15,0.6448549534756435,1452,-2.322226753873872,1531,7308,7265
2020-06-16,0.4472158657513346,1347,-2.544529570283669,1446,6555,6432
2020-06-17,0.7534580302505484,1637,-2.6921898149015675,1808,8661,8543
2020-06-18,0.4996965482361868,1501,-2.563176949011587,1592,7909,7729
2020-06-19,0.7831333609157353,1503,-2.2959922598261886,1548,7251,7119
2020-06-20,0.7970626918018416,966,-2.479716079877054,1003,4562,4462
2020-06-21,0.9862966601178783,855,-2.3374869097610893,881,4072,4037
2020-06-22,0.5878121098626715,1380,-2.6984144027580617,1442,6408,6209
2020-06-23,0.18420698019134868,1397,-3.118949533129729,1506,7421,7218
2020-06-24,0.7107011572498299,1499,-2.4093128772040124,1594,7345,7305
2020-06-25,0.6358108108108108,1148,-2.0993908885493706,1204,5624,5570
2020-06-26,0.9453378111418412,955,-2.3935628355936807,981,5062,4984
2020-06-27,0.580729833546735,550,-2.226291654021038,572,3124,3063
2020-06-28,-0.48651444880485195,560,-2.938930722119547,567,2803,2797
2020-06-29,0.2857770141275298,1027,-2.7634077689620753,1088,5238,5165
2020-06-30,1.196739300830852,1228,-2.6567892893136715,1285,6379,6265
2020-07-01,1.2058445532435746,1986,-2.4169199757099484,2173,9804,9651
2020-07-02,1.1194802310084404,1676,-2.0260891197015933,1806,9004,8886
2020-07-03,0.18836232753449306,1688,-3.4572756398976794,1839,8335,8185
2020-07-04,0.5437427801309207,1003,-2.7611997924240463,1084,5194,5105
2020-07-05,0.7408695652173913,791,-2.197815250134824,826,4025,3991
2020-07-06,1.0574156305506215,1275,-2.382249005006398,1440,6756,6664
2020-07-07,1.3150600554357872,1306,-2.5745598913660723,1363,6494,6365
2020-07-08,1.2502723311546842,1129,-2.4148485021178585,1185,5508,5410
2020-07-09,0.7042542372881356,1166,-2.671884430737089,1219,5900,5840
2020-07-10,0.5333827554744524,1745,-1.6153900466816364,1864,8768,8617
2020-07-11,0.6122625442159052,1422,-1.5307709867590198,1531,7633,7464
2020-07-12,0.8687973397376685,1013,-1.8667003690847888,1037,5413,5321
2020-07-13,0.6533363907360697,1647,-2.2587588711996425,1718,8722,8605
2020-07-14,0.4681379459928426,1836,-2.376539785321192,1929,9221,9088
2020-07-15,0.7493527308593265,1573,-2.2608469286003,1680,8111,8000
2020-07-16,0.053070616999856164,1366,-2.9828385850486465,1450,6953,6889
2020-07-17,0.6892972972972973,1261,-2.153097706636394,1357,6475,6339
2020-07-18,0.15995002271694686,886,-2.582016924243271,947,4402,4371
2020-07-19,0.8201588413921982,767,-2.5991465140099304,830,4281,4239
2020-07-20,0.7479261277626397,1337,-1.9968819875354475,1391,6606,6462
2020-07-21,0.5102124392116714,1544,-2.1591653395863326,1630,7814,7758
2020-07-22,0.3185498839907192,1658,-2.283845414471468,1751,8620,8446
2020-07-23,1.2640980515399123,1549,-1.8153279994768021,1609,7955,7820
2020-07-24,0.8694003426613364,1632,-1.3493373449036727,1758,8755,8567
2020-07-25,0.351310861423221,988,-1.9642510807726308,1005,5073,4979
2020-07-26,0.8606945540647203,720,-2.3182862129373842,748,3801,3745
2020-07-27,0.948502387498191,1279,-2.1957807276811163,1379,6911,6720
2020-07-28,0.9740122148822137,1534,-1.9577031338323148,1611,8023,7824
2020-07-29,0.893783742094709,1138,-1.9426449150330105,1175,6483,6280
2020-07-30,0.934919559695174,1129,-1.7962077336316036,1231,5905,5870
2020-07-31,0.627509056040912,872,-2.0376383369059736,896,4693,4576
2020-08-01,1.2235961429381739,651,-1.9790840830281922,679,3526,3472
2020-08-02,0.01291666666666666,531,-2.068282243967484,545,3600,3549
2020-08-03,1.20670405982906,768,-2.2112620867193855,784,3744,3702
2020-08-04,0.7203908794788274,876,-1.9532312797024514,912,4605,4594
2020-08-05,0.631594011448701,907,-2.385232313543119,973,4542,4480
2020-08-06,1.5629661161246386,1120,-1.7824141392855306,1227,5873,5808
2020-08-07,1.0422869471413154,1202,-1.8436762794058967,1243,5562,5425
2020-08-08,1.4856446991404015,694,-1.5999646165023904,710,3490,3462
2020-08-09,1.7271331058020485,526,-2.2935697922669513,546,2930,2924
2020-08-10,1.2437464224384664,1339,-1.9186716237982253,1382,6988,6833
2020-08-11,0.46763851783017796,1624,-2.6157887890671985,1732,8609,8455
2020-08-12,0.7485253135160244,1624,-2.5844647293558585,1772,8612,8458
2020-08-13,0.460316444119261,2248,-2.380767607237545,2511,10934,10836
2020-08-14,0.6782489889605422,1915,-2.0578335322189916,2065,9149,9061
2020-08-15,0.7779048765803737,936,-2.2625323063462885,967,4983,4912
2020-08-16,0.9745966825721428,819,-2.176837019541044,865,4401,4365
2020-08-17,1.0741582491582493,1471,-1.9085292300023364,1532,7128,6985
2020-08-18,1.46507248791868,1256,-1.483130360378115,1321,6001,5926
2020-08-19,0.9692548039368851,1266,-1.8148132975132845,1363,6401,6331
2020-08-20,0.6135756446101277,1232,-2.295073480926396,1277,6438,6368
2020-08-21,0.8160022354694483,1058,-1.8984070247081009,1101,5368,5202
2020-08-22,1.2518248175182483,888,-1.5703396076583527,943,4521,4439
2020-08-23,1.6290145549988075,867,-2.099447550814063,906,4191,4139
2020-08-24,1.1294800786135435,1163,-2.54649830895424,1223,5597,5522
2020-08-25,0.6605585020023813,1979,-2.8334635937853436,2181,9239,9143
2020-08-26,0.9509638267491674,1771,-3.0532881820978437,1908,8404,8317
2020-08-27,0.6585152838427947,1893,-2.4790784754160766,2056,8931,8795
2020-08-28,0.37225295448830803,1568,-2.9108558854972313,1654,7954,7891
2020-08-29,-0.48126499454743726,889,-3.2681050649531658,906,4585,4539
2020-08-30,0.565036940460669,895,-2.990571577670775,952,4602,4565
2020-08-31,0.8221075057358244,1166,-2.681340537722754,1207,6102,5972
2020-09-01,0.14824774710341862,1343,-3.3598744277308445,1438,6991,6918
2020-09-02,0.6946356123215627,1382,-2.4975003416279105,1427,6655,6520
2020-09-03,1.1905164737310776,1338,-2.2732731788550087,1428,6738,6662
2020-09-04,0.949557013001956,1683,-2.5206641990921685,1779,8691,8435
2020-09-05,0.9183558558558562,854,-2.2800942694966078,869,4440,4358
2020-09-06,0.7402842679127725,971,-2.6720500661549433,997,5136,5070
2020-09-07,0.26201211779625194,1408,-3.227352349798931,1489,7097,7049
2020-09-08,1.3780719424460437,1396,-2.8379932261916974,1444,6950,6833
2020-09-09,1.1065872776605366,1197,-2.517058335659565,1233,6634,6341
2020-09-10,1.0755852417302798,1406,-2.4794451772662804,1475,7860,7779
2020-09-11,1.0503346303501944,1279,-2.558530264425043,1327,6425,6367
2020-09-12,0.3751506337003948,964,-2.7227453596169284,1027,4813,4700
2020-09-13,1.1843476798924013,1248,-2.1842341592377115,1306,5948,5886
2020-09-14,1.0217882689556508,1378,-1.8233111027853741,1471,6990,6868
2020-09-15,1.8057651245551594,1354,-1.823275230414995,1433,7025,6929
2020-09-16,1.2432285219113643,1600,-1.9018127423656126,1661,8078,7969
2020-09-17,1.2922905339467452,1410,-2.0977845328727063,1505,7173,7069
2020-09-18,0.9564930075303517,1264,-2.3208957404172397,1363,6507,6462
2020-09-19,0.5738769427294017,840,-2.4448207143647913,892,4697,4638
2020-09-20,0.9492294520547945,702,-2.4460636469042583,725,3504,3407
2020-09-21,1.1394818013571868,1189,-2.3481026135371557,1253,6484,6303
2020-09-22,1.531924415713576,1621,-2.188469477933567,1699,8044,7915
2020-09-23,1.6320938066856692,1697,-1.8743508276957321,1804,7718,7653
2020-09-24,1.4181226261530113,1158,-1.8664973397766982,1222,5529,5461
2020-09-25,0.8260009570904454,1203,-2.288922370748315,1285,6269,6134
2020-09-26,1.0195954106280194,650,-2.151017962453091,683,3312,3230
2020-09-27,0.5340039062499999,1031,-3.9476459249749847,1083,5120,5016
2020-09-28,0.23132476243711583,1833,-3.6652618871928806,1975,8945,8849
2020-09-29,-0.5423510329520232,2485,-3.9275797922188014,2706,11714,11540
2020-09-30,-0.420279214064116,1979,-3.967615667977988,2125,9670,9553
2020-10-01,0.27365571321882004,2213,-3.7322570084684625,2384,10712,10656
2020-10-02,0.1654553817847287,2155,-3.7214274056320504,2317,10870,10807
2020-10-03,0.2938410320432791,974,-3.48680674738431,1013,4806,4754
2020-10-04,-0.1138009049773756,1000,-3.150651468365085,1043,4862,4806
2020-10-05,0.40065239784823165,1781,-3.210236904779891,1883,8737,8669
2020-10-06,0.5879306829765546,2062,-3.7380085208952476,2173,9810,9732
2020-10-07,0.21759639048400325,1572,-3.636172667913504,1625,7314,7181
2020-10-08,0.391651840700698,1490,-2.7201728601993005,1574,7307,7186
2020-10-09,0.6999711482977494,751,-3.0987871374412435,777,3466,3438
2020-10-10,0.5358344702137336,887,-2.6257074166024785,954,4398,4338
2020-10-11,0.557534246575342,850,-2.877788464857179,902,4380,4283
2020-10-12,0.13644033748493356,1439,-3.123445115748748,1575,7467,7412
2020-10-13,0.6804364471669219,1613,-3.3866656890103446,1705,7836,7758
2020-10-14,0.3518030026659185,1443,-3.3747117460325486,1517,7127,7057
2020-10-15,0.2553854875283447,1311,-3.0376684402175846,1434,7056,6951
2020-10-16,0.9431818181818182,593,-2.5856742561706505,629,3124,3095
2020-10-17,1.030453879941435,1087,-2.3336900457890177,1256,6147,6104
2020-10-18,0.6856502242152461,942,-2.029382564790641,1036,4683,4626
2020-10-19,0.3867449346714636,1021,-2.261078161616409,1063,5281,5213
2020-10-20,0.5587283236994219,1011,-2.2408961309846447,1065,5190,5141
2020-10-21,0.1754911495817933,990,-2.6198991156967253,1054,5141,5054
2020-10-22,0.7619855847477329,864,-2.5839393449794312,935,4301,4234
2020-10-23,0.6365109269027881,525,-2.779984644678494,559,2654,2626
2020-10-24,-0.050140350877193034,526,-2.698703064044736,576,2850,2830
2020-10-25,-0.9662478252464718,943,-3.5734397389221098,1024,5173,5074
2020-10-26,-0.28357882455884487,1513,-3.2037928610970474,1603,6857,6739
2020-10-27,-0.11494697862312747,1184,-3.307729966205376,1311,5941,5833
2020-10-28,-0.40838226658837357,1434,-3.5678871825903538,1529,6812,6668
2020-10-29,0.08244191144234979,965,-2.718784821114112,1009,4562,4456
2020-10-30,-0.10567010309278353,537,-3.747662862401796,599,2716,2691
2020-10-31,1.0380634390651087,489,-3.206024030885087,532,2396,2326
2020-11-01,0.8173387096774193,566,-2.8961501442938316,607,2728,2701
2020-11-02,0.1687962506166749,804,-3.4159751315006255,888,4054,4005
2020-11-03,0.5130239520958082,568,-3.0088515555168893,589,2672,2638
2020-11-04,0.39298297999402776,626,-3.2330637350765508,658,3349,3311
2020-11-05,0.13852242744063328,471,-3.518367973996858,491,2274,2242
2020-11-06,0.720018115942029,205,-1.6230775177301764,212,1104,1101
2020-11-07,1.1495974235104671,115,-3.0460898061058814,120,621,621
2020-11-08,1.1915191740412983,260,-2.250731590187292,268,1356,1337
2020-11-09,1.0103372202962495,674,-2.361490270136919,711,3173,3134
2020-11-10,1.7485780765253376,812,-1.9742997916955551,877,3868,3796
2020-11-11,1.8326515880654473,898,-1.2480063985141727,974,4156,4083
2020-11-12,2.0439237738206817,667,-1.9456426181132913,690,3201,3181
2020-11-13,1.6158333333333332,140,-0.9358423020037523,140,600,600
2020-11-14,1.9476510067114088,124,-2.299096672323544,133,447,447
2020-11-15,1.4425605536332171,232,-2.078532808477667,265,1156,1147
2020-11-16,1.9153425446171557,725,-1.3591339201168273,779,3474,3392
2020-11-17,1.508837503959455,636,-0.7564227144119405,663,3157,3112
2020-11-18,1.3836068596717683,1113,-1.4288649648863023,1145,5423,5350
2020-11-19,1.405684170901562,1037,-1.4801344640544123,1084,5313,5218
2020-11-20,1.6166060837956766,1039,-2.0412717729612493,1065,5227,5107
2020-11-21,1.6530099978727932,1001,-1.4446361527192706,1048,4701,4616
2020-11-22,1.4088510848126226,792,-1.557329957525321,848,4056,3980
2020-11-23,0.7445619093384588,1268,-1.8215611669848357,1329,6243,6125
2020-11-24,0.6369438621010943,1578,-1.8443044401650457,1682,8586,8316
2020-11-25,1.0957890198332858,1369,-1.4125108014912284,1411,6958,6904
2020-11-26,1.043575710190253,1496,-2.05275813262003,1561,7674,7513
2020-11-27,1.0423646243207791,1015,-2.3299648104250044,1051,5337,5265
2020-11-28,1.3116111951588505,523,-1.8473887988792255,531,2644,2603
2020-11-29,0.7926968293551837,538,-1.6105134517586976,562,2807,2762
2020-11-30,1.1928110773899856,1086,-2.2505864766336474,1143,5272,5220
2020-12-01,1.2420012227430197,928,-1.4914671024571688,968,4907,4850
2020-12-02,1.342365210547029,979,-1.713046531439949,996,5082,5012
2020-12-03,0.9758578215731126,1019,-2.0576647902311156,1110,5683,5661
2020-12-04,0.6408607771388746,1066,-2.7062670551300005,1136,5739,5720
2020-12-05,1.1426959045469198,577,-2.6528670682008904,588,3101,3070
2020-12-06,0.843948339483395,502,-2.18801581583826,509,2710,2671
2020-12-07,1.0940138359452216,1095,-2.8379764808607972,1184,7083,7020
2020-12-08,0.47996589940323964,1083,-2.340816387908461,1120,5865,5816
2020-12-09,0.8426554158773892,1149,-2.466231795266788,1203,5807,5721
2020-12-10,0.9645225201426496,1481,-2.202277462438883,1586,7571,7511
2020-12-11,0.31472720335749704,1443,-2.3185798473066743,1516,7863,7773
2020-12-12,0.814159979290707,789,-1.7082984710657443,827,3863,3821
2020-12-13,1.0497444089456873,681,-1.907513924333597,693,3130,3093
2020-12-14,0.25701187434240197,1291,-2.593771708268485,1343,6653,6555
2020-12-15,0.2730934018851757,1302,-2.678013824990713,1347,7002,6963
2020-12-16,0.5741589926705506,949,-2.203255938349479,983,5321,5245
2020-12-17,0.2964181818181816,1065,-2.4164704175864467,1106,5500,5405
2020-12-18,1.2413627320954908,1131,-1.5993843242773615,1199,6032,5922
2020-12-19,0.645991686460808,633,-1.9106358549234808,660,3368,3353
2020-12-20,0.0873571691854036,508,-2.188690434320218,527,2713,2686
2020-12-21,0.7623080614203457,823,-1.9466836325147845,860,4168,4112
2020-12-22,0.4223242811501599,929,-1.9608654966917396,947,5008,4853
2020-12-23,0.5187071498530855,1202,-2.143748820451346,1277,6126,6020
2020-12-24,1.1713976425306711,775,-1.3694973607677399,823,4157,4116
2020-12-25,1.207680036463081,783,-1.3609836710470258,828,4388,4295
2020-12-26,1.2115008880994673,845,-1.7386732295980294,891,4504,4421
2020-12-27,1.561054381382094,820,-2.1798796130425457,852,4211,4160
2020-12-28,2.1414912593649666,1058,-1.626661957295798,1112,5606,5481
2020-12-29,2.104678998911861,1205,-1.2787659936561144,1259,6433,6270
2020-12-30,1.948676716917922,1085,-1.5190832223679394,1157,5970,5813
2020-12-31,1.4829184816428134,631,-1.571141538518319,651,3214,3157
2021-01-01,1.5517511520737322,433,-2.1040577129461506,437,2170,2100
2021-01-02,-0.8605034324942793,397,-2.590358866648287,437,2185,2125
2021-01-03,0.1332504970178927,372,-3.0966260382764257,407,2012,1986
2021-01-04,0.14213967310549783,654,-1.90653513917216,689,3365,3335
2021-01-05,0.7103227682465835,678,-1.798359868203214,715,3439,3424
2021-01-06,1.2701370585134424,792,-1.4611972146396555,818,3794,3694
2021-01-07,0.9548167848699763,718,-1.5637625475362216,747,3384,3329
2021-01-08,1.3008629191321504,882,-1.2800759004728317,898,4056,3981
2021-01-09,1.016277423920736,556,-1.172602052074336,570,2826,2789
2021-01-10,1.4951378254211343,463,-1.4022205280129638,517,2612,2569
2021-01-11,1.37421359223301,983,-1.2777600557583095,1039,5150,5093
2021-01-12,1.1234559568005398,1142,-1.8351813019562515,1217,5926,5839
2021-01-13,1.8538630904723779,1049,-0.0801697030237858,1081,4996,4968
2021-01-14,1.1388528577219292,975,-1.4821212147584786,1020,4934,4879
2021-01-15,1.0805049769361497,786,-1.2215959505162741,805,4119,4077
2021-01-16,1.1811412383650348,484,-1.3439457489672058,495,2471,2453
2021-01-17,1.1638228055783428,422,-1.1972319367853075,435,2438,2379
2021-01-18,1.7085686465433294,820,-1.5212027307620781,828,4108,4062
2021-01-19,0.7076738609112709,860,-1.6385642055178342,872,4587,4464
2021-01-20,0.869308203041337,879,-1.6377833403807298,929,4669,4587
2021-01-21,1.256525866160418,825,-1.8029841175202803,837,4214,4146
2021-01-22,1.1773803526448365,766,-1.3088494553256147,779,3970,3958
2021-01-23,1.1706258411843875,574,-1.6238972345395772,588,2972,2918
2021-01-24,0.2252747252747254,677,-2.5314279279068304,696,3640,3588
2021-01-25,0.9263743564191993,1089,-1.9953353031345893,1102,6021,5948
2021-01-26,1.0635463100544822,723,-2.0050900576885016,741,4038,3976
2021-01-27,1.2553515341870023,764,-1.300191949716424,863,4139,4055
2021-01-28,1.0960663507109005,808,-1.5716345748873823,832,4220,4066
2021-01-29,1.3364950980392154,789,-1.5710229000335083,817,4080,4006
2021-01-30,1.1675776067922525,708,-1.7034031433389225,731,3769,3558
2021-01-31,0.886961583236321,493,-2.077759979087329,511,2577,2541
2021-02-01,1.1184848484848482,780,-2.2259884293970287,799,3630,3567
2021-02-02,0.23060591603053432,857,-2.5424226425922676,900,4192,4096
2021-02-03,0.276338147833475,899,-2.054177656008732,956,4708,4663
2021-02-04,0.9084214893175692,938,-2.4058642465857027,1027,4821,4780
2021-02-05,0.5058118498417006,779,-2.649359983381743,824,4422,4260
2021-02-06,0.46777049180327884,626,-2.2872522421130244,664,3050,3006
2021-02-07,0.31995642701525046,429,-1.3440110096347615,435,2295,2281
2021-02-08,1.2314819689391945,740,-0.885422874104152,762,3799,3741
2021-02-09,1.3239795918367347,741,-1.0220751320023813,788,3920,3832
2021-02-10,0.9107119386637457,933,-1.3444314924372447,976,4565,4468
2021-02-11,0.8620947176684881,1058,-2.4439564570314483,1117,5490,5339
2021-02-12,0.6595232840432577,889,-1.5176983022701676,913,4531,4427
2021-02-13,0.9169357732328666,537,-1.7183725190187733,539,2787,2759
2021-02-14,-1.3083452414975707,717,-3.8120326757299674,740,3499,3455
2021-02-15,-0.9253346720214192,1126,-3.6332922115380333,1195,5976,5918
2021-02-16,0.18109507954125054,1080,-3.1082500266444653,1117,5406,5351
2021-02-17,0.8108446986361636,903,-2.3006049007164977,932,4546,4513
2021-02-18,0.575814822503633,934,-1.9418539742660308,961,4817,4720
2021-02-19,0.9431564245810055,833,-1.6738056386509677,855,4296,4252
2021-02-20,1.348379254457051,432,-1.1899613346353903,442,2468,2407
2021-02-21,0.46374269005847973,472,-1.8586141329133543,478,2565,2541
2021-02-22,1.2252382416231176,626,-1.5176257356880098,645,3253,3162
2021-02-23,1.2314938398357298,763,-1.711446010076809,800,3896,3862
2021-02-24,0.8288766202592417,895,-2.7450565715907342,913,4166,4142
2021-02-25,0.4690589031821262,931,-2.074016114392156,970,4431,4388
2021-02-26,0.38921590653785676,1027,-1.0872680724967323,1079,4451,4417
2021-02-27,-0.3125968202201385,581,-2.0083202006718754,606,2453,2402
2021-02-28,0.44563206577595066,618,-1.9312471777846814,647,2919,2841
2021-03-01,0.6808527334554014,858,-1.9875188335660938,916,3823,3771
2021-03-02,0.6595894945928049,933,-1.827358370591519,971,4531,4479
2021-03-03,1.334848845512973,832,-1.498815647275818,857,4201,4181
2021-03-04,0.6227521929824562,744,-2.435997256684437,782,3648,3619
2021-03-05,1.075408081348675,733,-2.189119657223053,770,3737,3641
2021-03-06,0.9819068255687972,484,-2.273484617629297,494,2769,2692
2021-03-07,0.5869810560257962,452,-1.9342527537752667,462,2481,2440
2021-03-08,1.0201589754912785,827,-2.231521416748857,860,4529,4451
2021-03-09,1.0255944326309685,960,-2.3921791283928546,986,5173,5081
2021-03-10,1.2711275626423695,1040,-1.326129635952272,1065,5268,5208
2021-03-11,1.306132741577567,1030,-1.9902696427246425,1063,4957,4871
2021-03-12,1.198501030541502,1109,-1.092233232815995,1151,5337,5271
2021-03-13,1.4572487399940706,751,-1.294445807976141,771,3373,3333
2021-03-14,1.3506727929110607,604,-1.7334865217377462,681,3047,2992
2021-03-15,0.9891333460876217,1068,-1.7099446667203486,1144,5227,5136
2021-03-16,1.8034356053646894,1047,-1.1652191089634711,1091,5443,5350
2021-03-17,1.625788457412573,906,-1.7739396484054,935,4661,4566
2021-03-18,0.8029619181946402,1053,-2.0931303822732237,1127,5672,5584
2021-03-19,0.827394021280189,1179,-1.9676965993283069,1242,5921,5831
2021-03-20,0.9928039702233251,744,-2.3566181390838055,758,4030,3978
2021-03-21,0.12446902654867237,774,-3.416830490400502,811,4520,4478
2021-03-22,0.939165360501568,888,-2.886989955729658,913,5104,5067
2021-03-23,0.8727447216890597,862,-2.4350860519789954,900,4689,4647
2021-03-24,1.4313298395021294,1172,-1.8803451650070708,1241,6106,6012
2021-03-25,1.4559096251795745,1339,-2.1252744386188027,1642,7657,7569
2021-03-26,1.1039621318373074,1066,-2.2658553393119636,1120,5704,5612
2021-03-27,0.8349001536098313,581,-1.9168230322248307,599,3255,3075
2021-03-28,1.196315540859707,377,-1.1595514988416016,385,2117,2038
2021-03-29,1.7350980805737186,895,-1.0739592189644755,948,4741,4689
2021-03-30,1.5866554054054052,886,-0.9879567609876235,920,4736,4640
2021-03-31,1.4746056091148119,854,-1.4315953707195297,884,4564,4538
2021-04-01,1.356829035339064,813,-1.0542759682450011,836,4188,4140
2021-04-02,0.81114185110664,723,-2.375270540005212,749,3976,3902
2021-04-03,0.5043316255239869,412,-2.1540515625412957,428,2147,2106
2021-04-04,0.9955140186915886,385,-1.636261307599915,404,2140,2125
2021-04-05,0.972757240404992,785,-2.0703220902667874,811,4247,4194
2021-04-06,1.2944891836412447,1134,-1.853258346927428,1174,6333,6256
2021-04-07,1.174523883858882,1124,-2.1779279156820768,1211,6406,6376
2021-04-08,1.32865139058947,1028,-1.9643242462544568,1064,5717,5602
2021-04-09,0.9946944515469187,1419,-1.897071124891372,1495,7822,7696
2021-04-10,1.823531392021545,1143,-1.3575921918703648,1233,5941,5869
2021-04-11,1.9756682533870384,1115,-0.8297076199644112,1153,5462,5414
2021-04-12,1.517298673455715,1438,-1.1515116379885546,1504,7463,7286
2021-04-13,1.0697990297990299,1359,-1.735055447407435,1410,7215,7089
2021-04-14,1.2477585701728682,1266,-2.015106880740242,1352,6826,6632
2021-04-15,1.0038046564452012,1705,-1.895011230529406,1887,8805,8606
2021-04-16,1.1292649337235325,1165,-2.1825013235622017,1202,5809,5695
2021-04-17,1.5037683182135377,550,-1.7790804140888026,568,2866,2847
2021-04-18,0.870965023177413,490,-1.3574320916835791,495,2373,2350
2021-04-19,1.6597240302004697,750,-1.263862654236727,768,3841,3782
2021-04-20,0.9809397590361446,795,-1.4064389818514536,817,4150,4102
2021-04-21,1.2112802768166095,842,-1.240568241277925,924,4335,4313
2021-04-22,1.391210554466037,1099,-1.3207159499923289,1167,5609,5589
2021-04-23,1.0458911107867466,1344,-1.9218068519106024,1483,6851,6740
2021-04-24,0.005458481521571046,1342,-3.6788919254428807,1472,6467,6422
2021-04-25,-0.02761238761238764,1044,-3.583765855990837,1102,5005,4900
2021-04-26,0.27066266012968526,1294,-2.6558752137873416,1335,6323,6181
2021-04-27,0.5240528030173148,1128,-2.8138064051487794,1195,5833,5671
2021-04-28,0.49974800503989913,927,-2.309239391483919,969,4762,4695
2021-04-29,0.7019744714798565,983,-1.856754460739359,1025,5014,4965
2021-04-30,0.9646483180428134,600,-2.2180262224588727,620,3270,3192
2021-05-01,-0.39441720105620537,490,-3.2256294141839716,507,2651,2582
2021-05-02,-0.2525933107125546,378,-2.345302586208327,381,2063,2010
2021-05-03,1.2612201591511942,745,-2.2886621066793076,809,3770,3699
2021-05-04,1.3861301840153808,707,-1.762535171987464,728,3641,3575
2021-05-05,1.3583699279817325,1102,-1.6240717523755013,1179,5693,5618
2021-05-06,1.7798165137614685,1031,-1.4601751980555877,1062,4796,4643
2021-05-07,1.8674532139951179,796,-1.365419135504678,814,3687,3635
2021-05-08,0.9624657534246572,382,-1.9251591468792453,390,2190,2157
2021-05-09,0.8997644287396938,339,-2.3001023753470755,344,1698,1686
2021-05-10,0.9444708115804464,900,-2.0384561921477933,944,4214,4129
2021-05-11,0.7765086206896553,892,-2.9035701882922376,938,4176,4110
2021-05-12,1.3908696644601686,963,-2.5747421035182136,1000,4381,4354
2021-05-13,1.6273016997167145,639,-2.1493478569769144,683,2824,2803
2021-05-14,1.396519410977243,635,-2.0795516132792464,653,2988,2932
2021-05-15,1.2377583830960033,433,-2.3608286022116762,448,2177,2104
2021-05-16,1.384123814278582,404,-2.086383796997797,436,2003,1963
2021-05-17,1.4888993859234765,847,-2.0548645660239795,905,4234,4155
2021-05-18,0.4677317017901655,976,-2.1997881678329674,991,4413,4367
2021-05-19,0.8639503386004513,967,-2.7396875299692183,995,4430,4390
2021-05-20,1.2800482703137568,710,-2.052140057455078,757,3729,3675
2021-05-21,1.2110524579346753,654,-2.605073477845901,704,3031,3022
2021-05-22,1.1736599219027333,506,-1.367421806856521,522,2817,2773
2021-05-23,0.9099586966498393,373,-2.2937059785214293,390,2179,2132
2021-05-24,0.7355697255336846,732,-1.4504912701340025,772,3607,3586
2021-05-25,1.2954945624028995,807,-1.8207912859879245,839,3862,3723
2021-05-26,1.0926922100989602,822,-1.4113437256255055,846,3941,3868
2021-05-27,1.196832688588008,786,-1.6569995343941524,842,4136,4116
2021-05-28,0.6988267770876465,822,-1.803859596239566,896,4347,4287
2021-05-29,1.3415357766143108,559,-1.5111809547796988,577,2865,2845
2021-05-30,1.7669598680593739,763,-1.502669129354623,796,3638,3578
2021-05-31,1.4747519841269843,1176,-1.2799245336108174,1255,6048,5914
2021-06-01,0.6706550802139036,917,-1.3423305951512634,934,4488,4442
2021-06-02,1.5716334467671367,870,-1.531015874506441,923,4114,4089
2021-06-03,1.8188876276958004,926,-1.6860095160003585,981,4405,4350
2021-06-04,1.6463176574977814,656,-0.7205756202838353,683,3381,3344
2021-06-05,0.8050854353132627,408,-1.621337089524727,426,2458,2418
2021-06-06,0.6335023664638271,532,-2.168591684832158,559,2958,2902
2021-06-07,0.7485639686684069,814,-2.059963025042835,908,4213,4153
2021-06-08,1.3768475452196387,799,-1.9441775976712232,813,3870,3836
2021-06-09,1.5926080892608085,792,-1.267990674020706,825,4302,4259
2021-06-10,1.4377460231868426,744,-1.3020426873903257,762,3709,3636
2021-06-11,1.5350830078125006,783,-1.0919913669711494,810,4096,4047
2021-06-12,1.5965788438851753,502,-1.2288857643980262,523,2543,2478
2021-06-13,1.2557386527898244,715,-1.5938454058060774,745,3459,3387
2021-06-14,1.7781054131054135,1573,-1.5829554864684063,1681,7020,6941
2021-06-15,1.5501309128992844,1250,-1.2616315910729774,1294,5729,5628
2021-06-16,2.001008858267716,859,-0.4876652737767299,867,4064,4034
2021-06-17,1.5910655737704915,1212,-0.8731430841781767,1252,6100,5959
2021-06-18,1.7269726922432567,1249,-0.9694302109749808,1312,5969,5824
2021-06-19,1.7759160913436012,682,-0.33088779626726467,700,3766,3692
2021-06-20,1.707640449438202,680,-0.665489730714073,707,3560,3530
2021-06-21,1.6986180904522616,928,-0.924157255632539,947,4786,4751
2021-06-22,1.952408111533587,930,-0.830986608949376,944,4734,4690
2021-06-23,1.4043523749738447,955,-1.5321903043427687,997,4779,4573
2021-06-24,1.4397354694485847,1027,-1.3921468479034427,1061,5368,5251
2021-06-25,2.0832752613240415,852,-1.3280953714483419,893,4592,4478
2021-06-26,0.5995064540622626,475,-1.7152412653139828,512,2634,2613
2021-06-27,0.3291922531884743,404,-1.8344220723436135,427,2117,2093
2021-06-28,0.7855895196506548,656,-2.106675352590318,675,3206,3093
2021-06-29,1.2007104795737122,732,-1.4859855640495283,765,3941,3868
2021-06-30,1.729233922623624,718,-1.0593060743357796,740,3903,3773
2021-07-01,1.2215354427274958,737,-2.2505362951143675,770,4077,4002
2021-07-02,1.2903466826060974,618,-2.4190519515295743,650,3346,3292
2021-07-03,1.10863697705803,434,-1.7291289541440549,438,2223,2201
2021-07-04,1.3094459582198001,394,-1.6331752472822751,425,2202,2131
2021-07-05,1.0252037252619335,645,-1.5181134637404405,659,3436,3396
2021-07-06,1.1180857675574893,646,-1.325581226474357,670,3218,3182
2021-07-07,1.527433849226161,775,-0.9398182941656653,818,4006,3959
2021-07-08,1.3934291581108829,857,-1.4731361518952677,893,4383,4264
2021-07-09,1.6444073961806607,676,-1.5801352589584685,682,3299,3270
2021-07-10,2.056852035749752,384,-0.532971074212985,400,2014,1948
2021-07-11,1.3016052880075544,394,-1.5889522198404873,405,2118,2096
2021-07-12,1.4473266116712495,682,-1.2058184503291864,699,3273,3208
2021-07-13,1.1521129844536895,908,-1.1843864622928446,949,4567,4509
2021-07-14,1.1170130497825037,796,-1.3223603085845084,828,4138,4119
2021-07-15,1.1219740832644063,738,-2.148142143183626,758,3627,3544
2021-07-16,0.5949062500000004,645,-1.634611256053841,664,3200,3196
2021-07-17,0.6510719390185803,401,-0.7887512356843919,419,2099,2072
2021-07-18,0.7458122540753228,390,-2.417761317657937,415,1779,1762
2021-07-19,1.2207185942827175,726,-2.2452124229792148,884,3813,3721
2021-07-20,1.0341302027748127,955,-1.734894771727699,1017,4685,4642
2021-07-21,0.568178019222733,1033,-2.551481109275262,1089,4786,4757
2021-07-22,0.7429284110750809,844,-2.521476852034075,869,4009,3999
2021-07-23,1.496963319302465,552,-2.1124883229175158,585,3326,3257
2021-07-24,0.37186351706036747,348,-1.921453517645236,356,1905,1875
2021-07-25,-0.6838250790305587,351,-2.626400118507039,362,1898,1870
2021-07-26,1.0327613516367475,684,-2.164074645785386,729,3788,3683
2021-07-27,1.6310844892812109,875,-1.7193303999504808,926,4758,4677
2021-07-28,0.9250310302027309,843,-1.8996589206213692,883,4834,4666
2021-07-29,0.21871688115064347,963,-2.228813827300647,1066,5284,5144
2021-07-30,0.6473068813494348,906,-2.5795511973163725,980,5217,5089
2021-07-31,0.4790461121157324,711,-3.70647257145167,764,4424,4294
2021-08-01,-1.4517996870109544,695,-4.558497875350359,760,3834,3745
2021-08-02,-0.37026914249947834,836,-3.1255112346459883,882,4793,4676
2021-08-03,-0.27655660377358504,781,-2.9195357845504497,815,4240,4178
2021-08-04,-0.7878748370273794,664,-2.3875227764600413,708,3835,3711
2021-08-05,0.22044137931034477,724,-3.0091377838680837,741,3625,3585
2021-08-06,-0.18238670694864043,613,-3.0769474907173113,656,3310,3290
2021-08-07,0.7515290519877672,368,-2.46072713688711,388,1962,1930
2021-08-08,0.520911528150134,422,-2.401436128302625,452,2238,2183
2021-08-09,0.7218342287029934,511,-2.6382816040388057,538,2606,2600
2021-08-10,0.7934887459807075,491,-1.775090249837316,506,2488,2446
2021-08-11,0.5431070678796361,521,-2.287867785709786,543,2858,2810
2021-08-12,0.0856010149064383,635,-2.8460281338399835,648,3153,3115
2021-08-13,-0.052297136038186136,661,-2.7377207939081645,714,3352,3281
2021-08-14,-0.8351265822784811,519,-3.8272770742769797,552,2844,2773
2021-08-15,0.8002275312855519,332,-2.8870126754527154,350,1758,1722
2021-08-16,1.1044766505636072,584,-1.7837602009440876,615,3105,3073
2021-08-17,1.1329220779220779,557,-1.559727137097758,593,3080,3035
2021-08-18,1.7316548582995948,742,-1.3796286353800593,777,3952,3878
2021-08-19,1.8358453473132372,918,-1.128995938173468,953,4578,4480
2021-08-20,1.9590279354985238,852,-1.7233721425256563,879,4403,4339
2021-08-21,1.2165273132664438,694,-1.579164498407767,737,3588,3553
2021-08-22,1.5732070785470351,668,-1.7740616833314622,708,3221,3213
2021-08-23,1.4503204306588053,762,-1.9512878007556604,783,3901,3763
2021-08-24,1.6397943755669795,695,-1.600312546707205,720,3307,3261
2021-08-25,1.8148378728923478,764,-1.2527692802021486,815,3855,3798
2021-08-26,2.035384615384616,604,-1.3871844476526427,619,3185,3146
2021-08-27,1.9687912087912087,1000,-1.2659441787796155,1062,5005,4905
2021-08-28,1.1984439504604638,589,-1.666062603529044,625,3149,3106
2021-08-29,1.82082076041038,600,-1.727405188420077,656,3314,3265
2021-08-30,1.8707852193995378,813,-1.0901504823684647,868,4330,4280
2021-08-31,2.2382465870307167,969,-0.9529715586029465,1018,4688,4567
2021-09-01,1.8230668414154654,659,-1.3101461103697474,685,3052,3028
2021-09-02,1.6063660477453579,801,-1.3669334211719155,843,3770,3724
2021-09-03,1.6311869126348766,583,-1.302828120589092,618,2873,2801
2021-09-04,0.9837449483610239,440,-1.3914920844282734,463,2227,2176
2021-09-05,1.0858701895462382,322,-1.3853573564363704,333,1741,1739
2021-09-06,1.3993695586910837,666,-1.3723473947432587,685,3331,3297
2021-09-07,1.3194650483254666,926,-1.1826119327138134,971,4449,4365
2021-09-08,1.3149813806932111,710,-1.0946380915516802,724,3491,3439
2021-09-09,1.2892463235294116,673,-1.4726485955414605,694,3264,3244
2021-09-10,2.1396242527754055,645,-1.0434407230346125,683,3513,3448
2021-09-11,0.8187473002159826,451,-1.5395420092611596,480,2315,2305
2021-09-12,0.5706967213114755,500,-1.5451721266990992,513,2440,2422
2021-09-13,1.3296276453254754,712,-0.7117680811382104,734,3733,3604
2021-09-14,1.6100789473684207,773,-0.8857061167066782,796,3800,3742
2021-09-15,1.7014312383322967,622,-0.9161572839859383,659,3214,3163
2021-09-16,0.9967977171845275,571,-1.4541444810718918,605,3154,3091
2021-09-17,1.5772526616463256,787,-1.6661204572600348,827,3851,3788
2021-09-18,1.604898446833931,479,-1.0447210910617546,482,2511,2463
2021-09-19,1.3326185101580137,551,-0.4934690280723828,573,2658,2607
2021-09-20,1.0189397477814106,830,-1.3981848280426759,849,4282,4145
2021-09-21,1.3799152753550958,756,-0.7898107297026272,800,4013,3949
2021-09-22,1.522043969102792,1010,-1.013032423459146,1057,5049,4955
2021-09-23,1.7980156075808251,899,-1.2333936461441166,919,4485,4364
2021-09-24,1.5127592543974795,734,-1.9373995789654377,753,3809,3664
2021-09-25,1.7205542725173213,704,-1.4774653817904475,750,3464,3387
2021-09-26,1.0017153453871117,985,-1.6997621035064687,1009,4314,4247
2021-09-27,0.9505263157894739,1250,-1.8729486536550126,1281,5985,5923
2021-09-28,1.6570629660314833,1012,-1.3453404725308444,1040,4828,4783
2021-09-29,1.9534814237464277,1616,-1.366364970842859,1738,7698,7552
2021-09-30,1.4635557016102532,1289,-1.3000123377064727,1378,6086,5980
2021-10-01,0.9789596109113979,999,-1.6777715407260478,1031,4729,4680
2021-10-02,0.8440789473684213,574,-1.405065141596196,592,2736,2709
2021-10-03,1.2089135254988914,395,-1.6037779744979952,406,2255,2187
2021-10-04,1.5331511839708558,631,-1.2274768971055212,657,3294,3246
2021-10-05,1.6124316109422494,674,-1.237397473364997,686,3290,3257
2021-10-06,1.3747016147905455,785,-1.5188134912350524,807,4273,4089
2021-10-07,1.0871176217147787,809,-1.3426877281552665,867,4642,4538
2021-10-08,0.7574350234341714,855,-1.5002441856708244,881,4694,4393
2021-10-09,1.2476142131979695,517,-0.980576471735814,532,2955,2893
2021-10-10,0.8923862581244196,407,-1.0297426219713675,410,2154,2107
2021-10-11,0.47254350051177063,807,-1.6294881682256512,837,3908,3858
2021-10-12,0.5996009577015166,772,-1.6829858045729706,819,3759,3605
2021-10-13,0.7021554689291448,806,-1.0410852124663192,847,4361,4322
2021-10-14,1.5649462365591396,922,-0.5486137509955364,975,5115,5013
2021-10-15,1.371368560689808,863,-1.2683684444276841,898,4523,4412
2021-10-16,1.9060047846889956,834,-1.0286288731756625,885,4180,4112
2021-10-17,1.598632610939112,732,-1.3935807566923955,775,3876,3768
2021-10-18,1.8785032200755052,937,-0.8235041644920337,962,4503,4407
2021-10-19,1.5309817030260384,1237,-1.3799007495318767,1261,5684,5593
2021-10-20,1.7998931623931624,867,-0.7905410514280682,899,4680,4356
2021-10-21,0.7321905449296282,1057,-1.7170544086375974,1090,5542,5350
2021-10-22,1.276393668272539,849,-1.7417407187753584,882,4359,4278
2021-10-23,0.9901241753977494,1048,-1.9988321008879912,1147,5154,5079
2021-10-24,1.062045060658579,854,-1.1479116874673911,884,4039,3987
2021-10-25,0.8900633484162895,1060,-1.4358532893271274,1098,5525,5445
2021-10-26,1.201065980518287,1022,-1.4305948475394665,1066,5441,5320
2021-10-27,0.8768781158672857,1192,-1.5198940847920805,1228,5817,5690
2021-10-28,0.9928938845494382,1075,-1.1821718674088384,1108,5249,5187
2021-10-29,1.2149075500770412,1015,-0.20997493422753954,1052,5192,5013
2021-10-30,1.1409608442099417,628,-1.332992520857418,664,3601,3510
2021-10-31,1.106494522691706,1354,-1.5206451892635926,1404,6390,6314
2021-11-01,1.6960234407701966,1041,-1.2179011718179662,1094,4778,4742
2021-11-02,1.1872764965016847,825,-1.8918885313142098,839,3859,3824
2021-11-03,1.6561836518046706,670,-1.228719639182211,697,3768,3648
2021-11-04,1.0933672029353656,622,-1.9542853697245943,660,3543,3461
2021-11-05,1.6619035064592673,714,-1.2319532015883163,787,3793,3659
2021-11-06,0.8230795262267341,536,-1.8070369794382934,577,2955,2856
2021-11-07,1.301943256898562,456,-1.0154149173117808,509,2573,2486
2021-11-08,1.5770743405275778,768,-1.0674640343345756,803,4170,4096
2021-11-09,1.6618186385330322,805,-1.226875674323277,823,3981,3860
2021-11-10,0.9035225048923679,799,-1.4999454302175392,936,4088,3963
2021-11-11,1.385377725856698,976,-1.8651097617168386,1046,5136,5061
2021-11-12,1.2719487098306157,1224,-2.183009622158411,1267,6317,6232
2021-11-13,0.9321188878235857,723,-2.023886318563095,803,4172,4091
2021-11-14,1.2569873997709051,663,-1.8745373876857065,697,3492,3405
2021-11-15,1.2769230769230768,1213,-1.7179381971622163,1267,5850,5702
2021-11-16,0.8610803834808259,1091,-1.9425203952562122,1134,5424,5324
2021-11-17,1.3772229690800841,1035,-1.3049599111858594,1099,5207,5109
2021-11-18,1.4158624942192075,1399,-1.1433711903696322,1441,6487,6325
2021-11-19,1.8285743547726345,988,-1.1620051394828694,1046,4882,4817
2021-11-20,1.9323327079424648,584,-1.1264720041299612,637,3198,3100
2021-11-21,1.87547430148327,539,-1.1044908665502662,574,2899,2829
2021-11-22,1.5700952380952378,811,-1.0409242756118093,857,4200,4105
2021-11-23,1.7957099080694587,1093,-1.3766397520969023,1136,5874,5790
2021-11-24,1.9725844320028894,1011,0.2283630681570911,1076,5537,5418
2021-11-25,2.0440325497287533,986,-0.5618017878059189,1014,5530,5381
2021-11-26,1.0509449298922984,848,-1.9786213963042814,898,4921,4840
2021-11-27,1.3244452149791957,526,-0.8386547028122613,551,2884,2833
2021-11-28,1.2982627118644068,415,-1.1225961669142595,435,2360,2320
2021-11-29,1.5024897400820794,688,-1.150521592374523,710,3655,3549
2021-11-30,1.539614000654236,588,-1.3008422654409741,613,3057,2986
2021-12-01,1.6858119658119655,640,-1.0984556523242779,677,3510,3467
2021-12-02,1.5124223602484468,772,-1.022381649209992,824,4025,3945
2021-12-03,1.4794725738396626,881,-1.9997853442795746,929,4740,4660
2021-12-04,1.598157987956075,467,-2.076572515081775,513,2823,2783
2021-12-05,1.038053714684339,518,-0.9031307110914919,561,2867,2751
2021-12-06,1.4485942739231366,796,-1.1822224273644732,815,3877,3786
2021-12-07,0.7056122448979592,943,-1.2275944311808038,965,4312,4209
2021-12-08,0.47374806971100825,944,-1.9680684841800213,978,4533,4458
2021-12-09,1.2464216634429401,792,-1.5409079349531516,829,4136,4003
2021-12-10,1.0171895006402047,586,-1.8249650239255029,615,3124,3104
2021-12-11,0.9765188222139396,464,-1.320636073958166,486,2683,2627
2021-12-12,0.5504783599088837,372,-1.3776666479162194,407,2195,2161
2021-12-13,1.5081902245706735,589,-0.48061420069792066,611,3028,2972
2021-12-14,1.9152652005174642,743,-0.7205644343364657,772,3865,3825
2021-12-15,1.9529427867506157,696,-0.6046863382647332,738,3653,3587
2021-12-16,1.3333603020496223,725,-0.6230176114949924,758,3708,3569
2021-12-17,1.5737850131673452,800,-0.8901069214551058,854,4177,3963
2021-12-18,2.1399674796747967,552,-0.04328747519378641,585,3075,2994
2021-12-19,1.3618103733069045,539,-0.1820024005380167,569,3027,2891
2021-12-20,1.5258665966386558,798,-1.0650950739439506,829,3808,3748
2021-12-21,1.956188340807175,909,-0.835117932558643,933,4460,4376
2021-12-22,1.3852899575671853,788,-0.8091822074267087,834,4242,4121
2021-12-23,1.6627619867929944,684,-1.016482906931517,723,3483,3342
2021-12-24,1.3788636363636364,640,-0.8307235436573299,684,3520,3347
2021-12-25,1.389521296645307,436,-1.1533877091511293,470,2653,2593
2021-12-26,0.975832252485949,399,-1.3512564527107724,446,2313,2225
2021-12-27,1.9798287064382751,662,-0.4913395172802722,669,3386,3280
2021-12-28,1.071705001825484,452,-1.022198929026573,483,2739,2671
2021-12-29,1.282485207100592,429,-1.9028749908300657,440,2535,2460
2021-12-30,1.3465834818775995,682,-1.066333315608504,727,3366,3279
2021-12-31,1.9130081300813007,370,-0.08895695218915053,383,2091,1995
2022-01-01,1.3521856086079358,270,-0.8813712457829674,276,1487,1417
2022-01-02,1.2005827505827504,298,-0.8250662676907146,314,1716,1664
2022-01-03,1.770961386918834,502,-1.4916645508203312,520,2538,2397
2022-01-04,1.2787303058387398,416,-1.485492463350455,432,2158,2125
2022-01-05,0.8266002844950213,547,-1.5952742750691074,558,2812,2664
2022-01-06,1.7635069556777745,611,-1.1393108310298914,647,3091,3032
2022-01-07,1.2248968363136177,436,-1.3032213577063056,455,2181,2147
2022-01-08,1.253383458646617,413,-1.7824540331283973,441,2527,2417
2022-01-09,1.1239800995024878,361,-1.5288347488246103,383,2010,1976
2022-01-10,1.7652014652014654,504,-1.8312841700984879,543,2457,2433
2022-01-11,1.7207339449541288,484,-1.2273798030736143,502,2725,2654
2022-01-12,1.0189521800281294,537,-1.7784139403642065,565,2844,2759
2022-01-13,0.95362765229295,531,-1.4755510198731456,549,2922,2848
2022-01-14,2.0952526799387448,895,0.3313492953392124,929,4571,4437
2022-01-15,2.039316239316239,434,0.2897711992836946,447,2340,2275
2022-01-16,1.930568948891032,359,-0.8471961561241933,387,2074,1994
2022-01-17,1.6720037453183525,874,-1.7720796153282263,905,4272,4123
2022-01-18,1.6335526315789475,972,-1.6482238330610186,1004,4712,4485
2022-01-19,1.846868649547386,1034,-0.9940099103109061,1094,5413,5288
2022-01-20,1.9533394327538884,881,-0.21753523546305437,906,4372,4292
2022-01-21,1.7462555066079295,825,-0.8838211287952309,872,3859,3795
2022-01-22,1.4353290676416817,470,-1.823588842734308,487,2188,2122
2022-01-23,0.19318381706244497,394,-1.8004403616410862,416,2274,2099
2022-01-24,1.0693329215565164,590,-1.8321539738819481,620,3238,3172
2022-01-25,1.135675675675676,603,-2.2647055073611524,714,3515,3420
2022-01-26,1.5854746930218626,662,-1.3349749711935102,707,3339,3319
2022-01-27,2.0746233148295,980,-0.6255313293539573,1033,5044,4796
2022-01-28,1.9735883424408018,673,-0.9694059265935807,711,3294,3202
2022-01-29,1.58828125,358,-1.1980124264305048,375,1920,1888
2022-01-30,1.5616480162767044,399,-0.721335346666347,407,1966,1936
2022-01-31,1.585314685314685,730,-1.0120049062519747,747,3575,3517
2022-02-01,2.0526558891454965,821,-0.7687530592569524,851,3897,3822
2022-02-02,1.1205300179944382,1161,-1.934380288429695,1303,6113,5961
2022-02-03,2.2695436608317308,2137,-0.8765328471587401,2252,9883,9734
2022-02-04,2.4167139575733008,1514,-0.9952299727482834,1589,7401,7177
2022-02-05,2.3849177023849513,626,-1.4395079686144627,668,2977,2939
2022-02-06,1.8069038542990257,473,-1.2850611393474136,492,2361,2307
2022-02-07,1.5950943396226418,677,-0.5097555065691873,698,3710,3666
2022-02-08,1.2566195223742178,899,-1.365285264503745,918,4313,4257
2022-02-09,0.5991106460894584,742,-1.3818697335336183,787,3823,3736
2022-02-10,0.974759674636431,788,-1.8167198178082122,824,4057,4005
2022-02-11,0.7388468116296116,800,-1.9917035605811988,854,4093,3964
2022-02-12,1.201161393672407,438,-1.2027285373607057,464,2497,2365
2022-02-13,1.114752116082225,515,-1.4382310517576053,530,2481,2427
2022-02-14,1.8669579030976966,755,-0.5191377440700342,784,3777,3705
2022-02-15,1.4518728487548085,1008,-0.5670954730227602,1044,4939,4893
2022-02-16,1.6261904761904762,1011,-0.8994089792590905,1066,4956,4888
2022-02-17,1.5397350993377485,770,-1.2248836543884907,795,3473,3439
2022-02-18,1.2285419126328219,664,-1.4118964456772825,686,3388,3279
2022-02-19,0.5814639905548996,450,-1.6851996772114324,479,2541,2458
2022-02-20,0.8184200079396585,500,-1.1092260737018955,521,2519,2477
2022-02-21,1.5321617336152225,797,-1.6425817085500622,850,3784,3714
2022-02-22,1.5919767748746374,845,-1.6665488787169094,895,3789,3703
2022-02-23,1.0309504132231406,969,-1.7569770672091836,1035,4840,4765
2022-02-24,1.0593667546174141,1357,-1.9079755891092425,1469,6443,6349
2022-02-25,0.6882467690807119,814,-1.3946719936569039,898,4101,4059
2022-02-26,1.3515281042957894,887,-1.5989695273106406,983,4679,4560
2022-02-27,1.423555863023175,609,-2.4578892465901805,642,2891,2812
2022-02-28,1.3521632852603274,830,-2.023394097308333,881,4091,4041
2022-03-01,1.357457908465734,820,-1.5707777848331557,863,4217,4162
2022-03-02,1.66857978843124,872,-2.058259595513438,957,4443,4376
2022-03-03,1.6731517509727627,673,-1.8480894025731625,721,3341,3249
2022-03-04,1.1871176775531365,696,-2.1286944417855924,752,3858,3754
2022-03-05,2.5356371986222728,899,-1.5934197065642055,969,4355,4298
2022-03-06,2.0100323624595475,874,-1.8446566911596016,939,4017,3981
2022-03-07,2.0001667424586937,1361,-1.2702761062494172,1450,6597,6492
2022-03-08,2.0975108711950816,1495,-1.764647751493007,1554,6669,6461
2022-03-09,1.9818219333539664,2232,-1.2317396714975906,2408,9693,9511
2022-03-10,2.197530784186649,3414,-1.974930636104211,3704,15430,15239
2022-03-11,1.6598119858989422,1621,-1.6469103920803285,1730,7659,7566
2022-03-12,1.6800167224080267,1242,-1.0714913498130116,1302,5980,5891
2022-03-13,1.873989196267802,1356,-1.0296581455477345,1415,6109,6002
2022-03-14,1.909546637446925,1655,-1.1537252955350359,1765,7301,7204
2022-03-15,2.0357811120917924,1113,-1.0984850296534936,1179,5665,5581
2022-03-16,1.9364589955499047,1284,-0.8413897842960388,1381,6292,6222
2022-03-17,2.3648193161562143,1357,-1.0097016481851362,1422,6171,6053
2022-03-18,1.8996037249851399,1063,-1.6697907800812568,1099,5047,4894
2022-03-19,1.9504416094210006,653,-1.877153780198321,676,3057,3007
2022-03-20,2.2516216216216223,773,-1.4691742499207365,836,4070,3993
2022-03-21,2.1579307396323215,919,-1.932987294126013,958,4678,4312
2022-03-22,1.8501821493624775,902,-2.063305946099097,937,4392,4266
2022-03-23,1.4876048714479024,747,-1.7835177032292686,788,3695,3620
2022-03-24,1.9593630919978224,726,-1.220553475088135,759,3674,3641
2022-03-25,1.654174841944626,1008,-1.1220386910219728,1039,4587,4546
2022-03-26,1.845284090909091,668,-1.8701799688667162,746,3520,3415
2022-03-27,2.2572890995260657,995,-2.095833821876508,1141,5275,5186
2022-03-28,1.966338667820069,2035,-1.6648681562682681,2215,9248,9143
2022-03-29,2.224361795774648,2759,-1.6799315985853143,3075,13632,13454
2022-03-30,2.251593479218681,1417,-1.8247648947019666,1508,6809,6504
2022-03-31,1.6555525497091845,1520,-1.5750641807744252,1677,7393,7219
2022-04-01,1.7750798185178962,1244,-0.785086275614544,1331,5951,5812
2022-04-02,1.9894436906377206,737,-1.3221345714328698,852,3685,3598
2022-04-03,1.9525588952071486,510,-1.2229734406163055,529,2462,2437
2022-04-04,1.5406575520833332,654,-1.1866479708999307,673,3072,3048
2022-04-05,1.1709318497913772,730,-1.1794635579617527,779,3595,3560
2022-04-06,0.6642560073937155,820,-2.2455240164516845,875,4328,4242
2022-04-07,0.9728314562339458,1099,-2.552495777377596,1196,5061,4994
2022-04-08,1.572345782626941,986,-1.7833410433794956,1011,4766,4639
2022-04-09,1.2927146574154385,446,-1.7879954015868726,461,2306,2274
2022-04-10,1.4433673469387758,408,-1.2471820362523964,430,2156,2105
2022-04-11,1.6478893224547715,540,-0.8661930961023295,568,2819,2782
2022-04-12,1.4495680000000002,636,-1.7237725612554005,655,3125,3091
2022-04-13,1.6117294235254915,625,-1.6166320478097072,655,3001,2963
2022-04-14,2.1007952286282308,627,-1.5209539599561648,674,3521,3459
2022-04-15,1.9864864864864864,631,-1.5237456132465907,646,3182,3010
2022-04-16,1.2624768946395564,382,-2.220098511151549,405,2164,2102
2022-04-17,0.3102347056560216,462,-2.5259759751318427,504,2599,2577
2022-04-18,0.7657601977750309,660,-2.060944656388861,685,3236,3204
2022-04-19,1.0897210300429183,981,-2.128022189793577,1020,4660,4588
2022-04-20,1.0608472998137801,853,-2.1696289069666754,905,4296,4174
2022-04-21,1.0374393792434529,637,-1.7756206301641209,666,3093,3040
2022-04-22,0.968338713682642,862,-2.214255041739073,879,4027,3893
2022-04-23,0.18004426410918484,521,-1.416998661807628,554,2711,2682
2022-04-24,1.6527594821712466,947,-2.319740581632209,1002,4403,4356
2022-04-25,0.8103933482571155,1325,-2.2822732862241453,1442,6254,6068
2022-04-26,1.0650285351934052,1389,-2.6179132787748762,1481,6308,6197
2022-04-27,0.9692129629629629,1101,-2.1914754392749027,1154,5616,5469
2022-04-28,0.872198275862069,1384,-2.4686503365496413,1542,6496,6408
2022-04-29,0.8373897707231039,1316,-1.9651715524471083,1399,5670,5559
2022-04-30,1.1060850667494564,667,-1.1840435869304111,702,3221,3183
2022-05-01,0.6383146408002424,632,-2.3735303566365578,667,3299,3206
2022-05-02,0.7424497555676265,726,-0.5280339884095091,772,3682,3585
2022-05-03,1.224538483385402,695,-0.5158903742943471,733,3521,3440
2022-05-04,0.7799724707501722,635,-2.1959434985074573,649,2906,2839
2022-05-05,1.5488131699846863,554,-1.0222504344374554,577,2612,2570
2022-05-06,1.4351317957166396,554,-2.3199557138870603,580,2428,2414
2022-05-07,0.8365138592750533,362,-1.9747788390889844,406,1876,1863
2022-05-08,0.939545167403664,302,-2.0189699099601057,322,1583,1551
2022-05-09,0.9243044451551008,603,-1.4358748255682248,640,3127,3091
2022-05-10,0.9170776818742292,646,-1.2649091596785562,672,3244,3176
2022-05-11,2.0225466982373064,733,-0.678296465630564,762,3801,3771
2022-05-12,1.1113625062158132,686,-1.369405246897959,726,4022,3983
2022-05-13,1.1932937023964332,1178,-1.8004608090454617,1268,5383,5300
2022-05-14,1.8677920324105335,934,-0.9261680839444709,984,4443,4360
2022-05-15,1.6402147297042757,1084,-0.4822672995983478,1142,5309,5283
2022-05-16,1.3671813327141862,1801,-1.5231983285292452,1963,8614,8508
2022-05-17,1.1210148181409971,2031,-1.6627158286124608,2185,8908,8797
2022-05-18,1.128907452187294,1935,-1.3784744161750602,2078,9098,8965
2022-05-19,1.335874135358741,1609,-1.4173315081891487,1665,7373,7321
2022-05-20,1.4013441752406242,1236,-1.7637705193900561,1304,6026,5970
2022-05-21,1.6810730548406256,1021,-1.5235842135294377,1074,5051,4970
2022-05-22,1.4913563829787233,779,-1.8571587719635914,798,3760,3695
2022-05-23,1.0886250478743773,1173,-1.8357422844997318,1214,5222,5178
2022-05-24,1.2640557939914163,1872,-1.49714962149287,1984,8388,8240
2022-05-25,1.3345216722236468,1751,-1.5268287941869167,1828,7798,7658
2022-05-26,0.7354029770685262,1525,-1.8142656623061406,1591,7457,7321
2022-05-27,0.995098355369236,1165,-1.652678178213801,1287,6202,6090
2022-05-28,1.4735383064516132,878,-1.1804080278813993,911,3968,3863
2022-05-29,1.5651015464877958,1106,-1.449115434054241,1159,5367,5328
2022-05-30,0.9777334783133986,1771,-1.7971727734646608,1828,8277,8158
2022-05-31,1.7250982259792833,1796,-1.5326789265408352,1863,8399,8266
2022-06-01,1.6436630703236705,1582,-1.376027167712555,1679,7693,7602
2022-06-02,1.5479512566641278,1321,-1.3242685523407445,1358,6565,6357
2022-06-03,1.1452262308152283,1003,-1.7319988000543922,1062,5017,4927
2022-06-04,1.6037167252636864,803,-1.8049968676949024,862,3982,3968
2022-06-05,1.3382004482869037,604,-1.9606239143186437,639,3123,3064
2022-06-06,1.483046940486169,958,-1.7658619469122676,1005,4772,4616
2022-06-07,1.715645119752768,1539,-1.620829025149231,1597,7766,7678
2022-06-08,1.8666311507167763,2096,-1.5658499574098912,2227,10324,10156
2022-06-09,1.266170763260026,1339,-2.0660014679440484,1410,6184,6111
2022-06-10,1.1101993865030677,1005,-2.2412523391696615,1073,5216,5125
2022-06-11,1.4133259607409456,699,-1.7110223629460577,750,3617,3580
2022-06-12,1.1222281167108756,735,-2.6058415752348965,762,3770,3761
2022-06-13,0.3835551174634467,1225,-2.6849482710384787,1262,6087,5916
2022-06-14,1.1459194291660473,1244,-2.0364170265603168,1314,6727,6564
2022-06-15,1.4694345718901454,1292,-2.0279407173983843,1331,6190,6033
2022-06-16,1.2596006944444444,1180,-2.180039017216426,1220,5760,5654
2022-06-17,1.2882529474812434,943,-1.5292958529113692,1015,4665,4628
2022-06-18,1.4307415877164325,561,-0.8199509794989973,576,3061,3000
2022-06-19,1.1574633562668262,696,-2.33554610574894,715,3343,3240
2022-06-20,1.5969142857142864,1326,-2.0687281940623494,1365,6125,5974
2022-06-21,1.6668523676880225,1183,-1.5211507840157548,1227,6103,6038
2022-06-22,1.6311340538796582,1396,-0.6260154464829106,1479,6199,6064
2022-06-23,1.3138621092608822,1517,-1.5335011339390894,1577,6846,6766
2022-06-24,0.9185848839880539,875,-1.975451965313876,913,4353,4188
2022-06-25,0.6613030602171767,594,-1.546683217133376,605,3039,2963
2022-06-26,0.9387768379960963,595,-1.525726404667583,635,3074,3032
2022-06-27,1.855150145301905,1359,-1.5396346408759234,1427,6194,6071
2022-06-28,2.0709691252144093,2496,-0.9166792168968623,2682,11660,11467
2022-06-29,1.9947479360618314,2525,-0.41987161893881625,2638,11386,11210
2022-06-30,2.069765307460339,1502,-0.7176860843835177,1633,7627,7564
2022-07-01,1.741308730035664,1330,-1.3185510701398457,1390,6449,6374
2022-07-02,1.0259940492291044,792,-1.2900652087644078,819,3697,3585
2022-07-03,1.611989342806394,712,-2.027887829112538,782,3378,3303
2022-07-04,1.964885784406268,1123,-1.6200154723587357,1159,5297,5189
2022-07-05,1.9251781840718936,1304,-1.1958513418841397,1360,6454,6364
2022-07-06,1.9467104210020811,1321,-1.2551085510961,1395,6247,6163
2022-07-07,1.8895779265127723,1539,-1.5572395925252134,1633,7321,7201
2022-07-08,2.030931158733169,1108,-1.6668985229782685,1144,5273,5134
2022-07-09,1.4759893285904846,438,-1.2221051661324893,460,2249,2226
2022-07-10,2.118613138686131,473,-0.7783221326639927,481,2192,2170
2022-07-11,1.9648059763436396,1057,-0.9221400019872327,1106,4819,4740
2022-07-12,2.387438208781623,1520,-1.5273025582013788,1629,6878,6777
2022-07-13,2.4867072833010258,1609,-1.7404987869681934,1712,7222,7140
2022-07-14,2.0715999261856433,1151,-1.248461786225463,1190,5419,5250
2022-07-15,1.4451232032854207,744,-1.8245569933084969,777,3896,3830
2022-07-16,1.2817486702127656,647,-1.8045764444835395,677,3008,2984
2022-07-17,1.4324175824175824,594,-1.8967869056887527,627,2912,2850
2022-07-18,1.9842921061041872,1459,-1.9111645939984734,1503,6258,6159
2022-07-19,2.3238257727820164,2368,-1.7455476806557393,2502,9964,9860
2022-07-20,1.7116438356164385,2052,-2.4104986177469034,2144,8614,8436
2022-07-21,1.2343192783721415,1981,-3.1412998106923515,2116,9534,9273
2022-07-22,3.127850647079399,2459,-1.3972558589049624,2605,11436,11307
2022-07-23,2.3412554381603483,1694,-1.9472894620361227,1782,8045,7924
2022-07-24,2.4491666666666676,1222,-2.3612699747232204,1334,5640,5562
2022-07-25,2.6169446041786473,1137,-1.9031330581444916,1168,5217,5126
2022-07-26,2.358917647058824,1336,-1.569689377504407,1369,6375,6201
2022-07-27,1.3963611491108068,1520,-2.5079183640576557,1573,7310,7195
2022-07-28,2.1980050323508267,1099,-1.6628283263778862,1153,5564,5481
2022-07-29,1.587615062761506,1206,-2.2703415494358583,1277,5975,5814
2022-07-30,1.414940055333538,709,-2.874259554595769,729,3253,3183
2022-07-31,2.217356205852674,624,-2.0985614021249392,639,2973,2939
2022-08-01,3.010793465577596,1059,-1.2737245504075059,1082,5142,5081
2022-08-02,2.191516709511568,1020,-1.4374769480259002,1078,5057,4960
2022-08-03,1.6559378036929056,1086,-1.9868511705564933,1126,5145,5073
2022-08-04,2.5374084249084254,854,-1.0933922158282892,883,4368,4300
2022-08-05,2.8110100090991823,1917,-0.7876562055029437,2007,8792,8711
2022-08-06,2.895563213439587,940,-1.3869484606079154,1001,4643,4567
2022-08-07,2.6786060019361084,689,-1.0340100124455898,714,3099,3051
2022-08-08,2.367026924535457,1052,-1.4919869955195992,1079,5274,5054
2022-08-09,2.1369157916409307,1042,-1.864142301306099,1058,4857,4817
2022-08-10,2.0070745216515604,808,-1.577712217420262,828,3972,3896
2022-08-11,1.57317158931083,1128,-2.026679411843605,1205,5688,5575
2022-08-12,1.163969631236442,937,-1.9318074411493416,959,4610,4552
2022-08-13,1.881134215500945,538,-1.6213545599816808,552,2645,2566
2022-08-14,1.3909753874202369,451,-2.107907574700617,467,2194,2143
2022-08-15,1.5818887451487709,656,-1.255755101869948,671,3092,3043
2022-08-16,1.6625726141078838,1201,-1.6392729376459327,1260,6025,5917
2022-08-17,1.758848500928628,1650,-0.9141903356911506,1717,7538,7415
2022-08-18,2.862990745250854,2263,-0.8995563796828484,2361,10265,10140
2022-08-19,2.585694161840664,1455,-1.712570250641979,1521,6389,6283
2022-08-20,1.935301906779661,707,-1.9787899453503521,783,3776,3704
2022-08-21,1.2724648689707556,549,-1.8467289393741064,560,2633,2613
2022-08-22,2.0815613166326825,713,-1.4907269837944963,740,3433,3395
2022-08-23,1.4518461538461538,1137,-0.9949415947373422,1196,5200,5163
2022-08-24,1.5790004923682914,819,-1.2441340469457045,833,4062,4007
2022-08-25,1.743004261363636,547,-1.605068796287493,565,2816,2724
2022-08-26,1.7767120181405898,876,-1.3324273223896785,914,4410,4251
2022-08-27,1.4754993342210387,414,-1.4895493413632301,429,2253,2207
2022-08-28,1.062784915043514,487,-2.7995328897799516,514,2413,2397
2022-08-29,1.3327053282307915,663,-1.9079601230875978,670,3397,3324
2022-08-30,1.787736123219994,681,-1.5621465016464264,687,3441,3402
2022-08-31,0.5630783758262511,641,-2.14306102952476,654,3177,3111
2022-09-01,1.533400878081729,572,-1.4254516689038748,584,2961,2918
2022-09-02,1.7883876600698483,696,-1.3938074177048951,703,3436,3323
2022-09-03,1.0286695986805938,792,-1.8461430591859904,831,3638,3567
2022-09-04,1.569621380846325,463,-1.8538790372289418,473,2245,2235
2022-09-05,1.1986280093191815,816,-1.9946669001768902,863,3863,3813
2022-09-06,1.8692307692307695,918,-1.5362377329153718,938,4407,4318
2022-09-07,1.7222621524494042,1127,-1.2510323462407307,1146,5287,5219
2022-09-08,2.079554330346887,881,-0.8232609614459487,912,4353,4217
2022-09-09,0.9821095431714902,835,-1.7477406581052972,851,4181,4119
2022-09-10,1.6675617615467244,403,-1.3264772513455523,408,1862,1812
2022-09-11,0.46828539409787046,591,-2.8766182408079377,606,2677,2635
2022-09-12,0.29402906208718627,771,-2.38950013000712,790,3785,3767
2022-09-13,0.969483919222139,862,-2.6298759823618685,893,4011,3950
2022-09-14,1.6188783570300156,835,-2.733353657338103,856,3798,3742
2022-09-15,1.7932521315468932,853,-2.0340002194350024,874,4105,4057
2022-09-16,2.1892416225749556,1085,-0.9669292749007508,1115,5103,5036
2022-09-17,2.12099533437014,582,-0.5267247504398063,600,2572,2539
2022-09-18,0.9872444807849547,517,-1.8046000083548426,530,2446,2399
2022-09-19,1.3071757735352216,647,-1.107388376920352,680,3038,3010
2022-09-20,2.1934703947368424,1194,-1.286332445047343,1236,6080,5914
2022-09-21,1.6909660766961654,1153,-1.888975630043452,1207,5424,5340
2022-09-22,2.302447425670775,1178,-2.021178630641008,1204,5516,5462
2022-09-23,1.1673589164785556,857,-2.291333904841594,907,4430,4348
2022-09-24,1.5431746031746032,492,-1.9300211581624906,507,2520,2482
2022-09-25,1.7259674705552448,364,-2.280857700487541,370,1783,1748
2022-09-26,1.2160382513661216,747,-2.394867733737272,785,3660,3598
2022-09-27,1.2036007413290986,781,-2.3328187981243556,802,3777,3681
2022-09-28,1.8082802547770704,800,-1.7181301219448073,842,4239,4201
2022-09-29,1.8565625733740312,793,-1.5744063900715712,817,4259,4151
2022-09-30,1.3217880236154078,763,-1.870495115867335,777,3557,3537
2022-10-01,1.907031578947369,490,-1.2782056509636675,507,2375,2351
2022-10-02,1.3285587583148555,480,-1.4741054266955846,503,2255,2244
2022-10-03,2.380190032269628,1142,-1.5668413150834222,1172,5578,5370
2022-10-04,2.484734054800827,901,-0.9152845282966616,918,4343,4279
2022-10-05,0.8939889336016096,797,-1.5065704034053404,835,3976,3897
2022-10-06,2.017564633905664,1020,-1.3245197003145086,1067,5067,4947
2022-10-07,1.6100772043884606,958,-1.3748040952628595,996,4922,4813
2022-10-08,1.5597414177440931,440,-1.6841208226915838,453,2243,2203
2022-10-09,2.0809253601047595,428,-1.6952033190294293,448,2291,2281
2022-10-10,1.7675856531049257,776,-1.8065329937386514,787,3736,3687
2022-10-11,2.3277181339059148,1055,-1.1465870940032095,1080,5123,5087
2022-10-12,2.0948043334070316,902,-0.7590465405757468,949,4523,4471
2022-10-13,2.2254292147480994,1473,-0.9880632098138439,1521,7106,6940
2022-10-14,1.8660595130748423,1130,-1.0976251434093263,1165,5545,5517
2022-10-15,1.4771507863089735,826,-2.6824849646763265,881,4324,4211
2022-10-16,0.8698061883713021,518,-3.7276795853985067,545,2941,2914
2022-10-17,1.1978117048346062,783,-2.622510550179436,794,3930,3832
2022-10-18,1.2425136872173308,777,-1.8665157008298559,789,4201,4136
2022-10-19,2.5497488699146174,795,-0.9899867351350407,817,3982,3923
2022-10-20,2.124961171510984,917,-1.4141360773341747,942,4507,4363
2022-10-21,1.7454203539823012,948,-1.296998917203418,986,4520,4448
2022-10-22,2.3506097560975605,524,-1.8712131222402848,531,2952,2851
2022-10-23,2.1017608217168022,592,-2.942988165205344,624,2726,2710
2022-10-24,1.3851930872626423,939,-3.191257258839288,1131,4687,4636
2022-10-25,1.6395876826722346,786,-1.2894802043460174,800,3832,3801
2022-10-26,1.6835753732869712,976,-1.2304007974093258,991,4889,4842
2022-10-27,1.7257301808066763,1016,-1.094943243777773,1043,5033,4973
2022-10-28,2.1382995119445165,839,-0.38650802984500754,856,3893,3847
2022-10-29,2.598819875776398,714,-1.1663313075939366,725,3220,3146
2022-10-30,3.2555413196668788,626,-2.115319221193502,660,3122,3106
2022-10-31,2.3460678210678205,1097,-1.3909566089497705,1134,5544,5370
2022-11-01,2.3207900207900196,1527,-1.4100604697108465,1610,7696,7597
2022-11-02,2.473376623376623,1427,-0.7678796356729998,1503,7392,7319
2022-11-03,2.577340652637991,1361,-0.8017588811487545,1413,6558,6492
2022-11-04,2.3414275379792615,799,-0.6466209030873866,882,4147,4027
2022-11-05,1.6188014487981555,646,-0.6915330731071327,661,3037,3011
2022-11-06,1.1525705450328567,508,-1.6056100742836261,530,2587,2488
2022-11-07,1.0175347783888717,615,-1.5586452011320908,619,3091,3035
2022-11-08,1.102626885033242,1228,-1.7396472694188787,1276,6167,6070
2022-11-09,1.580943396226415,756,-1.717934960734328,785,3710,3626
2022-11-10,1.8619334555933984,794,-0.8247678142276124,811,3817,3773
2022-11-11,2.1244125326370757,172,-0.669808887322407,176,766,756
2022-11-12,1.2801602564102568,555,-0.741176654895435,589,3120,3051
2022-11-13,-0.2526076064677753,773,-4.8027653430493835,808,4391,4282
2022-11-14,-0.1005840552905677,1938,-4.808693972181505,2062,10273,10142
2022-11-15,0.7742752023546731,1348,-2.6047258464381127,1435,6795,6734
2022-11-16,1.1908189655172425,995,-1.9410596677733272,1036,4640,4578
2022-11-17,2.0363533955584177,1310,-1.3955952915844112,1370,6214,6180
2022-11-18,1.0259643660266395,1198,-1.3164775649957612,1258,5781,5717
2022-11-19,0.12860576923076922,589,-2.4404823571241123,605,2912,2802
2022-11-20,-2.868410503106836,868,-4.151417762044045,967,4989,4953
2022-11-21,-0.9379154760114305,1251,-2.510848530856438,1329,6649,6539
2022-11-22,-0.30131420142148296,1596,-2.811262703555068,1627,7457,7290
2022-11-23,0.6030435437697766,1375,-2.377660182207178,1421,6637,6471
2022-11-24,0.6876635788854579,1390,-2.063884795408309,1427,6801,6721
2022-11-25,0.860312913177612,904,-1.6619384096185013,931,4538,4476
2022-11-26,0.3060295790671218,708,-1.7663195507069496,723,3516,3452
2022-11-27,-0.13487276154571182,584,-2.6547124285578945,622,3183,3078
2022-11-28,0.9021172275462447,881,-1.8946959667396672,914,4487,4431
2022-11-29,1.2811902439024383,1055,-1.7936974297332817,1099,5125,5024
2022-11-30,1.2017884742768832,951,-2.1631802224087413,981,4529,4421
2022-12-01,0.5757606490872212,866,-2.111380700705584,877,3944,3909
2022-12-02,1.3110091743119279,826,-1.9778533282313564,910,4033,3992
2022-12-03,0.8447976011994013,655,-2.350010395188622,675,3335,3291
2022-12-04,0.3029761904761903,423,-2.0348421056825567,436,2184,2170
2022-12-05,1.0407687651331727,641,-1.787178215491322,677,3304,3282
2022-12-06,0.7239262424106147,838,-1.3062458415929807,877,4447,4369
2022-12-07,1.2870641169853771,881,-2.2384918460011725,910,4445,4411
2022-12-08,1.3367156761234216,877,-1.8254205293564814,949,4829,4762
2022-12-09,1.8745310086073705,847,-1.2980819639985515,897,4531,4461
2022-12-10,1.7577009767092417,558,-1.3863503001555637,578,2662,2640
2022-12-11,1.603759743237047,829,-1.5402015395319666,878,4362,4306
2022-12-12,1.2292967032967037,952,-1.6002235822636945,1022,4552,4521
2022-12-13,1.719977553310887,706,-1.5801128072076438,727,3564,3483
2022-12-14,1.2175021607605887,948,-1.3805096144085238,970,4628,4515
2022-12-15,1.3752927120669056,825,-1.6078706391835105,839,4185,4143
2022-12-16,0.8385913664394685,638,-1.6888129216919272,658,3081,3063
2022-12-17,0.8882766072393301,337,-1.6648472306423407,345,1857,1814
2022-12-18,1.7467462686567166,304,-1.9553881093556742,312,1675,1646
2022-12-19,0.6459137794234329,780,-2.9425747567536114,797,3799,3702
2022-12-20,1.2290170940170944,924,-2.1978768671984747,938,4680,4569
2022-12-21,1.307311648596052,706,-1.487242795869671,730,3607,3568
2022-12-22,1.6397344479960663,804,-1.5797066014321737,837,4067,4032
2022-12-23,0.6479421928997794,627,-2.6013177195840247,650,3183,3158
2022-12-24,0.7399795501022496,382,-1.9894698739697074,393,1956,1909
2022-12-25,1.4201099764336216,498,-2.150454021409927,514,2546,2502
2022-12-26,0.685465648854962,577,-2.7835629548562726,676,3275,3261
2022-12-27,1.1815884476534297,644,-1.2560941394636154,661,3047,3030
2022-12-28,1.7789278254815533,934,-1.931017719845847,964,4309,4273
2022-12-29,1.9830772811918065,911,-2.26952973351681,964,4296,4154
2022-12-30,1.6986977381768344,657,-2.1552512649406053,667,2918,2877
2022-12-31,1.7358786993058095,529,-1.6491372182250537,552,2737,2708
2023-01-01,1.4564182842830307,293,-1.1491943350117257,307,1597,1577
2023-01-02,2.1041605482134127,399,-1.4200667864493175,415,2043,2026
2023-01-03,2.7794172062904705,774,-1.0287821857483168,824,4324,4236
2023-01-04,1.8637266493260825,858,-2.0206018335301987,903,4229,4210
2023-01-05,1.827033492822966,1290,-1.798205480553257,1377,6270,6180
2023-01-06,1.533931484502448,744,-1.6708092817377982,782,3678,3652
2023-01-07,1.0326180257510729,448,-2.0663828690697534,464,2330,2297
2023-01-08,1.8177642688280995,564,-1.4580258612096633,578,2961,2941
2023-01-09,1.800429184549356,851,-1.7302372276900997,869,4194,4135
2023-01-10,2.276784551963548,944,-1.4086674113556426,960,4609,4486
2023-01-11,1.877720848056532,1169,-1.7720965503777266,1213,5660,5594
2023-01-12,1.912753888380602,1165,-1.407045689591376,1202,5465,5339
2023-01-13,1.8327455402911639,1076,-1.9853628743522358,1127,4877,4844
2023-01-14,1.7458416334661349,842,-1.7783702333605478,918,4016,3966
2023-01-15,1.5014728096676737,590,-1.9086697634191052,610,2648,2603
2023-01-16,1.8828158148505307,1070,-1.9905154409157972,1095,5185,5018
2023-01-17,1.8498978644382553,1206,-1.493514300742287,1292,5385,5336
2023-01-18,1.7457863440639747,998,-1.179444697118265,1033,4877,4783
2023-01-19,1.3791449652777787,947,-0.8566641421509038,987,4608,4587
2023-01-20,1.4202806824435898,757,-1.5023963913019676,784,3634,3579
2023-01-21,0.329281257222094,953,-2.7180813634471215,1003,4327,4232
2023-01-22,0.33236633900743207,883,-3.1935163772489354,903,4171,4075
2023-01-23,0.8350292751867563,1032,-2.1821426875679824,1059,4953,4874
2023-01-24,0.9079649890590813,1463,-1.9635348553261598,1519,6855,6733
2023-01-25,1.386184773310522,993,-1.7700628815326729,1015,4676,4621
2023-01-26,1.2820801440792429,892,-1.778881140895369,935,4442,4398
2023-01-27,0.9066574202496542,861,-2.255469496285262,938,4326,4272
2023-01-28,0.4555064863372896,731,-2.7641577884679354,760,3623,3525
2023-01-29,0.9551431911163071,742,-2.827063579101323,770,3422,3360
2023-01-30,0.8503222435115841,1212,-2.211184124621435,1259,5741,5527
2023-01-31,0.8460500963391143,869,-1.5474413703495813,894,4152,4044
2023-02-01,0.3044401544401544,998,-2.0357787358252657,1013,5180,5090
2023-02-02,0.19999999999999973,866,-1.8627973675159781,930,4576,4509
2023-02-03,1.1646678424456205,948,-1.2583548427963218,978,5103,4977
2023-02-04,1.7590115198810865,500,-1.6615924773733268,506,2691,2611
2023-02-05,1.2856761565836305,442,-2.649460091413837,447,2248,2213
2023-02-06,2.8305713314887804,3915,-2.1197924929475067,4165,20601,20348
2023-02-07,2.7537410478703546,4155,-1.2606347045747297,4390,21224,20959
2023-02-08,2.9649303251493144,3491,-1.029363740525512,3624,18084,17606
2023-02-09,2.979119727534711,2675,-1.1819075394893597,2974,15268,14880
2023-02-10,2.8726737800094173,2382,-0.925751871021097,2511,12746,12480
2023-02-11,2.78385244091009,1689,-1.4053297496309547,1719,9054,8885
2023-02-12,2.7160943753949844,1851,-1.3056587829862034,1929,9494,9257
2023-02-13,2.707969500731143,1780,-0.8458416938929566,1873,9574,9369
2023-02-14,2.856592001636492,2007,-0.644707674151232,2080,9777,9710
2023-02-15,2.898053953871496,1954,-0.15052678175031106,2020,9712,9595
2023-02-16,2.416752336448595,1728,-0.7574662887855513,1791,8560,8297
2023-02-17,2.9744001222680687,1183,-0.07492064149354694,1210,6543,6380
2023-02-18,2.566365439717877,876,-0.6162415001311122,906,4537,4428
2023-02-19,2.500273925697651,1202,-1.5235453685455462,1301,5841,5745
2023-02-20,2.650753330842983,1622,-0.8228613041977608,1720,8031,7864
2023-02-21,2.5670436472875036,1140,-1.3231549919808063,1227,5659,5545
2023-02-22,2.074226078799251,896,-1.5282434514426633,932,4264,4234
2023-02-23,2.025543992431411,829,-1.2184742394488857,855,4228,4144
2023-02-24,2.520524113631358,861,-0.8656903057356313,905,4541,4463
2023-02-25,2.0183473389355746,560,-0.7816085701589957,579,2856,2800
2023-02-26,2.283764172335601,424,-0.828003172984517,443,2205,2184
2023-02-27,2.41510327022375,872,-1.2059465567248988,887,4648,4599
2023-02-28,1.9696812645763164,761,-1.5089414898583264,776,3859,3805
2023-03-01,2.124778325123154,835,-1.3558378812855303,867,4060,3983
2023-03-02,2.184023238925199,578,-1.0942946027588347,588,2754,2706
2023-03-03,2.4257866184448473,562,-0.4612394313528455,573,2765,2721
2023-03-04,2.0698924731182795,417,-0.89660507686653,424,2046,2003
2023-03-05,1.7776898734177216,381,-1.2933148927785898,395,1896,1851
2023-03-06,2.4062072460096275,781,-1.0778104622779872,817,3947,3891
2023-03-07,2.1405296488198045,679,-1.0329704238552972,699,3474,3380
2023-03-08,2.6233585858585866,623,-1.1960220447676977,654,3168,3125
2023-03-09,2.3007720020586735,752,-1.2225575735117569,812,3886,3859
2023-03-10,2.532878492527616,614,-1.2707355831998006,628,3078,3013
2023-03-11,2.3130858186244674,318,-1.0216900736126782,320,1643,1609
2023-03-12,1.6804864253393665,300,-1.3477840079316479,316,1768,1738
2023-03-13,2.2470313542361575,610,-0.8828787192011673,627,2998,2952
2023-03-14,2.388822155488822,624,-0.6983609507917592,639,2997,2942
2023-03-15,2.4956106870229,1096,-1.308773771931442,1148,5240,5146
2023-03-16,2.4836747624076025,1048,-1.122222850709872,1085,4735,4683
2023-03-17,2.521318894456119,1379,-0.3065366188252164,1422,6187,6135
2023-03-18,2.5327376861397495,964,-0.176091413385963,997,4365,4281
2023-03-19,2.0477174435367607,473,-0.8684983331078584,494,2081,2049
2023-03-20,2.271095421480528,939,-0.48303385640617935,999,4674,4610
2023-03-21,2.1737382629107986,736,-0.7844175726302173,750,3408,3350
2023-03-22,1.9148514851485152,459,-1.2299069710664965,461,2020,1963
2023-03-23,1.900868935553947,546,-0.8961509784280115,554,2762,2718
2023-03-24,1.0579089436746454,1212,-1.4735445288604925,1226,5557,5417
2023-03-25,1.6804798255179947,1145,-0.6368298057636013,1170,5502,5319
2023-03-26,1.4691903510866973,846,-0.9396989068666343,871,4187,4050
2023-03-27,1.5204487875497654,1164,-1.0004422448675518,1234,5526,5450
2023-03-28,1.7191467002942422,985,-1.011623856070389,1005,4758,4672
2023-03-29,1.891178015053388,1157,-1.0624246613773425,1195,5713,5580
2023-03-30,2.07120426390089,1424,-0.38093853251830967,1494,6942,6804
2023-03-31,1.8890446442175843,1294,-0.48800506078639405,1335,6563,6455
2023-04-01,2.009453848610668,615,-0.9019380566928152,622,3131,3059
2023-04-02,1.655328376703842,667,-0.9125362209744347,688,3228,3188
2023-04-03,2.107077264091198,1327,-0.36831603488585946,1379,6316,6191
2023-04-04,1.5465342679127714,1634,-0.93770798170875,1721,7704,7550
2023-04-05,1.6700998119485022,1482,-1.406026975035003,1560,6913,6733
2023-04-06,1.45875096376253,1251,-1.2166842441339318,1292,6511,6266
2023-04-07,1.7337830161885839,1420,-1.0176880989227002,1517,7052,6813
2023-04-08,0.8780906730577198,1059,-2.648476344901658,1127,5017,4918
2023-04-09,1.5662634408602147,749,-2.2209769949868785,767,3730,3649
2023-04-10,1.5703451043338685,1040,-1.0310620303089157,1060,4984,4881
2023-04-11,2.040475277884247,1019,-1.1029657854965904,1045,5218,5052
2023-04-12,1.640061791967046,970,-1.0006492403696556,994,4855,4708
2023-04-13,1.7718513172140031,1125,-0.4760684528935396,1140,5542,5373
2023-04-14,1.5534354584365857,867,-0.7329605648531605,880,4439,4296
2023-04-15,1.4747742136406103,637,-0.5850145185427702,653,3211,3142
2023-04-16,1.1674056113612756,532,-1.155178643998567,553,2887,2833
2023-04-17,1.503213367609255,935,-0.9074803230301917,951,4668,4531
2023-04-18,1.610980235575965,929,-0.46632648069484384,947,5009,4855
2023-04-19,0.9715135238826016,955,-1.213940234733879,1036,5213,5087
2023-04-20,1.4146053449347424,947,-1.3404852826395548,982,4827,4780
2023-04-21,1.930514285714286,680,-1.1576465578086022,699,3500,3395
2023-04-22,1.007780320366133,405,-0.6735216338381278,420,2185,2141
2023-04-23,0.9161178509532061,564,-1.2200560868130645,613,2885,2807
2023-04-24,1.4551493783633334,1135,-1.732237416814393,1191,5389,5305
2023-04-25,1.7395474452554751,1370,-0.9657037676011926,1445,6850,6660
2023-04-26,1.4080659536541904,1378,-1.063439389275602,1411,6732,6499
2023-04-27,1.4782001117942953,1497,-1.4167737499981667,1553,7156,7058
2023-04-28,0.8759693417493238,1277,-1.7031717192959954,1433,6654,6499
2023-04-29,1.535539654144307,957,-0.9445512676131633,992,5031,4927
2023-04-30,2.009140201394269,757,-0.5595138352375366,768,3873,3837
2023-05-01,0.6911930585683296,919,-1.3768202542711263,946,4610,4405
2023-05-02,1.5229709878810147,1032,-0.7891711898905958,1055,5446,5045
2023-05-03,1.8423944063926923,1418,-1.0723851214937703,1469,7008,6763
2023-05-04,1.5613963797561892,1129,-1.587408325718003,1147,5414,5246
2023-05-05,1.587032173342088,1230,-0.7827080290104709,1265,6092,5920
2023-05-06,0.8757216077690856,643,-1.001918587967445,661,3707,3617
2023-05-07,0.6998883305415963,714,-1.7665610737542685,753,3582,3528
2023-05-08,0.8256395460665523,1010,-1.7164078536536092,1080,5199,5137
2023-05-09,1.6435901807023536,1239,-1.4653189112932197,1331,5866,5752
2023-05-10,2.232376250487202,1580,-1.4447047732340514,1666,7697,7569
2023-05-11,2.04304714053495,1510,-1.2060210980687072,1574,6767,6725
2023-05-12,1.912812596480397,1415,-1.4627592158075033,1482,6478,6390
2023-05-13,1.55447172292854,941,-1.405785657336786,997,4562,4511
2023-05-14,1.061854210898797,1010,-1.3077059283190247,1164,5652,5478
2023-05-15,1.7215267428382188,1311,-0.42125840308508694,1358,6039,5955
2023-05-16,1.4399488771225126,1100,-0.8556529871942968,1181,5477,5345
2023-05-17,1.567400956284154,1248,-1.019794237257606,1322,5856,5769
2023-05-18,1.4244431643625202,1046,-0.7730653402255123,1071,5208,5062
2023-05-19,1.8091852131271224,1060,-0.8994905078309485,1120,5302,5218
2023-05-20,1.100165608611648,706,-1.3757701877300916,733,3623,3455
2023-05-21,1.5715793747462448,489,-0.6309714856149178,495,2463,2445
2023-05-22,1.4453860640301333,996,-0.985740022192588,1008,4779,4703
2023-05-23,1.0987607645452648,951,-0.7500945086511868,989,4761,4622
2023-05-24,0.9297554347826101,851,-1.3948532926352586,887,4416,4273
2023-05-25,1.1127073980089797,1033,-1.5349998363985038,1075,5123,5004
2023-05-26,1.0826795841209833,870,-1.5248686951872474,887,4232,4114
2023-05-27,1.5997876213592237,682,-0.8183742221152067,704,3296,3224
2023-05-28,1.7870346747071675,1792,2.4510635081955314,1881,8623,8301
2023-05-29,2.1131952662721796,2771,2.2916811199311273,2840,11830,11602
2023-05-30,1.5578467635402913,1722,0.9863643801430462,1782,7570,7410
2023-05-31,1.605812604717105,1625,0.410529255180631,1691,7759,7554
2023-06-01,1.663444806960305,1504,0.15686326010978163,1594,7356,7138
2023-06-02,1.7963539940338094,1166,0.12815905497372304,1221,6034,5933
2023-06-03,2.165426660140313,1192,1.4016311159051764,1229,6129,5946
2023-06-04,2.0311023622047233,1560,1.0618189702934755,1650,7620,7409
2023-06-05,1.984955014995003,1243,0.22244946945381266,1262,6002,5819
2023-06-06,1.6655823031880292,939,-0.42297416087683987,957,4611,4533
2023-06-07,1.5541566103513011,1487,-1.8699865585287787,1545,7458,7265
2023-06-08,1.661799693016117,1039,-0.9676122913579863,1067,5212,5111
2023-06-09,1.470949033391917,1020,-1.092367551413861,1050,5690,5386
2023-06-10,0.4972759674134426,704,-1.3465766034014444,724,3928,3767
2023-06-11,1.6354897772352772,617,-0.283621909756537,632,3277,3212
2023-06-12,1.1119392564147332,1126,-0.9087563150695445,1172,5729,5589
2023-06-13,1.4450814111261883,1132,-0.5031808825971723,1165,5896,5666
2023-06-14,1.5951642725074677,1443,-1.2494836057543248,1534,7031,6952
2023-06-15,1.5557672324211989,1200,-1.3512912686769996,1231,5774,5653
2023-06-16,1.713099347909476,1100,-0.760124117552756,1154,5214,5071
2023-06-17,1.7070679844264764,667,-0.3640436167906895,679,3339,3262
2023-06-18,1.5152478952291855,439,-0.5655501709190562,441,2138,2114
2023-06-19,2.0208934895123947,665,-0.6879823424758109,673,3671,3588
2023-06-20,1.965043186180423,856,-1.695531784255145,874,4168,4042
2023-06-21,1.7919236742844473,916,-0.9156129634647321,930,4507,4412
2023-06-22,2.0019333201814953,973,-1.0777856786171096,1001,5069,5006
2023-06-23,1.6919061853299617,870,-1.0271885410624324,880,4349,4286
2023-06-24,1.3239872915011917,831,-1.4165126215713806,883,3777,3709
2023-06-25,0.8172314578005115,624,-1.976200309889701,650,3128,2996
2023-06-26,1.2526582836973323,924,-1.1127407431611624,972,4533,4444
2023-06-27,1.2423694779116472,705,-1.0829282413974173,724,3486,3407
2023-06-28,1.5884525310754822,1078,-1.334521746797307,1103,5551,5455
2023-06-29,0.8530736743313,873,-1.421231462809576,892,4262,4174
2023-06-30,1.1657188413499873,743,-1.8135731384583909,776,3763,3548
2023-07-01,1.2840546697038724,443,-2.1418598354010965,463,2195,2126
2023-07-02,1.2421419242490204,503,-1.8109334772208978,520,2297,2231
2023-07-03,0.8770996216897857,814,-2.096059844386722,819,3965,3925
2023-07-04,1.7928233777395794,941,-0.7273276267045111,998,4654,4590
2023-07-05,2.0730674434237057,907,-0.3399984148077543,927,4463,4419
2023-07-06,2.0710434046669066,1674,-0.7649775410798845,1786,8275,8183
2023-07-07,2.5097001303780964,1768,-0.6970112148624722,1863,7670,7571
2023-07-08,2.5453891918691096,1836,-0.8277805000459806,1925,8068,7935
2023-07-09,2.094827144686299,1761,-1.2965615711661653,1853,7810,7653
2023-07-10,2.096222360851179,3237,-0.16061827484540903,3465,14427,14233
2023-07-11,2.0421692379616623,3379,0.4080232106199464,3638,14973,14810
2023-07-12,1.9356500956022946,2276,0.1565520479035885,2422,10460,10294
2023-07-13,2.107492795389047,1579,-0.5518883309997036,1657,8003,7753
2023-07-14,2.113873015873015,1287,-0.07758649094489196,1315,6300,6220
2023-07-15,1.6330188679245294,826,-0.7110599093874556,838,3816,3749
2023-07-16,2.192622720897617,704,-0.4773225648459081,721,3565,3499
2023-07-17,2.579314626272659,1674,-0.5550880681004764,1749,8054,7799
2023-07-18,2.626821096965633,2091,-0.0035938991206799775,2223,10447,10177
2023-07-19,2.5347787610619448,1431,-0.4814773973713079,1457,6790,6675
2023-07-20,1.7958026159334137,1707,-0.6666977332821834,1736,8410,8220
2023-07-21,1.9914648829431436,1622,-1.1326460491435468,1666,7475,7371
2023-07-22,2.3666666666666676,1040,-0.5419017278274466,1074,5010,4900
2023-07-23,2.252026207231256,827,-1.0367345377047925,910,4121,4034
2023-07-24,1.5129326820981104,950,-1.2127289113359354,985,4709,4599
2023-07-25,1.7486973555337906,1022,-1.0162969043623693,1047,5105,4990
2023-07-26,1.3518376302797588,1216,-1.0562046011205906,1235,5469,5426
2023-07-27,1.879248757134966,1026,-0.7940760434055023,1045,5431,5309
2023-07-28,1.2887600110466733,729,-1.008429155383191,747,3621,3576
2023-07-29,1.1498523331364445,683,-0.8054186758893869,706,3386,3266
2023-07-30,1.547006172839507,659,-0.5736111524820664,666,3240,3165
2023-07-31,2.0045893279912588,1092,-0.8929694144016971,1161,5491,5373
2023-08-01,0.7616609294320138,877,-1.3273444455374641,923,4648,4570
2023-08-02,1.6101694915254243,1261,-0.48345588317310123,1299,6018,5903
2023-08-03,1.392052052052053,1041,-0.7341179369941724,1053,4995,4874
2023-08-04,1.6482838188635722,698,-1.047626474390627,703,3467,3391
2023-08-05,1.5108695652173922,635,-0.09403939927734559,666,3128,3056
2023-08-06,1.3529352566252932,601,-0.8771358322580189,606,2981,2848
2023-08-07,1.92023485007339,999,-0.6537632251836364,1012,4769,4661
2023-08-08,1.2165210267613331,680,-1.420106529303375,689,3662,3560
2023-08-09,1.5239512295928919,948,-1.6894085005342585,985,4839,4759
2023-08-10,0.9648200093501641,813,-2.0045353902006937,832,4278,4177
2023-08-11,1.1017543859649122,615,-1.6158676690648852,629,3021,2988
2023-08-12,1.178129175946548,439,-1.135844803304482,475,2245,2183
2023-08-13,1.0433347621088729,418,-1.4767062030390294,457,2333,2298
2023-08-14,1.3751603354711395,844,-1.4469131463058114,867,4054,3932
2023-08-15,0.2976750944492879,705,-2.274059391361843,716,3441,3375
2023-08-16,1.2292348071875632,992,-1.1220761852567431,1016,4953,4903
2023-08-17,0.6021710234825002,902,-2.1195749213047366,940,4514,4471
2023-08-18,0.19164160202627817,1188,-2.4332956367295098,1219,6317,6205
2023-08-19,0.030710113741162014,593,-1.7528956889663183,604,3253,3165
2023-08-20,1.038755821689954,583,-0.6481634430558072,588,3006,2940
2023-08-21,1.7864190583380224,1157,-0.8631196959855092,1174,5331,5242
2023-08-22,1.3178623988226643,1177,-1.3180446046994279,1215,5436,5385
2023-08-23,1.453577661431065,969,-1.4842263556392243,982,4584,4408
2023-08-24,1.627084325869463,930,-1.0087444195006174,956,4198,4108
2023-08-25,1.2046728971962637,951,-0.9977769455262753,976,4494,4351
2023-08-26,1.207700573065903,558,-1.228167591141984,584,2792,2727
2023-08-27,1.5100866551126515,613,-0.9267979176401938,619,2885,2859
2023-08-28,1.966598150051389,1192,-0.7306572714095365,1239,5838,5708
2023-08-29,1.581195840554594,1017,-1.113071284424094,1044,4616,4537
2023-08-30,1.9838920686835664,1041,-0.37962237353155776,1112,4892,4764
2023-08-31,1.9205030763662676,1202,-0.6844623095624349,1280,5526,5480
2023-09-01,2.187324981577007,1221,-0.9181908812526269,1269,5428,5312
2023-09-02,1.5851795029150046,645,-0.5226276162585336,688,3259,3163
2023-09-03,2.5802505032431218,1036,-0.5705905231897384,1088,4471,4437
2023-09-04,2.4354793637145273,2302,-0.5717886494289309,2411,9304,9209
2023-09-05,2.0226918798665197,1604,-0.75416985206654,1669,7192,7081
2023-09-06,1.5697515645742481,1129,-1.1286561080768076,1164,5273,5203
2023-09-07,1.5934128336172646,1100,-0.5763355583259898,1133,5283,5234
2023-09-08,2.1017846153846165,1028,-0.9850533239469813,1096,4875,4745
2023-09-09,1.2273252455228207,718,-1.1895832495275647,747,3462,3373
2023-09-10,1.9933395219308432,926,-0.4779417274686312,947,4309,3944
2023-09-11,2.0416745595756787,1127,-0.500333981945538,1190,5279,5214
2023-09-12,2.0006766642282354,1116,-0.8614339493334177,1204,5468,5417
2023-09-13,1.5735907678650702,919,-1.4572503714836393,958,4506,4431
2023-09-14,1.2817706455102782,1103,-1.5807890838350287,1142,5546,5449
2023-09-15,2.0064973690231085,939,-1.00245796396566,963,4371,4286
2023-09-16,0.8853945480631277,650,-1.2429115919335394,685,3485,3394
2023-09-17,0.7013813651137596,705,-1.4680937782351107,718,3692,3592
2023-09-18,1.0722502030869219,1353,-0.8048214111804782,1389,6155,6116
2023-09-19,1.0223591801633949,1489,-1.433715914663991,1542,6977,6902
2023-09-20,1.5931441374159827,1520,-0.6802725409057114,1565,6695,6509
2023-09-21,1.5493997817388139,1161,-0.8968951249448482,1183,5498,5383
2023-09-22,1.5209071274298063,1032,-1.1311248915863263,1063,4630,4559
2023-09-23,1.4062523540489644,496,-0.7457373412428614,508,2655,2587
2023-09-24,1.523364140480591,562,-1.5538564931193042,592,2705,2661
2023-09-25,1.9069619029201321,1064,-0.7670383049567154,1174,5171,5058
2023-09-26,1.4841378039793673,1179,-0.5927942326612438,1218,5428,5351
2023-09-27,1.5977951309141036,953,-1.0216176610282872,970,4354,4310
2023-09-28,1.4385033341565827,864,-1.4607996743032579,877,4049,4003
2023-09-29,1.3466476831478122,840,-0.9821704723148238,860,3863,3777
2023-09-30,1.2574566064470418,521,-1.7222700123743113,524,2823,2744
2023-10-01,-1.2802872062663186,1079,-4.8436325876717055,1152,6128,6044
2023-10-02,-0.30395035568336626,1237,-3.6188366030870327,1258,6607,6448
2023-10-03,-0.007450900992103886,975,-2.7051134257827503,1012,4939,4850
2023-10-04,0.8862583049748838,1215,-2.6695882068049253,1249,6171,6085
2023-10-05,-1.260843299223277,1550,-2.280101095098387,1627,8111,8011
2023-10-06,-1.8643658326143226,1447,-2.521818498578203,1511,6954,6882
2023-10-07,-0.3056232427366451,877,-2.937810703360162,911,4268,4236
2023-10-08,0.7136645962732918,747,-2.191441956320129,764,3220,3174
2023-10-09,0.06322850230921456,943,-2.380129114946997,974,4547,4464
2023-10-10,0.9395340371314166,1205,-2.4996951902704536,1228,5494,5437
2023-10-11,1.0970510330213674,1183,-2.24128807327502,1218,5663,5529
2023-10-12,1.4692744367571404,1176,-1.9860492115939345,1226,5637,5529
2023-10-13,1.2092982837280035,990,-2.1957017569715798,1011,4603,4523
2023-10-14,1.6672209026128273,777,-1.8928916437372412,799,3368,3345
2023-10-15,1.552445193929174,491,-2.1780971403833633,538,2372,2351
2023-10-16,1.783562197092085,1049,-2.3979261975495203,1134,4952,4842
2023-10-17,0.9968487786686568,1027,-2.690185522772914,1102,5363,5266
2023-10-18,0.12251935256861334,1502,-4.11544166056628,1620,7105,7023
2023-10-19,1.0380087562834446,1362,-2.9829304157434984,1454,6167,6080
2023-10-20,1.0436088474970902,926,-2.483339022190452,957,4295,4231
2023-10-21,1.4354542848953855,748,-1.8109898542226623,770,3489,3423
2023-10-22,2.289221556886229,615,-1.3552149155607032,641,2839,2782
2023-10-23,2.015108913950254,1333,-0.36281854419873844,1389,6473,6357
2023-10-24,2.051931330472105,1251,-0.9847030072048661,1305,6291,6168
2023-10-25,1.0859573765075177,1274,-2.538014916181265,1325,6053,5976
2023-10-26,1.2449484536082482,1133,-2.24025716978868,1176,5335,5180
2023-10-27,1.6346223839854437,841,-1.0850342570742693,856,4396,3941
2023-10-28,0.8133147299182784,1043,-1.9084784642662942,1120,5017,4984
2023-10-29,1.618983666061707,1143,-0.14098437880249476,1160,5510,5478
2023-10-30,1.5037880314326026,1009,-0.4816166820910962,1025,4963,4800
2023-10-31,1.6332438016528927,979,-1.414862241582392,994,4840,4763
2023-11-01,1.4010937500000016,1038,-2.0298765874882596,1083,5120,5074
2023-11-02,1.6174401664932372,964,-1.8169246803334647,1023,4805,4660
2023-11-03,1.428218657661462,1010,-1.3273229638673532,1046,4738,4653
2023-11-04,1.475731895223421,1044,-2.1729034420106785,1107,5192,5110
2023-11-05,0.5496414782129064,1230,-3.331237391190721,1276,5439,5337
2023-11-06,1.2419014084507058,1936,-3.0434322517329475,2082,8236,8163
2023-11-07,1.609000584453537,1162,-1.871480113335526,1190,5133,5020
2023-11-08,1.6555952646861758,855,-1.4859884413323985,884,4477,4209
2023-11-09,1.2037677984665935,964,-1.5326723209972386,999,4565,4455
2023-11-10,1.3934311224489813,969,-1.120871375943683,989,4704,4606
2023-11-11,1.8740281224152193,806,-1.8346103820848199,820,3627,3571
2023-11-12,1.776118351532229,621,-1.5435159412658324,637,2839,2825
2023-11-13,1.7636182506475404,954,-1.1981049838414937,1022,5019,4925
2023-11-14,1.962964989059082,1137,-1.0115698077179502,1189,5484,5395
2023-11-15,1.6016478062338702,1088,-1.3831722166534208,1119,5037,4865
2023-11-16,1.595885865958861,1301,-1.9935616937001222,1364,6028,5963
2023-11-17,1.8035290125551418,1243,-1.7634720997082696,1300,5894,5794
2023-11-18,1.2812727272727267,800,-1.34116604160141,822,3850,3813
2023-11-19,1.5976669348350752,509,-2.328349247322006,515,2486,2458
2023-11-20,2.059535759096613,957,-0.26750924864039854,992,4782,4694
2023-11-21,2.440021082220661,1188,-0.2681981756700427,1217,5692,5579
2023-11-22,2.0656587868792378,1014,-0.8469800528258408,1048,5457,5085
2023-11-23,1.8106590074996014,1115,-0.7036961139666079,1322,6267,6108
2023-11-24,1.3373916907353922,805,-0.8299538993700732,1040,4501,4398
2023-11-25,1.8721914685770114,574,-1.4274216803375654,581,3071,2981
2023-11-26,2.1773744041070775,502,-1.2286711254155867,527,2727,2639
2023-11-27,1.6051293011327208,990,-1.44678330273438,1026,4679,4623
2023-11-28,1.5848298334540183,1129,-1.631399293465409,1175,5524,5429
2023-11-29,1.55805972917826,1090,-0.7628505695312157,1139,5391,5360
2023-11-30,1.6429995569339835,899,-1.1528309738994604,937,4514,4373
2023-12-01,1.1918032786885246,656,-1.2184289592369102,686,3477,3421
2023-12-02,1.9031230480949415,639,-1.480859059125821,655,3202,3121
2023-12-03,1.4413338822560726,461,-1.3442559426852152,473,2429,2375
2023-12-04,1.7340838163174332,922,-1.091216965106173,963,4486,4389
2023-12-05,1.742585386943364,943,-0.8349056226541876,999,4626,4541
2023-12-06,0.9765462239583331,1204,-1.6975697459761059,1258,6144,6062
2023-12-07,1.9572173702086368,1740,-0.6080408257501648,1804,8244,8060
2023-12-08,2.4988833533757067,1136,-0.23456302373403098,1264,5821,5728
2023-12-09,1.9800946265630275,620,-1.237344167574619,649,2959,2910
2023-12-10,2.3062,518,-2.093445213302593,536,2500,2431
2023-12-11,1.663761755485894,652,-1.5350284403941816,681,3190,3144
2023-12-12,1.191608012994044,742,-1.495116795360132,757,3694,3675
2023-12-13,1.2104701471012405,676,-1.2308583050652684,706,3467,3441
2023-12-14,1.520050297210791,920,-0.8097411040795839,997,4374,4344
2023-12-15,1.6937141491395808,894,-0.33344142826408246,914,4184,4113
2023-12-16,1.7870686875201547,530,-0.567215480352639,553,3101,2878
2023-12-17,1.9396576319543506,438,-0.8537413395586042,450,2103,2071
2023-12-18,2.580393974507533,850,0.13654705095648867,884,4315,4251
2023-12-19,2.1947665237987826,899,0.3333327470560118,957,4433,4359
2023-12-20,1.8065880322209455,692,-0.42541905722284673,732,3476,3449
2023-12-21,0.8364829396325457,735,-1.1070052090706666,751,3810,3750
2023-12-22,0.6731623931623939,761,-1.2752966880555838,785,4095,3969
2023-12-23,-0.370669357551295,527,-2.315781337349534,553,2973,2920
2023-12-24,-0.33748981255093735,474,-2.0009897823042446,489,2454,2434
2023-12-25,-0.3812544045102185,535,-2.1465474764474832,555,2838,2800
2023-12-26,1.0656775469831845,792,-1.0685059410309148,819,4044,4010
2023-12-27,1.0280007070885637,1188,-1.2643721236755474,1235,5657,5618
2023-12-28,0.9742760240020878,791,-1.6957594327443894,834,3833,3781
2023-12-29,-0.043726623597415755,566,-2.1069221146798394,591,2941,2884
2023-12-30,-0.45861751152073776,400,-1.1189267660197666,409,2170,2158
2023-12-31,0.7483580167417901,304,-1.6115855825243146,309,1553,1553
2024-01-01,-0.0554748603351957,354,-1.5904567228949946,385,1790,1770
2024-01-02,0.09356568364611258,678,-2.9769044143326244,699,3357,3328
2024-01-03,0.6997646505060021,835,-3.5838461969808826,884,4249,4219
2024-01-04,1.131609353507566,741,-3.1872410180941544,775,3635,3616
2024-01-05,1.9586428719651392,1004,-1.5799221228242193,1034,4819,4681
2024-01-06,1.855695297984853,1592,-2.474428951062523,1649,6997,6947
2024-01-07,1.696661281637049,900,-2.3908986148384455,934,3714,3685
2024-01-08,1.7930098405157784,667,-1.8471264145133575,678,2947,2927
2024-01-09,1.767165932452277,707,-1.3905925825572092,799,3405,3269
2024-01-10,2.032818428184282,814,-1.8128803869447747,846,3690,3668
2024-01-11,1.8411032028469756,895,-1.8799744989827911,925,4496,4415
2024-01-12,0.9776719261685023,708,-2.031034219302742,738,3359,3319
2024-01-13,-0.7150647204626824,647,-3.8960826316160833,664,3631,3532
2024-01-14,-0.09278350515463929,492,-2.4023328809259827,505,2328,2306
2024-01-15,0.003976390183286686,639,-2.136033982700967,648,3219,3182
2024-01-16,0.03178724476934709,758,-2.6096373186173203,768,3967,3896
2024-01-17,1.3538507285162058,699,-1.4040276647544532,723,3363,3327
2024-01-18,1.1275246469491083,721,-0.5863375691237517,733,3753,3707
2024-01-19,1.6897369275738878,620,-0.6930997264989291,671,3079,3059
2024-01-20,0.9886517943743934,420,-0.9220780648452247,432,2062,2052
2024-01-21,1.9830402010050252,479,-1.9642413106957384,484,2388,2345
2024-01-22,1.0935133457479822,616,-0.7158275604536414,625,3222,3205
2024-01-23,1.9124414367516893,1148,-0.6559418547105291,1224,5763,5658
2024-01-24,2.1694534213854144,1512,-0.342372010976359,1613,7117,7062
2024-01-25,2.41689939701682,1264,-0.3662513042961077,1359,6302,6197
2024-01-26,2.2247435629055885,930,-0.2617087843926305,960,4777,4702
2024-01-27,2.8008934707903768,753,0.216329905051799,812,4365,4279
2024-01-28,0.006912028725314122,860,-2.804531920960956,879,4456,4323
2024-01-29,0.6247724790680752,1033,-2.1440415218448594,1087,5494,5383
2024-01-30,1.3741038911251688,983,-0.7560624018994706,1011,5217,5144
2024-01-31,1.7849604221635895,965,-0.9452021667491273,978,4927,4839
2024-02-01,0.9019043497078558,877,-1.6496298448219744,900,4621,4546
2024-02-02,0.5197295294553538,952,-2.3008351959869384,983,5398,5296
2024-02-03,0.9364417177914108,441,-1.85305420326608,458,2445,2387
2024-02-04,1.6942768411712508,434,-1.4660376615553998,439,2254,2200
2024-02-05,1.9017459624618085,845,-1.2554191808724062,994,4582,4544
2024-02-06,0.1847375067652896,981,-2.631388962049988,1092,5543,5487
2024-02-07,0.9454866008462628,829,-1.6268280037564242,852,4254,4194
2024-02-08,1.680102730467694,682,-0.9492250402599719,702,3699,3585
2024-02-09,1.9337998174627329,602,-0.6507792882909851,619,3287,3103
2024-02-10,1.2885407341092212,452,-1.0576773235504005,462,2234,2120
2024-02-11,1.457423580786027,455,-0.6535178148103543,480,2290,2267
2024-02-12,1.8891345376112163,677,-0.5903539466240094,686,3709,3561
2024-02-13,2.1670896785109983,705,-0.764596734931232,730,3546,3465
2024-02-14,1.8278783490224473,1254,-0.7889035770610227,1293,5524,5421
2024-02-15,1.9995213228894697,922,-0.2806508770474591,944,4596,4492
2024-02-16,1.6058894230769236,667,-0.6389905279927379,687,3328,3254
2024-02-17,1.8256433007985806,460,-0.3365129005037209,465,2254,2214
2024-02-18,1.472895467160037,430,-1.0551304921136109,437,2162,2114
2024-02-19,1.9797968397291195,708,0.035648013102039425,724,3544,3444
2024-02-20,1.7604309500489725,833,-0.4547878123766221,855,4084,4013
2024-02-21,1.825059856344773,970,-0.8236729848483454,988,5012,4970
2024-02-22,2.20007859575583,795,-0.3135165093399055,805,3817,3756
2024-02-23,2.0208687727825025,677,-0.821946325768088,694,3292,3253
2024-02-24,2.3888762769580034,543,-0.6810612783586907,553,2643,2590
2024-02-25,1.6389885057471267,405,-0.18600242651895815,423,2175,2145
2024-02-26,1.8008902077151343,933,1.1807709540778746,961,4718,4584
2024-02-27,1.5036314525810333,645,-0.49173251320349537,671,3332,3290
2024-02-28,1.0448407296487894,741,-1.0939323198950988,776,3673,3605
2024-02-29,0.9664619744922059,770,-0.7444327493921893,813,4234,4165
2024-03-01,1.4194898426760347,1275,-0.1464074133423193,1316,6547,6290
2024-03-02,2.418575118381404,903,0.014874793087769324,930,4646,4560
2024-03-03,1.6449279711884766,708,-0.1601987198618388,721,3332,3297
2024-03-04,1.6853420195439737,895,-0.011511870781612341,914,4298,4227
2024-03-05,2.0250315099571465,806,-0.8954837781096135,837,3967,3840
2024-03-06,1.7783881762409375,757,-0.22290095201498938,782,3586,3543
2024-03-07,2.1462133550488605,1021,-0.25204915341965284,1056,4912,4832
2024-03-08,2.1679658033693703,1781,-0.05596442396588058,1870,7954,7455
2024-03-09,2.148520162782096,1195,-0.536914335809587,1236,5406,5274
2024-03-10,1.1217208182912155,698,-1.29094369148759,713,3324,3275
2024-03-11,1.6944672692413036,738,-0.8826673722123316,773,3651,3617
2024-03-12,1.373392243495337,853,-0.693163347389049,873,4074,4006
2024-03-13,1.8308627542670108,921,-0.7516878214366145,938,4277,4198
2024-03-14,1.9663379355687052,865,-0.7564022845543825,930,4563,4445
2024-03-15,1.657982754115496,795,-0.7592343650923417,850,3827,3731
2024-03-16,1.3452625570776255,360,-1.3013822060673643,363,1752,1740
2024-03-17,0.9855263157894736,310,-1.0074653136818248,313,1748,1722
2024-03-18,0.8260955612100649,731,-0.32596691998950006,752,3537,3467
2024-03-19,0.9643071059079775,750,-1.4104823440461947,779,3673,3618
2024-03-20,1.5248203285420947,710,-1.1987007795168458,746,3896,3822
2024-03-21,1.986611265004618,637,-0.2291659954409676,650,3249,3218
2024-03-22,1.3887823585810168,626,-1.044862915706044,641,3129,3092
2024-03-23,1.4321201617562105,372,-3.0974714346168652,376,1731,1716
2024-03-24,1.022379032258065,356,-0.8658704280034011,368,1984,1950
2024-03-25,1.4039830807190696,540,-2.063359043675737,552,2837,2800
2024-03-26,1.0226235264609986,793,-1.9582270880697927,810,3987,3863
2024-03-27,0.748484848484849,734,-0.3921217199530048,766,3861,3830
2024-03-28,1.571156069364163,708,-0.5368482321955379,717,3460,3381
2024-03-29,1.9991136180499616,777,-0.6139733336385351,801,3723,3663
2024-03-30,1.1979931682322797,466,-1.3097444553855822,466,2342,2303
2024-03-31,1.2630918220946912,540,-1.333478158854315,580,2788,2730
2024-04-01,1.1704203262233377,619,-0.4723266228192277,629,3188,3108
2024-04-02,0.7945982262832572,661,-1.001517574224911,690,3721,3501
2024-04-03,0.35304937076476267,610,-1.4270531094781245,637,3099,3045
2024-04-04,1.4939628040057225,732,-0.6461003393547823,741,3495,3433
2024-04-05,1.8472307264124688,731,-0.756760021075147,749,3593,3515
2024-04-06,1.331221719457013,407,-1.3100655216804122,423,2210,2154
2024-04-07,2.405019520356944,359,-0.9118012857807032,363,1793,1764
2024-04-08,1.2062336814621422,620,-0.9802425401477494,630,3064,2969
2024-04-09,1.114153245485604,833,-1.1983294794674666,868,4098,4073
2024-04-10,1.2355202312138729,661,-1.2589921931441943,697,3460,3414
2024-04-11,1.7812139708375725,545,-1.4852101227426417,570,2949,2885
2024-04-12,1.159316120027913,589,-1.5520423683822702,595,2866,2799
2024-04-13,1.1999508116084607,356,-1.9559869020662752,361,2033,2027
2024-04-14,0.8505557684936755,514,-2.73933170337234,524,2609,2530
2024-04-15,1.3865819988956378,720,-1.4525297068053313,749,3622,3524
2024-04-16,1.6678265524625273,748,-1.124586676136017,775,3736,3706
2024-04-17,2.0858513189448447,892,-1.2476894506848595,911,4587,4534
2024-04-18,1.994305239179955,823,-1.0824987289974897,845,4390,4330
2024-04-19,1.8080988184747593,1016,-0.8421104484874594,1047,4655,4620
2024-04-20,1.8035672921009962,1029,-1.6340640113792004,1046,4317,4299
2024-04-21,1.5808154020385063,994,-1.9685012092845287,1007,4415,4360
2024-04-22,2.349123831775702,1536,-0.8136538828690093,1632,6848,6625
2024-04-23,1.354925093632959,1139,-0.8582396344410452,1159,5340,5268
2024-04-24,1.4519307870858844,984,-1.3734549386070378,1016,4739,4657
2024-04-25,0.5321923229125453,1017,-1.3575981307894196,1102,5054,5000
2024-04-26,1.330669910179641,1098,-1.272118146797881,1169,5344,5289
2024-04-27,1.280353520718632,642,-1.1320048649136925,652,3451,3177
2024-04-28,1.3384742268041239,454,-0.7763400523714293,458,2425,2382
2024-04-29,1.8485875706214683,788,-0.3991589458937779,821,3894,3860
2024-04-30,0.4718712394705172,609,-0.8669942691593265,617,3324,3208
2024-05-01,0.3894455747711089,707,-2.1208523209709242,815,3932,3881
2024-05-02,1.1416737830913757,913,-2.0277331289511737,936,4684,4588
2024-05-03,0.6943087557603685,860,-2.2605040926325626,879,4340,4265
2024-05-04,1.0819762845849805,510,-2.0605203324127697,519,2530,2489
2024-05-05,1.776640419947506,398,-1.2454611400660653,410,1905,1867
2024-05-06,1.7864796633941107,701,-0.5592379330836865,723,3565,3522
2024-05-07,1.6485947879407261,802,-0.8875831820962411,819,3914,3801
2024-05-08,1.9612666953899198,918,-0.3879230981079998,933,4642,4604
2024-05-09,1.7458415354330714,758,-0.6952917340582146,791,4064,3934
2024-05-10,1.413820549927641,556,-1.0676162787606593,575,2764,2734
2024-05-11,1.685046352277308,437,-0.834119305619032,461,2481,2433
2024-05-12,1.8986136226642563,679,-0.9709794451313032,728,3318,3272
2024-05-13,2.390401337792641,1281,-0.6246679400142447,1333,5980,5867
2024-05-14,1.8990848214285718,909,-1.320070444809813,947,4480,4388
2024-05-15,1.260403587443946,856,-1.8134037578995748,883,4460,4343
2024-05-16,1.493957074390498,945,-0.9660399290179362,1005,4799,4670
2024-05-17,1.3494955004090539,703,-1.255881108664979,721,3667,3617
2024-05-18,1.5146726862302482,408,-0.9141504193359979,426,2215,2175
2024-05-19,2.022108843537415,465,-1.4785050719099813,486,2352,2308
2024-05-20,1.7344190344190342,901,-0.8040565025068044,921,4329,4266
2024-05-21,2.148314866112651,882,-0.4077190842004126,891,4332,4189
2024-05-22,1.434169550173011,896,-1.017816776846201,923,4624,4524
2024-05-23,1.6909952606635077,638,-0.6366822049138826,655,3587,3567
2024-05-24,1.7809199782253677,711,-0.8836331481932734,746,3674,3658
2024-05-25,2.311846846846848,461,-0.5704772151679441,465,2220,2204
2024-05-26,0.44999999999999984,376,-0.8713460637892059,382,1748,1740
2024-05-27,0.3258718033875788,529,-2.2416765583883476,548,3011,2999
2024-05-28,1.115553522415371,643,-1.6778001536387255,668,3279,3218
2024-05-29,0.9744123772686701,665,-1.5873168783808433,693,3361,3343
2024-05-30,2.1277594728171336,631,-0.8441831714720073,654,3642,3324
2024-05-31,1.257244590523145,698,-0.906550589371831,731,3651,3593
2024-06-01,1.1677023712183157,487,-1.011639485408606,499,2446,2400
2024-06-02,1.151673944687045,371,-1.6073182454216723,376,2061,2030
2024-06-03,1.4005919105557387,583,-0.9470032963892264,605,3041,2957
2024-06-04,1.781600000000001,906,-0.25855558838339354,968,4875,4687
2024-06-05,1.6438692748091608,780,-0.26117190941879975,811,4192,4159
2024-06-06,1.8669452682663803,743,-0.27868447966571486,753,3709,3636
2024-06-07,1.7573573573573578,807,0.08733175549865199,834,3996,3902
2024-06-08,2.171982167352538,574,0.03887534601059501,583,2916,2868
2024-06-09,1.6760054844606953,432,-0.3406623408366154,442,2188,2129
2024-06-10,1.9308288770053479,776,0.13165176959630348,799,3740,3658
2024-06-11,1.4086735926552318,830,-0.13775884941347538,847,4139,4077
2024-06-12,1.4938053097345136,766,-0.5179885022905059,781,3729,3662
2024-06-13,2.3527228915662657,856,-0.17394784446421097,893,4150,4088
2024-06-14,1.2797141969555765,689,-1.0992347867590322,709,3219,3202
2024-06-15,1.5341838801134058,507,-1.3536954780154433,557,2469,2458
2024-06-16,1.77285553047404,381,-0.9615207009592637,386,1772,1730
2024-06-17,1.0540636042402824,570,-1.868134884155709,586,2830,2758
2024-06-18,0.8538343558282216,499,-2.1286029271945592,511,2608,2575
2024-06-19,0.6555958314454008,474,-1.6738745659575693,476,2207,2173
2024-06-20,1.6062002513615425,505,-1.6730928616531298,527,2387,2367
2024-06-21,-0.3246317927882174,402,-2.443734750471778,420,1969,1920
2024-06-22,0.652915899324739,320,-1.5725483808894734,322,1629,1616
2024-06-23,0.9382961783439485,233,-1.079109469468203,236,1256,1215
2024-06-24,1.2766985864113085,483,-1.3279912661472641,492,2193,2163
2024-06-25,1.1530136986301374,630,-2.01579010144105,642,2920,2868
2024-06-26,0.882653369598066,647,-1.4528975463086513,659,3309,3271
2024-06-27,1.4494029850746266,595,-1.0893816278061539,614,3350,3291
2024-06-28,1.8701196473551633,625,-1.2217687838951492,653,3176,3129
2024-06-29,2.0193007662835245,395,-0.7935017417158674,406,2088,2040
2024-06-30,0.9344237352605562,478,-2.4210314905674615,492,2629,2607
2024-07-01,1.037775255391601,864,-2.459509563633142,892,4405,4352
2024-07-02,-0.4029564894012645,1065,-2.9609610383427127,1090,5378,5260
2024-07-03,1.1707949308755767,1168,-1.507385169991215,1205,5208,5174
2024-07-04,1.6991231647634588,1066,-0.9671490226031291,1091,4904,4868
2024-07-05,1.5426207632772895,813,-0.9244707857173273,825,3747,3720
2024-07-06,1.4986564996368916,498,0.14733591082782443,519,2754,2705
2024-07-07,1.1967073998642228,584,-0.9605824803643404,623,2946,2903
2024-07-08,1.866931724705237,668,-0.2746015699913072,701,3647,3559
2024-07-09,1.9364312267658,770,-1.0295577026964366,793,3766,3709
2024-07-10,0.9448929527207846,871,-0.8173525941437771,920,4484,4357
2024-07-11,1.2500888099467145,1081,-0.8046479256084941,1103,5067,4987
2024-07-12,1.4997900139990663,925,-1.00164827510515,991,4286,4218
2024-07-13,1.1871895424836603,617,-1.0899400793122014,626,3060,3037
2024-07-14,0.9221078779276083,624,-1.7551251090291484,627,2818,2769
2024-07-15,1.321926006528836,711,-1.0890686938633363,737,3676,3634
2024-07-16,1.044470774091627,547,-1.0346615795554304,550,2532,2507
2024-07-17,0.7630023248090331,570,-1.2419449329401748,585,3011,2957
2024-07-18,1.301353790613718,682,-1.0941038583599831,694,3324,3268
2024-07-19,1.1080479953175306,652,-1.1770823311321201,679,3417,3365
2024-07-20,0.2340898876404498,866,-1.287702120488567,1007,4450,4401
2024-07-21,-0.15006751282743738,693,-1.6211043585371787,764,3703,3642
2024-07-22,1.1758787878787889,654,-1.7243350785508842,665,3300,3238
2024-07-23,1.0066252092800763,819,-1.0670960000704717,859,4181,4087
2024-07-24,1.2026834071885772,823,-1.7525859439984008,853,4062,3969
2024-07-25,1.7399045760138792,890,-2.1006469541314776,933,4611,4368
2024-07-26,1.1373951781970655,753,-2.076741627039052,773,3816,3597
2024-07-27,1.833166833166833,390,-0.8917188604020123,394,2002,1964
2024-07-28,0.6798926305514883,436,-0.47510697470632324,441,2049,2017
2024-07-29,0.5996750433275564,925,-1.651701520135033,957,4616,4560
2024-07-30,1.0906176027544654,940,-1.3786709813232887,973,4647,4528
2024-07-31,0.7573036093418263,1050,-2.5478728292289414,1092,4710,4605
2024-08-01,2.303873545249262,1206,-1.7730946768019822,1284,5757,5705
2024-08-02,1.6818723122725778,1363,-2.09768522181608,1409,6046,5952
2024-08-03,0.4863744478423377,622,-2.185129491259274,646,2943,2849
2024-08-04,1.328614850195397,481,-1.6576032919014658,486,2303,2293
2024-08-05,1.8569642337888932,690,-2.160516883278043,705,3439,3377
2024-08-06,1.2870466321243523,642,-2.1277065344511397,659,3281,3170
2024-08-07,1.358820286659317,697,-2.070810324788767,718,3628,3548
2024-08-08,1.3978247734138973,674,-2.0411605743759376,683,3310,3272
2024-08-09,1.025520459440058,561,-1.430691348579695,583,2786,2622
2024-08-10,0.9913847364280096,515,-1.926945636159863,529,2542,2517
2024-08-11,0.5040714285714286,505,-2.338095134554912,536,2800,2737
2024-08-12,1.526541147889463,643,-1.2771430480188257,651,3293,3200
2024-08-13,1.5196597353497172,806,-1.2586679574689557,833,4232,4063
2024-08-14,1.7079188319722838,824,-1.1800723567877152,862,4041,3876
2024-08-15,1.992863378437365,1018,-1.5204290411204238,1081,4582,4472
2024-08-16,0.732075471698113,742,-2.368350850655273,760,3551,3370
2024-08-17,0.01719999999999982,446,-2.0181016439778174,457,2500,2444
2024-08-18,0.27303167420814506,400,-1.4567180265372017,415,2210,2167
2024-08-19,0.6111940298507461,527,-2.015981084016857,545,2680,2642
2024-08-20,1.4605568445475634,523,-0.975740417557049,535,2586,2541
2024-08-21,1.2519205298013254,528,-1.3184568733148727,546,3020,2848
2024-08-22,2.4806023316062187,523,-0.7201558794861858,537,3088,2608
2024-08-23,1.8740402193784285,488,-0.686091799992509,500,2735,2672
2024-08-24,1.05872063968016,356,-1.1380183108620794,370,2001,1959
2024-08-25,1.1649006622516551,432,-1.3232361784205007,438,2265,2086
2024-08-26,1.2153989560029828,505,-1.273964066460624,526,2682,2620
2024-08-27,1.613496720745599,561,-1.1562364342802731,575,2897,2858
2024-08-28,1.4535000000000005,685,-0.48258088434089874,708,3400,3386
2024-08-29,1.1307108525170761,796,-0.6837419602856327,827,3953,3907
2024-08-30,0.5014971751412427,657,-0.8701697422431696,676,3540,3501
2024-08-31,2.157392363931763,430,-0.6887839879626333,445,2462,2304
2024-09-01,0.6211705532693188,442,-1.35682970563369,452,2187,2139
2024-09-02,0.806725146198831,660,-0.8064889005763844,676,3762,3651
2024-09-03,0.6928238394486114,916,-1.5015289036602384,943,4933,4674
2024-09-04,2.150589603055972,1201,0.11205125273182419,1268,6021,5959
2024-09-05,1.7424767801857584,931,-0.12892628931040356,966,4845,4682
2024-09-06,-0.5819336626676062,1194,-2.101740516729687,1224,5668,5620
2024-09-07,-0.930109670987039,905,-3.2846731462746246,924,4012,3888
2024-09-08,-0.7794959419051692,548,-2.492003465520119,558,2341,2317
2024-09-09,0.40906735751295326,791,-1.7019711155869683,810,3860,3776
2024-09-10,0.2520607375271148,922,-2.138188583290066,939,4149,4111
2024-09-11,0.9346729371526292,1039,-1.5526220789286187,1056,4678,4608
2024-09-12,0.7759807460890491,892,-1.7418673022746287,933,4155,4053
2024-09-13,0.14701806483543678,835,-2.228254713997035,871,4041,3923
2024-09-14,-0.470872641509434,720,-2.5315197321237966,785,3392,3355
2024-09-15,0.7156334231805928,438,-1.4017009546786787,449,2226,2148
2024-09-16,0.5073320413436692,620,-1.052441632881694,643,3096,2981
2024-09-17,1.5244844517184946,573,-0.766436619134389,579,3055,2978
2024-09-18,1.150794568043918,654,-1.9564930498530857,674,3461,3457
2024-09-19,0.9102604577742701,765,-1.799451204246032,781,3801,3720
2024-09-20,1.4769067796610178,543,-0.9747348608651647,560,2832,2762
2024-09-21,1.9403094112591313,462,-1.0507557396590694,483,2327,2288
2024-09-22,1.4446555819477436,408,-1.179802448520736,410,2105,2081
2024-09-23,1.7198046663049371,781,-0.47619820210709785,806,3686,3593
2024-09-24,1.5647090810222954,1171,-1.1127082882185126,1224,5517,5391
2024-09-25,1.6793326790971546,1084,-0.1792319409121655,1117,5095,4978
2024-09-26,1.326329213262704,1100,-1.2052077995520312,1144,5097,5008
2024-09-27,0.858401639344262,1054,-0.8772005782353223,1110,4880,4711
2024-09-28,2.079477408818727,511,-2.11208452479945,530,3674,2505
2024-09-29,1.4594211458948614,333,-0.9720376542402787,336,1693,1677
2024-09-30,1.407976917854719,583,-0.6309592484296898,598,2946,2834
2024-10-01,1.1962389380530978,660,-1.1333571917883913,677,3616,3512
2024-10-02,0.7750877192982456,582,-1.5280664835731803,599,2850,2801
2024-10-03,0.937457574822586,580,-1.5045553028722092,629,3241,3185
2024-10-04,1.161954739258774,604,-0.867464592471682,613,3049,2963
2024-10-05,1.3911877394636012,378,-0.3881652347185581,396,2088,2008
2024-10-06,1.4193707865168537,431,-0.7460046390746246,444,2225,2212
2024-10-07,1.240025133521835,602,-0.5882993210269689,630,3183,3111
2024-10-08,0.7964081373172278,629,-1.5886791671729217,651,3146,3091
2024-10-09,1.5473429951690836,872,-1.6899475667451396,907,4554,4407
2024-10-10,1.8644895613867083,1041,-0.7237992717198161,1091,5221,5122
2024-10-11,2.022407447499458,979,-0.20120030877687234,1010,4619,4571
2024-10-12,1.8562908811081178,501,-0.38741541615218666,510,2599,2596
2024-10-13,1.1633213859020315,321,-0.09969324471323804,323,1674,1654
2024-10-14,1.6099527665317142,587,-0.006325896712157303,606,2964,2917
2024-10-15,1.3565005138746145,704,-0.8737607013896695,717,3892,3506
2024-10-16,1.004928242621175,759,-1.1262010077832325,779,3693,3654
2024-10-17,0.6159395494724839,642,-1.3089118985848838,658,3507,3279
2024-10-18,1.691024165707711,985,-0.8244252433563319,1006,5214,5037
2024-10-19,1.715435779816514,916,-2.1799609867980676,945,4360,4341
2024-10-20,1.4325604504802913,613,-1.3377140781759582,630,3019,2924
2024-10-21,0.825227492739594,1056,-1.8160778960892807,1120,5165,5044
2024-10-22,1.3666738428417657,1009,-0.8923264978750552,1040,4645,4613
2024-10-23,-0.3578528583669971,1531,-4.167866578376429,1578,8169,8074
2024-10-24,-0.46602463312368986,1526,-4.2613044398616005,1564,7632,7469
2024-10-25,0.13410585141354356,1194,-2.5452961036985475,1238,6084,5970
2024-10-26,0.7651380670611438,387,-1.3197053952440252,390,2028,2016
2024-10-27,0.019239793524166993,422,-2.1441428660680817,426,2131,2106
2024-10-28,1.0995827538247562,566,-0.9082005728871416,568,2876,2820
2024-10-29,1.3383209745762714,707,0.4308247887193367,719,3776,3655
2024-10-30,0.9266042780748669,721,-0.7156028697678469,733,3740,3674
2024-10-31,1.6735865724381633,662,-0.43248193759332765,714,3396,3368
2024-11-01,1.391321999492515,768,-0.8735222968102105,794,3941,3858
2024-11-02,0.5487059821807381,442,-1.5611224704104174,447,2357,2302
2024-11-03,1.7906680805938493,406,-1.3636059432224377,413,1886,1874
2024-11-04,1.556419316843345,680,-0.8657178959894308,694,3396,3353
2024-11-05,1.6681759711860051,770,0.12391967692459092,789,3887,3832
2024-11-06,2.0528353326063264,713,0.4088160392132054,722,3668,3596
2024-11-07,1.465000000000001,713,-0.0016787488687314278,737,3740,3639
2024-11-08,1.6677190213101816,783,-0.10384034798496036,809,3801,3718
2024-11-09,1.891217798594848,473,-1.0041551808794837,481,2562,2513
2024-11-10,1.1794948630136992,430,-0.8991823701978907,440,2336,2279
2024-11-11,1.2503014065639653,547,-0.6256007724368523,573,2986,2931
2024-11-12,1.6064053537284897,638,-0.6634509054781719,649,3138,3056
2024-11-13,1.6178406169665815,821,-0.3611201441194338,854,3890,3809
2024-11-14,1.851259294794916,805,0.12106010439306353,824,4169,4045
2024-11-15,1.7122068380898563,672,0.2043839496707577,712,3539,3465
2024-11-16,1.4390912369275157,496,-0.7389696647179543,519,2773,2691
2024-11-17,1.1385928393005826,493,-0.8583993035566999,504,2402,2382
2024-11-18,1.4458564998676198,763,-1.4491690594238453,788,3777,3737
2024-11-19,1.4335990037359905,849,-1.2632246858234875,866,4015,3975
2024-11-20,1.9352871870397648,621,-1.0608041105076071,631,3395,3311
2024-11-21,1.5972709551656925,550,-1.1032960556056854,553,3078,3041
2024-11-22,1.77536673124827,633,-0.3571925786609261,646,3613,3564
2024-11-23,2.1130675909878702,525,-0.5295236065762485,563,2885,2797
2024-11-24,1.1680108857001492,792,-0.8776312582470185,818,4042,3916
2024-11-25,1.0676246537396132,1060,-0.9141287812070282,1117,5776,5614
2024-11-26,1.2906814523341088,1083,-0.5869055102598826,1140,5591,5473
2024-11-27,1.4661769911504428,1031,-0.6640898674113812,1044,5650,5479
2024-11-28,1.5045654785742901,994,-0.6315844122348746,1031,4994,4940
2024-11-29,1.2685104429653435,839,-1.319144944950335,864,4357,4280
2024-11-30,0.9029928741092639,869,-2.909059554590075,886,4210,4144
2024-12-01,1.5776176753122,970,-3.0139847747457376,1020,4164,4111
2024-12-02,1.4359536867763556,1431,-3.0783348892562934,1460,6564,6319
2024-12-03,1.2603403890160194,1622,-2.574116601839979,1652,6992,6797
2024-12-04,1.1497860504920834,1034,-2.0008484676665814,1066,4674,4547
2024-12-05,1.554655355249206,934,-1.6571341081151418,969,4715,4589
2024-12-06,1.8076978031791393,1199,-2.2754967689032832,1300,5599,5533
2024-12-07,2.1925097732603596,1526,-3.271634887185008,1615,6395,6294
2024-12-08,1.675543263532201,1768,-3.7033775661738226,2076,7593,7508
2024-12-09,0.8790500424088219,2119,-3.1694988135119067,2205,9432,9220
2024-12-10,0.870648375825028,1583,-2.471655406526627,1660,7727,7639
2024-12-11,1.351509412944191,1905,-2.0943033698603903,2031,8977,8370
2024-12-12,1.6854242124903935,1999,-1.5839492603176966,2084,9111,9000
2024-12-13,1.6566887924431961,1680,-1.455222217896032,1805,7834,7732
2024-12-14,1.9339352097716402,1210,-1.8581469968753885,1244,5649,5516
2024-12-15,1.3219317073170735,1092,-2.0017329475378443,1115,5125,4991
2024-12-16,1.5251589825119238,1050,-1.025838419320271,1060,5032,4945
2024-12-17,1.5911424187473855,1456,-1.7891207360879609,1496,7169,7011
2024-12-18,1.0979500140409992,1417,-1.4115543621885598,1513,7122,6992
2024-12-19,0.9799775208734751,1305,-1.4487776569817834,1343,6228,6179
2024-12-20,0.9910949164592971,1183,-1.5669669948007134,1209,5626,5471
2024-12-21,0.8574146468595255,753,-1.6103151889064597,786,3837,3715
2024-12-22,1.4447940649782565,826,-1.3721965597565697,843,3909,3881
2024-12-23,1.3674053182916994,1002,-1.6105787169822108,1062,4964,4847
2024-12-24,1.5938360147315371,1073,-1.3738074968620548,1089,5159,5035
2024-12-25,1.1109621686029194,681,-1.2288895577460321,698,3357,3299
2024-12-26,1.645399945399946,739,-1.213189164246414,779,3663,3444
2024-12-27,1.1718196457326888,592,-1.4399683669599492,598,3105,3040
2024-12-28,0.7933920704845816,528,-1.4131251430415352,571,2951,2892
2024-12-29,1.3472594863932539,506,-1.3980654841251319,526,2609,2587
2024-12-30,1.5416719846841105,635,-1.345513731736858,656,3134,3131
2024-12-31,1.4253617669459258,540,-0.9302759949680621,564,2626,2579
2025-01-01,1.1945416004239535,391,-1.3318770551777976,402,1887,1862
2025-01-02,1.6543100390209293,537,-1.6085152923207608,554,2819,2771
2025-01-03,0.9202398255813954,522,-1.1790069230688525,529,2752,2688
2025-01-04,0.9021567814184988,475,-1.777471448176002,489,2411,2396
2025-01-05,0.9419975932611312,499,-1.788747679484926,510,2493,2445
2025-01-06,0.8435855263157892,630,-1.2692460496643836,645,3040,2917
2025-01-07,0.7744937319189971,863,-1.437806141966077,888,4148,4068
2025-01-08,0.9419126058110278,905,-1.6017915993110277,921,4371,4341
2025-01-09,1.427977556745728,769,-1.7831894605707166,795,3921,3871
2025-01-10,0.8870721271393643,687,-1.7454180005696898,703,3272,3252
2025-01-11,1.4071457408155024,504,-1.4845391195144337,512,2477,2437
2025-01-12,1.492199824715162,474,-0.7782976026329681,488,2282,2262
2025-01-13,0.8780501549732318,725,-1.6237397765723232,755,3549,3520
2025-01-14,1.8614149523331671,809,-1.0764301729004957,831,3986,3944
2025-01-15,1.521155753968254,792,-0.9111496934869221,810,4032,3960
2025-01-16,1.2403560107290912,834,-1.3026075035818234,857,4101,4023
2025-01-17,1.0424062383958412,581,-1.6729817827840756,590,2693,2691
2025-01-18,1.112252773757839,401,-0.6291004363087105,406,2073,2000
2025-01-19,1.4309219858156026,393,-1.041520852910936,399,2115,2080
2025-01-20,1.517744438696327,711,-0.0008786314272410944,730,3866,3708
2025-01-21,-0.5146221786064766,957,-2.2568549695866733,988,5095,4954
2025-01-22,-0.3995902479000205,1043,-2.759625016384623,1085,4881,4748
2025-01-23,0.6448112234371779,962,-1.2615941965229787,997,4847,4754
2025-01-24,0.36283316880552835,767,-0.8301174157892892,791,4052,3754
2025-01-25,1.1975943591870593,496,-1.519431850187786,530,2411,2369
2025-01-26,1.0242666666666664,439,-1.78099643423,446,2250,2222
2025-01-27,0.3950042337002535,693,-1.5380774937942807,704,3543,3436
2025-01-28,0.874066390041494,635,-1.4834429245247043,645,3374,3157
2025-01-29,1.231012658227848,766,-1.5101490048128077,788,4108,3976
2025-01-30,0.9768292682926831,691,-1.6790359578595901,712,3444,3372
2025-01-31,1.6784726398075762,634,-1.1783958918780786,654,3326,3237
2025-02-01,1.7116417910447763,337,-0.6920989993460027,338,1675,1664
2025-02-02,1.2892487046632117,458,-1.2064888632500157,458,2316,2288
2025-02-03,1.3616120545324095,838,-1.6688213786571378,874,4181,4102
2025-02-04,2.3790871369294577,1253,-1.0532401553484463,1320,6025,5947
2025-02-05,1.320919848180398,951,-1.097532588756619,967,4479,4389
2025-02-06,1.181711948583114,764,-1.4822263863837086,781,3423,3409
2025-02-07,0.9738892686261107,569,-1.6886974563649368,585,2926,2844
2025-02-08,1.0856023506366308,417,-0.883081793612403,430,2042,2002
2025-02-09,1.9252916472235182,466,-1.2203024483461897,475,2143,2102
2025-02-10,1.9039294306335195,805,-0.554641235234506,827,3741,3711
2025-02-11,1.7400253807106596,796,-0.49368439987171503,821,3940,3842
2025-02-12,2.6329452350150917,985,1.2911494982442195,1009,4638,4494
2025-02-13,2.157337332718044,993,1.7794981036414281,1025,4334,4156
2025-02-14,1.5173925259904466,803,-0.14942896374235715,812,3559,3505
2025-02-15,1.1579270970575315,489,-1.3986846858474957,499,2277,2235
2025-02-16,1.688778550148958,408,-0.548992212769566,422,2014,1975
2025-02-17,1.738440239963084,906,-0.32748666740403615,1005,4334,4290
2025-02-18,1.9100032010243273,1376,-0.4170146314987757,1431,6248,6172
2025-02-19,1.554855758643472,1002,-0.9111485373877477,1039,4541,4475
2025-02-20,1.441193548387097,655,-1.3527029247152256,682,3100,3071
2025-02-21,1.1298173803526455,628,-1.087226287143313,644,3176,3090
2025-02-22,1.1897409852717107,395,-1.1991274191694878,402,1969,1931
2025-02-23,2.0859854604200323,547,-0.44859767755050284,561,2476,2450
2025-02-24,1.8531535357825464,986,-0.7736253639213968,1018,4709,4639
2025-02-25,1.6651150347779564,806,-0.32035354059532894,818,3738,3683
2025-02-26,2.06961688542036,1114,-0.513742370910043,1150,5638,5537
2025-02-27,1.4130248698669752,1777,-0.6357070181488055,1895,8645,8519
2025-02-28,1.9952469844916716,1369,-0.6246227063547953,1484,6964,6870
2025-03-01,1.6864804469273746,953,-0.9109412893023693,1029,4475,4369
2025-03-02,1.1770300157977882,722,-1.6698710119567766,756,3165,3093
2025-03-03,1.4198155216284989,589,-1.0002284484041544,601,3144,3032
2025-03-04,1.45396551724138,712,-1.2691280313522046,732,3480,3446
2025-03-05,1.5654918463966339,800,-0.8121574384982664,841,3802,3768
2025-03-06,2.5329968595782844,797,-0.04499355309376195,866,4458,4305
2025-03-07,1.9798289590091422,693,-0.4458523720310743,707,3391,3299
2025-03-08,0.8139825218476904,507,-1.5722527454198347,514,2403,2360
2025-03-09,0.5234230769230769,462,-2.449099352002954,481,2600,2535
2025-03-10,1.206818181818182,617,-2.3886642667876976,624,2860,2827
2025-03-11,1.2023514043109083,638,-1.098038486291412,644,3062,3039
2025-03-12,1.7748936170212772,836,-0.18086442340845388,861,4230,4172
2025-03-13,1.5868908382066287,830,-0.14050480754890363,849,4104,3976
2025-03-14,1.8082077588970822,706,-0.6248666096457345,734,3119,3081
2025-03-15,1.1060773480662986,426,-0.9589364336776759,448,2172,2137
2025-03-16,1.5656967213114752,498,-1.1690902828279854,517,2440,2421
2025-03-17,1.0651433437411308,729,-0.9400474255779951,745,3523,3470
2025-03-18,1.1739932449987012,823,-1.4888512514951309,828,3849,3765
2025-03-19,-0.3659562841530055,978,-3.106547178170143,1017,5490,5428
2025-03-20,-0.3161183666721773,1141,-3.0891006477644183,1199,6049,5876
2025-03-21,-0.5079406631762653,1009,-3.1278184390206314,1056,5730,5589
2025-03-22,-1.5816204051012752,883,-4.269860959110343,1106,5332,5230
2025-03-23,-0.38974010861132696,945,-4.603668149433398,994,5156,5049
2025-03-24,-0.6886343867787761,1313,-4.410338176814566,1331,6898,6721
2025-03-25,-0.25369084154417715,1155,-3.870160206468111,1256,6191,6081
2025-03-26,0.272197179002472,1327,-2.7519818355090164,1450,6877,6708
2025-03-27,-0.1196576477084485,1214,-3.1716601368502424,1286,5433,5301
2025-03-28,-0.23895069152134707,1408,-2.678619375720715,1475,6652,6537
2025-03-29,0.04734848484848485,961,-3.9144676388046524,1021,4752,4623
2025-03-30,-0.44345200254291167,661,-3.4002811377480704,678,3146,3088
2025-03-31,0.6594053398058252,705,-1.972439111460972,714,3296,3241
2025-04-01,0.8179736294240109,591,-2.319329100856238,594,2882,2870
2025-04-02,0.7186259060825714,562,-2.2474384728364925,585,3173,3123
2025-04-03,0.514735718099306,770,-2.5449500086780303,787,3746,3702
2025-04-04,0.6229803921568625,789,-2.0406782892030946,820,3825,3655
2025-04-05,0.6209227957971677,427,-1.4969651769990044,432,2189,2171
2025-04-06,0.30325950689511083,444,-2.0101258729506157,471,2393,2316
2025-04-07,0.6522370370370368,657,-1.4978414673333733,683,3375,3286
2025-04-08,0.8027306417007999,1027,-1.3067086756520951,1050,5127,5067
2025-04-09,1.5817000955109846,1007,-0.7498049384160066,1033,5235,5162
2025-04-10,2.008329256360079,1639,-0.8318942965525694,1684,8176,8020
2025-04-11,1.8680169121658474,1492,-0.1756274860162592,1511,7332,7075
2025-04-12,1.5108453954268937,907,-0.28080675292302204,925,4767,4703
2025-04-13,1.6250165599470083,897,-0.5784732855495736,938,4529,4389
2025-04-14,1.4077197998570408,851,-0.6239609399515516,863,4197,4089
2025-04-15,1.3277638190954788,954,-1.1650200477722066,994,4776,4676
2025-04-16,1.431003118503119,752,-0.831525672084217,761,3848,3794
2025-04-17,1.493141651279346,766,-0.9086187584443853,780,3791,3734
2025-04-18,1.1126884422110552,729,-1.3578354352120938,745,3980,3946
2025-04-19,1.4751764705882353,497,-1.6953355577224163,507,2550,2518
2025-04-20,0.883218163869694,449,-1.8280118811103259,454,2026,1973
2025-04-21,1.5624456859093734,635,0.10618407135208732,650,3222,3169
2025-04-22,1.6109892787524376,843,0.548189806592353,905,4104,3994
2025-04-23,1.0060188727365467,762,-1.4159630376633618,784,3921,3850
2025-04-24,1.1467538322813342,768,-1.8884560642668116,900,4436,4424
2025-04-25,0.7220674486803517,715,-1.6951130002230648,790,4092,4003
2025-04-26,1.3882845188284516,424,-0.9766954252597398,437,2151,2133
2025-04-27,1.5428431851489985,391,-1.3304208904684471,404,2047,2031
2025-04-28,1.8630324221233308,617,-0.9232853737119744,624,3146,3109
2025-04-29,1.7292460423933464,740,-0.6629206842036485,765,3727,3646
2025-04-30,1.2688224684359701,757,-1.7911135986395257,776,3881,3839
2025-05-01,0.6606325896639368,706,-2.0865328637820975,742,3541,3470
2025-05-02,0.3657986111111111,567,-1.3210820072195817,587,2880,2858
2025-05-03,1.2977922077922077,612,-0.6309942566738143,628,3080,3049
2025-05-04,0.9647537805350911,496,-1.3875471733299594,502,2579,2525
2025-05-05,1.1024712503058476,823,-0.9700075153496921,846,4087,4018
2025-05-06,1.4238819058754748,732,-0.7108071144920116,741,3421,3370
2025-05-07,0.9980660757453671,742,-1.7263621473960795,763,3723,3674
2025-05-08,1.1690715667311415,982,-1.327515761569668,1014,5170,5119
2025-05-09,1.2335069096735427,1073,-1.9541353355627844,1119,4993,4789
2025-05-10,1.5596545866364668,774,-1.9707302209561537,823,3532,3508
2025-05-11,2.4607771097751034,2022,-0.6085611374800114,2086,8982,8856
2025-05-12,1.976020995110725,3140,-1.170047946709533,3282,13908,13773
2025-05-13,1.8788340298930346,3278,-1.027695693530625,3365,14117,13946
2025-05-14,1.8942198915861406,3854,-0.8977023285195648,3944,16972,16571
2025-05-15,2.056045757864627,6400,-0.8807121086191761,6756,26225,26066
2025-05-16,1.8921942224953876,5014,-1.1044164510333803,5231,21151,20817
2025-05-17,1.8642433234421334,2301,-1.7139395197986247,2380,9436,9361
2025-05-18,1.7041155520379905,1209,-1.6738636293482028,1253,5054,5031
2025-05-19,2.0571359536082476,1473,-1.5602956550829763,1522,6208,6105
2025-05-20,1.4457362885048843,1155,-1.32544345896506,1180,5324,5258
2025-05-21,1.6628495842781583,1066,-0.8709356012688312,1089,5292,5159
2025-05-22,1.6312303500314402,1004,-1.1651227085161011,1030,4771,4723
2025-05-23,2.05026178010471,1139,-1.4526020006414304,1183,5539,5452
2025-05-24,2.0597161572052403,1015,-1.1905410994029333,1037,4580,4466
2025-05-25,2.070921820303384,1015,-0.9854351617453655,1029,4285,4276
2025-05-26,1.6886169386169394,1198,-0.6640822911892975,1210,5148,5061
2025-05-27,1.8442600276625178,1404,-1.2416613973086044,1461,6507,6410
2025-05-28,1.2424342539976216,1524,-0.8445524823016233,1575,7567,7409
2025-05-29,2.0904162783473144,1407,-0.9431557011417901,1445,6438,6361
2025-05-30,2.0676557104489075,1709,-0.7781636566949577,1750,7819,7695
2025-05-31,1.182383124287343,1146,-1.4072746939648486,1190,5262,5185
2025-06-01,1.8769652974504254,1214,-2.150490590689311,1269,5648,5569
2025-06-02,1.618707058088693,2565,-1.8125959118470498,2837,12808,12656
2025-06-03,1.4254630948988323,1482,-2.246379366250782,1515,7018,6937
2025-06-04,1.612933538356398,1225,-2.068514372071875,1279,5853,5715
2025-06-05,1.13289817232376,729,-1.4807014287870626,758,3447,3392
2025-06-06,1.3421933863541238,470,-1.2958532059043177,481,2389,2376
2025-06-07,1.4179350244770812,455,-2.362423300077593,487,2247,2200
2025-06-08,1.44622905027933,476,-1.8370411959899717,489,2148,2105
2025-06-09,1.883355263157895,596,-2.167225793196903,625,3040,2972
2025-06-10,1.399581356405247,734,-1.655636576424332,743,3583,3478
2025-06-11,1.662575801328328,702,-1.0427224597294034,724,3463,3410
2025-06-12,2.0562353727850224,550,-1.111448059357603,584,2991,2983
2025-06-13,1.4401552575864502,566,-1.869784649898469,581,2834,2759
2025-06-14,1.8617837837837847,383,-2.0107828229278697,388,1850,1816
2025-06-15,1.8076923076923077,6,-2.2338871292460647,6,26,26
2025-06-16,-3.3680000000000003,6,-5.950049950049948,6,25,25
2025-06-17,-0.08846153846153842,15,-0.8300224854133466,17,52,52
2025-06-18,-5.0,1,-6.53409090909091,1,3,3
2025-06-19,3.1285714285714286,6,0.99285749922122,6,35,35
2025-06-20,7.0,2,-0.92307692307692,2,8,8
2025-06-21,3.7333333333333334,13,-2.7374281906916877,14,60,60
2025-06-22,2.04,9,-3.745595870675474,9,20,20
2025-06-23,6.15,25,1.755303763147044,25,88,88
2025-06-24,4.65,4,1.6493960599341726,4,20,20
2025-06-25,1.7777777777777777,19,-2.124920095454677,19,126,126
2025-06-26,0.8071428571428572,27,-0.6672003774786562,28,140,140
2025-06-27,2.53125,18,-1.9249502710104316,18,96,96
2025-06-28,3.6551724137931036,14,1.2317462642137793,14,58,58
2025-06-29,0.5714285714285714,4,-0.04214800479656744,4,7,7
2025-06-30,-1.6896551724137931,17,-3.02578767978127,17,87,87
2025-07-01,-1.196,7,-1.312431499266435,7,50,50
2025-07-02,0.8801460996608408,711,-1.8179766140749258,732,3833,3731
2025-07-03,1.540965692503177,777,-1.4994707822441335,811,3935,3692
2025-07-04,0.6396843291995497,913,-1.8452052016465257,940,4435,4362
2025-07-05,0.0030526992287917875,618,-2.43685543514217,638,3112,3061
2025-07-06,0.720156636438582,478,-2.0159423096498883,486,2426,2377
2025-07-07,0.871499292786422,825,-2.037803204397174,837,4242,4132
2025-07-08,1.4788888888888891,742,-1.6716708250480272,772,3780,3750
2025-07-09,1.3498914354644154,840,-0.360140927469346,877,4145,4073
2025-07-10,1.716576673866092,707,-0.9275875574688499,721,3704,3599
2025-07-11,1.7353699407063683,783,-0.6704629950787969,799,3879,3823
2025-07-12,1.5000760745530621,459,-0.561115901212693,474,2629,2599
2025-07-13,0.5611775969363332,389,-0.5703424293217115,392,2089,2009
2025-07-14,1.966612057667104,547,-0.9329694002169292,562,3052,2949
2025-07-15,1.4552320000000003,604,-1.182748456833243,615,3125,3103
2025-07-16,0.7757734967892584,712,-1.836967901609052,726,3426,3355
2025-07-17,1.4223014959723823,866,-1.431196198433274,896,4345,4315
2025-07-18,2.1536818181818194,947,-1.108079104404466,979,4400,4344
2025-07-19,1.4174751431153962,614,-1.2023633256796806,648,3319,3307
2025-07-20,0.8228649303452454,638,-1.6319364600335027,660,3302,3217
2025-07-21,2.0505949301603716,1128,-1.5571281656552605,1171,5799,5659
2025-07-22,2.0852334419109666,1125,-1.7531385897372005,1164,5526,5444
2025-07-23,2.5600886524822672,2250,-1.1254119833330818,2336,11280,11030
2025-07-24,2.071743093535268,1338,-1.7705221874653068,1402,7131,6861
2025-07-25,2.2836538461538467,1159,-1.681911391665345,1207,5512,5486
2025-07-26,1.6673475609756105,711,-1.3834194123781756,723,3280,3264
2025-07-27,-0.06692699490662136,540,-2.8020942883509896,567,2945,2870
2025-07-28,0.3616712079927338,846,-1.7844002560110583,873,4404,4253
2025-07-29,0.9918312867058199,727,-1.1480183276780491,750,3746,3703
2025-07-30,0.8322580645161294,686,-0.9840550396502652,700,3596,3459
2025-07-31,1.7891640866873075,569,-0.615475039706516,572,2907,2903
2025-08-01,1.844680337756333,871,-1.1124872549105365,893,4145,4083
2025-08-02,2.0362549800796805,510,-0.06291834325484078,526,2761,2721
2025-08-03,1.963616652211622,450,-0.6620944600081035,458,2306,2248
2025-08-04,1.604507304942493,709,-0.3291756591142498,718,3217,3168
2025-08-05,1.60687306501548,695,-0.34258783302189544,714,3230,3204
2025-08-06,1.8090998685939563,629,-1.474946011458046,629,3044,2835
2025-08-07,1.5666153055983572,813,-0.918593078290639,828,3894,3749
2025-08-08,1.2565590168619603,655,-1.294275482344232,694,3499,3456
2025-08-09,2.252078384798101,622,-0.33496005131158285,679,3368,3312
2025-08-10,1.1994814174589452,489,-2.1059786074113584,497,2314,2263
2025-08-11,1.835825150459297,647,-0.44848669506746175,677,3157,3065
2025-08-12,0.979831704668838,716,-0.9106634849810851,747,3684,3605
2025-08-13,1.1521236636810168,696,-0.8689346507941085,715,3461,3422
2025-08-14,1.6667014613778695,581,-0.9493794096747834,588,2874,2837
2025-08-15,0.4699999999999999,497,-1.940293607824077,509,2500,2430
2025-08-16,1.0244044725328147,418,-0.8912325744377254,424,2057,2026
2025-08-17,1.083424807903403,376,-1.1303954236579525,385,1822,1781
2025-08-18,0.9163043478260865,418,-1.9540260629137818,423,2024,2006
2025-08-19,1.871728676284487,830,-0.9383136642358841,849,3951,3850
2025-08-20,1.4920442681144295,985,-0.11905884165296052,1000,4789,4647
2025-08-21,1.841606425702812,810,-0.605550576830514,819,3735,3668
2025-08-22,1.3563600782778868,497,-0.8777297919606027,501,2555,2511
2025-08-23,1.2646608873023968,363,-1.0792669296878525,374,1961,1951
2025-08-24,1.0852859522487504,377,-0.6843941552144234,383,1801,1771
2025-08-25,1.9093629003871886,557,-0.7377237284186087,565,2841,2743
2025-08-26,1.828030303030304,508,-1.1070599686573057,518,2640,2616
2025-08-27,1.4917532917532916,557,-1.118930685813045,567,2886,2837
2025-08-28,1.394131346064277,889,-1.1065482435935272,913,4294,4237
2025-08-29,1.083418928833456,834,-1.8315059779648155,877,4089,4035
2025-08-30,1.1052497883149874,478,-0.7871927444026029,492,2362,2324
2025-08-31,1.6238341968911914,524,-0.33044161670207656,535,2316,2293
2025-09-01,2.128567741935484,863,0.05761522579178735,900,3875,3829
2025-09-02,1.5101786220584066,758,-0.9429328161529976,774,3527,3476
2025-09-03,0.5199999999999999,577,-1.4779869386386453,591,2910,2894
2025-09-04,0.3226056338028169,522,-1.854867018111815,538,2840,2789
2025-09-05,0.37142193308550187,405,-1.8574599524277697,407,2152,2144
2025-09-06,1.2682801822323462,365,-1.0181672106559092,380,1756,1726
2025-09-07,0.8003309692671394,424,-1.0985712943271115,428,2115,2079
2025-09-08,0.09319691735317542,675,-2.1733657488692075,685,3763,3572
2025-09-09,0.5586785347483736,579,-2.1269630356829583,593,2921,2902
2025-09-10,0.6482501620220349,572,-1.832128159855501,589,3086,3032
2025-09-11,0.7789085072231134,604,-0.8604925610675132,612,3115,3111
2025-09-12,1.387216189536032,721,-1.1478453617095807,761,4052,4008
2025-09-13,1.0730610561056104,465,-0.6001015289476374,471,2424,2343
2025-09-14,1.151704073150457,484,-2.2044237528055195,491,2406,2327
2025-09-15,0.9538608458390184,695,-1.559026897945463,711,3665,3555
2025-09-16,1.2751345227980744,706,-0.8830602537989548,716,3531,3456
2025-09-17,0.8555271565495205,605,-0.5119098428873035,613,3130,3084
2025-09-18,1.333304347826087,700,-0.753438954910091,708,3450,3374
2025-09-19,1.5818074074074082,697,-0.38293872787072936,709,3375,3338
2025-09-20,1.2421576128538643,518,-0.5386221069703084,530,2614,2580
2025-09-21,0.788727583262169,511,-0.9405719599331493,525,2342,2313
2025-09-22,1.6061390157280575,849,-0.7282705606216655,907,3942,3856
2025-09-23,1.669889763779528,1470,-1.5862171727213445,1597,6350,6236
2025-09-24,1.5054132082280776,1230,-1.0931403130272446,1286,5542,5511
2025-09-25,2.0247770311545485,1903,-1.1158947166308455,1980,8185,8074
2025-09-26,2.140074847965072,1416,-0.2513314034384733,1488,6413,6329
2025-09-27,1.9601441031475173,520,-0.27828580313652496,527,2637,2580
2025-09-28,1.958578118348234,469,-1.029512593788926,479,2349,2264
2025-09-29,1.8675172018348623,712,-0.5735870239928667,726,3488,3441
2025-09-30,1.7961672473867591,1073,-1.0693122743522336,1163,4879,4831
2025-10-01,1.493524667931689,875,-1.3622851910924252,928,4216,4148
2025-10-02,0.6136839481555332,836,-2.262827518330694,858,4012,3968
2025-10-03,1.4003929273084486,815,-1.157687325611035,842,4072,4050
2025-10-04,1.9817642069550476,794,-1.5013491673178967,815,3537,3489
2025-10-05,1.6926385122045722,526,-1.5589148482110298,549,2581,2513
2025-10-06,1.2056593840484344,787,-1.418236672924576,800,3799,3719
2025-10-07,1.221315555555557,1240,-1.224376076951155,1258,5625,5523
2025-10-08,1.5827663615955798,1192,-1.3555394094257995,1207,5791,5692
2025-10-09,2.475197238658775,1392,-0.17022464176980265,1487,6084,6023
2025-10-10,1.5983207044849481,1060,-0.969841800523671,1242,4883,4824
2025-10-11,2.088182160331201,570,-1.044131733379387,575,2657,2613
2025-10-12,2.1914960629921265,517,-0.07579776974552906,532,2540,2465
2025-10-13,3.558140479090538,1198,-0.0468511594152675,1245,4926,4819
2025-10-14,2.8765208333333314,1161,-0.04181558204203106,1246,4800,4746
2025-10-15,1.9616244208231117,721,-0.5323988677024698,736,3669,3651
2025-10-16,1.5045852534562214,826,-1.0746444089630998,853,4340,4223
2025-10-17,1.8438996049267942,832,-0.7807966981002133,851,4303,4205
2025-10-18,1.9004242681374621,472,-0.9357199868753489,475,2357,2310
2025-10-19,1.848181293302541,662,-1.3211798648899995,684,3464,3429
2025-10-20,1.9856011519078482,898,-7.629147218512523e-05,938,4167,4095
2025-10-21,2.2053459847257577,934,-0.590530798516031,946,4321,4175
2025-10-22,1.8419163045963867,931,-0.28449158054468354,940,4373,4256
2025-10-23,2.231786941580756,852,0.17920789203639276,873,4074,4027
2025-10-24,1.5731782626595314,955,-0.7886622671135403,985,4858,4776
2025-10-25,1.8005179669796052,619,-1.6367110479277052,667,3089,2998
2025-10-26,2.1094471153846155,869,-1.7591928859003403,890,4160,4062
2025-10-27,1.9381367542657837,1589,-0.9139359158992201,1630,8029,7879
2025-10-28,1.4450453930847993,1058,-0.6931992964402841,1068,5177,5103
2025-10-29,1.1750603080348858,1090,-1.4344388325547304,1127,5389,5344
2025-10-30,1.8641741394272449,1405,-1.0439664477820974,1472,6914,6815
2025-10-31,2.2691298954456847,1096,-1.5496640429841166,1140,5643,5565
2025-11-01,1.356538711776188,616,-1.6618743917181014,637,3074,3003
2025-11-02,2.0693554068333917,571,-1.2563403374327564,574,2839,2797
2025-11-03,1.798983861326958,1062,-1.3732145559441884,1098,5019,4998
2025-11-04,1.7839816933638442,961,-0.5351531623053679,975,4807,4650
2025-11-05,1.60155293088364,932,-0.6659504877060352,976,4572,4502
2025-11-06,1.7461151236594452,965,-1.668001387494109,990,4569,4453
2025-11-07,1.2818542737038767,775,-1.646652047078962,794,4282,4080
2025-11-08,1.280227155394941,754,-2.304654504356785,817,3874,3774
2025-11-09,0.8620021528525297,563,-1.5640359504480013,572,2787,2727
2025-11-10,1.3440767089390655,664,-1.8289191826774094,684,3233,3167
2025-11-11,1.4486333495067125,1288,-2.874416766676751,1321,6183,6069
2025-11-12,1.5788282703037821,1355,-2.087025215091085,1374,6452,6384
2025-11-13,1.7478086924895437,1070,-1.5102421661020493,1088,5499,5426
2025-11-14,1.6879179670084712,841,-0.9545419615831385,853,4486,4397
2025-11-15,1.7514187116564413,463,-0.4541262528557417,487,2608,2585
2025-11-16,2.0878305084745774,593,-1.5629553335347375,639,2950,2924
2025-11-17,1.1799452861952868,889,-1.2357775698191709,961,4752,4607
2025-11-18,1.7683277027027036,1274,-1.167340929764948,1325,5920,5838
2025-11-19,1.8854809641811197,1894,-1.1543581699528702,1988,8878,8676
2025-11-20,1.5084479371316308,1405,-1.3237926645463096,1492,7126,6948
2025-11-21,1.7239181746656178,733,-0.82432897940638,749,3813,3708
2025-11-22,2.262655435218612,484,-0.614781875806708,500,2493,2435
2025-11-23,2.033640249917791,633,-0.0554498778583065,651,3041,2983
2025-11-24,1.8908291222159834,1045,0.4540670094832139,1145,5343,5212
2025-11-25,2.356317810048407,1213,0.015073975794025321,1274,5991,5826
2025-11-26,1.8355384856560584,1274,-0.4399141858292196,1395,6379,6229
2025-11-27,2.047952160667941,1680,0.030898671482657014,1803,8863,8633
2025-11-28,1.650823827629913,1335,-0.11841161471599723,1389,6312,6171
2025-11-29,1.3463848959450773,1016,-0.10937084518731485,1029,4661,4549
2025-11-30,1.4177416374052858,1082,-0.6189176349109722,1133,5411,5335
2025-12-01,1.6064063595978488,897,-0.9174663274122471,928,4277,4267
2025-12-02,0.6313585932593676,970,-1.2835623324083991,981,4777,4644
2025-12-03,1.581363636363637,893,-1.0995748197801953,933,4620,4460
2025-12-04,1.3626336375488919,710,-1.2619387683526568,725,3835,3712
2025-12-05,1.7345370370370363,615,-0.6636238880517297,626,3240,3141
2025-12-06,1.358533554266777,477,-1.3757338406024044,491,2414,2357
2025-12-07,1.5229879740980574,445,-0.9628833244730819,454,2162,2102
2025-12-08,2.1731694136719812,763,0.07972627120005449,775,3701,3627
2025-12-09,2.130517980864401,622,-0.7441772423582931,637,3031,2962
2025-12-10,1.23339616713792,616,-0.25393226546725733,629,3183,3070
2025-12-11,1.9841338582677162,462,-0.36857113262984337,483,2540,2516
2025-12-12,1.3811007505117123,914,-0.31378338939606104,935,4397,4341
2025-12-13,-0.21000971817298347,611,-0.7742714182825055,632,3087,3066
2025-12-14,0.4586481113320079,390,-1.5569545623449086,400,2012,1978
2025-12-15,0.8026487788097696,494,-1.005136450554371,533,2907,2847
2025-12-16,1.039790764790765,520,-0.8501763836124718,539,2772,2723
2025-12-17,1.1516650808753564,602,-1.3129670121600627,608,3153,3089
2025-12-18,1.682340025094104,715,-0.8795829415902591,751,3188,3175
2025-12-19,1.3953434225844008,490,-1.570777713947174,505,2577,2534
2025-12-20,1.24930826534232,546,-1.1322937433423108,558,2819,2756
2025-12-21,0.9579343094578554,470,-1.064361727369286,473,2527,2397
2025-12-22,1.1890677025527188,758,-0.8096675819910464,768,3604,3534
2025-12-23,1.2789484978540766,941,-1.8622845721633587,1022,4660,4580
2025-12-24,1.562616822429907,1005,-2.744873737134298,1097,4922,4801
2025-12-25,1.1662959130884638,643,-2.253700541223819,680,3866,3675
2025-12-26,1.6242451690821251,661,-1.787172186092561,684,3312,3206
2025-12-27,0.8215707964601765,530,-1.9617711415876833,550,2712,2662
2025-12-28,1.319611206403659,381,-1.4582223153111973,409,1749,1739
2025-12-29,-0.5756741250717153,737,-2.8186317647262182,752,3486,3421
2025-12-30,0.3600555134998737,771,-2.2702169040140263,786,3963,3925
2025-12-31,0.22327620565962536,505,-1.66965474479838,515,2509,2505
2026-01-01,1.2158747300215984,344,-1.0025332309584059,346,1852,1766
2026-01-02,0.8280931586608441,425,-1.406842298285474,437,2061,1972
2026-01-03,0.8413584398117016,283,-1.8332169828459657,292,1487,1468
2026-01-04,1.2577201447527138,333,-1.9710513649568056,370,1658,1649
2026-01-05,1.663541291020556,517,-1.0727134410432957,520,2773,2710
2026-01-06,1.7085070182900906,489,-1.0533157096072747,494,2351,2323
2026-01-07,1.46587333602259,504,-0.6075211909920535,508,2479,2468
2026-01-08,1.3344150298889839,642,-1.3504151939774638,665,3513,3355
2026-01-09,1.3073470744680855,600,-1.758782911087855,621,3008,2924
2026-01-10,0.5814972352190555,437,-0.7854550637185388,443,2351,2299
2026-01-11,0.07857142857142858,334,-1.1234201605406466,334,1694,1655
2026-01-12,0.6117597998331942,429,-2.0927748581600194,436,2398,2347
2026-01-13,0.5591749174917493,551,-1.4293156331240224,563,3030,2973
2026-01-14,1.1642329545454548,632,-1.3424640255821836,652,3520,3427
2026-01-15,0.9916028586013274,739,-1.2677291609741776,775,3918,3860
2026-01-16,1.3811030741410486,647,-0.964746093532099,680,3318,3287
2026-01-17,1.197569597878922,470,-0.5062946824251484,480,2263,2229
2026-01-18,0.1859585492227979,436,-1.201514682466611,441,1930,1866
2026-01-19,0.8598491441833477,724,-1.141605055941588,753,3447,3404
2026-01-20,1.0161178509532067,843,-1.3309741009814529,865,4039,4022
2026-01-21,1.149476365694877,796,-0.5195746727766959,813,3533,3436
2026-01-22,1.6938512396694225,659,-0.36283556109201354,666,3025,2991
2026-01-23,1.6278969957081548,717,-0.15555866967014528,731,3262,3130
2026-01-24,1.908591224018476,431,-0.7021141927792498,446,2165,2126
2026-01-25,1.1411764705882355,341,-0.7800515169479909,345,1649,1640
2026-01-26,1.060149906308557,639,-0.8501996015209162,660,3202,3143
2026-01-27,1.4006514657980464,757,-0.6036074395825162,772,3684,3627
2026-01-28,1.6283312421580938,782,-0.398412782831556,795,3985,3891
2026-01-29,1.8108878504672907,901,-1.1911607150954382,919,4280,4237
2026-01-30,2.194212285833681,1028,-1.7236614449993044,1057,4786,4739
2026-01-31,1.4987547561397443,578,-1.6146397319760606,593,2891,2847
2026-02-01,2.1411873840445272,414,-1.8172627650768227,425,2156,2128
2026-02-02,2.4478935185185176,871,-0.9959914973561015,906,4320,4222
2026-02-03,2.097242120343841,1240,-1.2586374423402436,1268,5584,5565
2026-02-04,1.8276673354003297,1170,-0.5775584515991333,1207,5483,5397
2026-02-05,2.1542000943841444,894,-0.5879987508603096,919,4238,4210
2026-02-06,1.78240997229917,711,-1.081268407083968,722,3610,3531
2026-02-07,1.5313666162380228,452,-0.5389386660129369,455,1983,1949
2026-02-08,1.4727272727272724,394,-0.7011405067204737,399,1903,1876
2026-02-09,1.7636878539962249,649,-0.9885725459729506,657,3178,3118
2026-02-10,1.5134955111497252,675,-0.8368914107360113,692,3453,3327
2026-02-11,2.060120068610636,1199,-0.19945309513774362,1221,5830,5759
2026-02-12,2.0227558871531843,868,-0.08645147815177875,887,4289,4209
2026-02-13,1.253151820065108,622,-0.3385523060891946,655,3379,3353
2026-02-14,0.5999999999999999,341,-0.5418178975977692,347,1890,1862
2026-02-15,0.9146666666666664,369,0.11568733294525829,388,1650,1616
2026-02-16,1.7702615694164991,482,-1.2063399916629396,489,2485,2450
2026-02-17,1.7998251748251757,563,-0.10346041651299734,578,2860,2804
2026-02-18,2.0230210853785,608,-0.5470084346026518,614,2893,2875
2026-02-19,1.6798350824587707,502,-0.06939659363460086,527,2668,2655
2026-02-20,1.0279333569656153,553,-1.608733960248495,561,2821,2777
2026-02-21,1.4203407880724173,331,-0.26658081178037474,347,1878,1820
2026-02-22,1.381195079086116,344,-1.0828297056413436,355,1707,1665
2026-02-23,1.515894924309885,430,-1.573621501825382,444,2246,2226
2026-02-24,1.3699262708575863,482,-1.3347936187175726,487,2577,2470
2026-02-25,0.6441897233201576,480,-1.3817415953901022,491,2530,2466
2026-02-26,1.2916814159292032,544,-0.3297443057846977,556,2825,2719
2026-02-27,1.4583567236539936,873,-3.0298707779558294,937,3919,3865
2026-02-28,1.0555151915455745,543,-3.560034053458521,545,3028,2589
2026-03-01,0.47370919881305645,364,-3.2393493441623087,377,1685,1666
2026-03-02,0.21228740020826087,549,-2.5712612096134633,573,2881,2825
2026-03-03,-0.28270221145107544,622,-2.212965062673099,627,3301,3229
2026-03-04,-0.3648298993770962,1060,-2.1591912245962974,1091,6261,6130
2026-03-05,-1.23375596455351,1319,-2.86348191990402,1370,7335,7053
2026-03-06,0.18086722195002453,802,-2.5974144248885205,812,4082,4052
2026-03-07,0.4408077994428968,530,-1.7366003038112812,546,2872,2810
2026-03-08,0.5811663479923519,402,-1.8778769226686929,414,2092,2045
2026-03-09,-1.4382678046732889,1187,-3.104486137741434,1240,7147,6930
2026-03-10,-0.51624109779399,1075,-1.9368981371250367,1107,5757,5699
2026-03-11,0.5781224489795921,659,-1.6214927040593705,680,3675,3602
2026-03-12,0.4693391115926325,686,-1.7616882154205813,696,3692,3612
2026-03-13,-0.7278407827440505,785,-2.013894693443656,799,4497,4447
2026-03-14,-0.26341219593468884,545,-1.6277562176308387,563,3001,2811
2026-03-15,-1.7226480836236935,364,-2.7878392290724126,367,2009,1977
2026-03-16,0.7828336755646819,454,-1.515769648094084,458,2435,2398
2026-03-17,1.3490874159462058,570,-1.7961401197632976,588,3123,3079
2026-03-18,1.527704609595486,818,-1.9947963909176893,837,4252,4197
2026-03-19,1.011163304780327,703,-1.8452684015599985,716,3619,3476
2026-03-20,-0.04857142857142876,468,-1.8873979219711259,483,2450,2422
2026-03-21,1.3932942708333333,298,-1.5612259571079854,300,1536,1498
2026-03-22,1.3659872611464972,276,-2.5451202314759693,282,1570,1560
2026-03-23,0.9078183172002977,560,-2.639883749928597,577,2686,2674
2026-03-24,1.3133531157270038,668,-1.69026060580692,699,3370,3322
2026-03-25,2.052103746397695,713,-1.669563048565881,721,3470,3427
2026-03-26,0.782697022767075,596,-1.7799096210137453,599,2855,2824
2026-03-27,1.1825037147102528,516,-1.568672161864047,547,2692,2637
2026-03-28,1.294752673796792,662,-2.797717084955465,684,2992,2927
2026-03-29,1.999503516756309,1030,-2.7246611067932944,1233,4834,4664
2026-03-30,1.1309224318658289,1010,-2.751928374589161,1027,4770,4678
2026-03-31,0.42960725075528716,688,-2.2037167246639355,710,3310,3187
2026-04-01,2.259538567493113,519,-1.5986253976054712,526,2904,2862
2026-04-02,1.240018315018315,471,-1.2137655488553136,483,2184,2152
2026-04-03,-0.3753929866989112,590,-2.7965162540717046,601,3308,3240
2026-04-04,2.132619305856833,869,-1.3715827168674162,905,3688,3642
2026-04-05,1.4704234972677594,653,-1.8234346597252862,680,2928,2833
2026-04-06,1.6564116828929076,739,-1.9405836492973854,778,3595,3507
2026-04-07,-0.5003739421373743,1000,-4.1461534218476706,1094,5081,5007
2026-04-08,0.7433422698838243,728,-2.428041388733177,784,3357,3306
2026-04-09,1.1410023545240504,567,-1.5521641239640596,569,2973,2940
2026-04-10,1.4030169491525433,602,-1.1342795109743655,605,2950,2916
2026-04-11,1.110094952523738,387,-1.282758479786184,391,2001,1953
2026-04-12,0.3815433571996818,519,-3.4135385192568224,558,2514,2478
2026-04-13,0.8093849080532654,638,-2.5886000053962146,679,3154,3114
2026-04-14,-0.29579572446555824,801,-2.647508797467076,813,4210,4091
2026-04-15,-0.4121818577333044,945,-2.831186275974753,978,4597,4522
2026-04-16,0.38982751862014875,997,-1.8306392342933422,1019,5102,5028
2026-04-17,1.736485602094241,1270,-0.4501956617306695,1305,6112,6060
2026-04-18,2.319726858877086,940,-0.26407671937360155,1000,4613,4444
2026-04-19,1.9392241379310347,647,-0.9585092593064105,668,3248,3161
2026-04-20,1.5663969538315097,798,-0.5716460213745607,832,4202,4067
2026-04-21,1.6181996086105679,498,-1.1741884852711886,506,2555,2522
2026-04-22,2.043624772313297,813,-0.5075018045954018,881,4392,4325
2026-04-23,1.1929269014501338,662,-0.9003766589946451,689,3379,3271
2026-04-24,0.36285982478097617,578,-1.6894381063623674,616,3196,3108
2026-04-25,1.2232006773920414,453,-1.0083834689199465,459,2362,2279
2026-04-26,0.9797372060857535,305,-1.2507413031983963,313,1446,1426
2026-04-27,1.1904814406468207,551,-0.6965368702812887,557,2721,2660
2026-04-28,1.6814976228209197,488,-1.133757919907623,495,2524,2449
2026-04-29,1.5679823176507737,588,-0.55915609789685,613,3167,3123
2026-04-30,0.5603268428372742,567,-1.8535007777096024,594,2876,2863
2026-05-01,-0.038434442270058794,477,-1.8626966275934282,484,2555,2495
2026-05-02,1.0829077644606564,355,-1.781028893862827,366,1919,1826
2026-05-03,1.6112316528398216,326,-1.0305007130890766,331,1567,1530
2026-05-04,2.192150760719227,545,-0.8124441691837998,555,2892,2828
2026-05-05,2.2818218298555384,510,-0.9048000570053994,513,2492,2464
2026-05-06,2.325495750708217,453,0.5501106887775681,458,2471,2421
2026-05-07,1.6001904761904768,620,-0.38570656128623954,630,3150,3108
2026-05-08,1.5033857729138178,561,-0.6728181447118777,573,2924,2809
2026-05-09,1.9411286222674131,367,-0.27018831960617007,373,1967,1963
2026-05-10,1.1108887580929954,335,-0.6250123973444306,340,1699,1675
2026-05-11,1.4514788468738307,497,-1.121756658303867,503,2671,2653
2026-05-12,1.735302390998594,584,-0.5302925248224067,599,2844,2813
2026-05-13,1.816133004926109,631,-0.6551877365405221,639,3248,3228
2026-05-14,2.3374094707520885,709,0.2835032520183657,714,3590,3499
2026-05-15,1.9833926837164133,546,-0.1678328657456915,557,3089,3059
2026-05-16,1.444002095337873,335,-0.37814431966475603,340,1909,1887
2026-05-17,0.771308016877637,335,-0.5193128078260135,344,1659,1648
2026-05-18,1.0799083769633506,581,-1.4608600109387455,594,3056,3000
2026-05-19,1.0906932829781497,702,-1.0703823546247797,717,3707,3689
2026-05-20,1.0983452303698897,598,-0.9204720764704233,606,3082,3052
2026-05-21,1.9542936288088655,801,-1.2216757932258069,818,3971,3908
2026-05-22,1.7622557726465378,852,-1.387641703702384,888,4504,4452
2026-05-23,0.95058633238981,452,-2.4244035302046774,489,2473,2438
2026-05-24,0.3923169267707081,519,-1.311338720784952,585,2499,2470
2026-05-25,1.7266965787997755,848,-0.7083369268973898,885,3566,3521
2026-05-26,2.1196825396825396,882,-1.0100346446312503,929,3780,3719
2026-05-27,1.3321667322060564,548,-0.527405142853187,557,2543,2500
2026-05-28,1.0042242990654207,546,-1.7868068852481116,575,2675,2626
2026-05-29,-0.46841180604356997,513,-2.9378588286888423,538,2846,2800
2026-05-30,1.280724749421742,254,-1.1658782476837417,256,1297,1297
2026-05-31,0.7422948632421613,258,-1.3771121833012927,266,1499,1471
2026-06-01,1.3429882712901586,415,-1.039362469014602,442,1961,1946
2026-06-02,1.6539452495974245,480,-0.5926548992306195,483,2484,2420
2026-06-03,1.8524533080088634,617,0.20579351173246432,626,3159,3048
2026-06-04,2.206785283474067,607,-0.6544005657136072,618,3316,3246
2026-06-05,1.3564811729423525,555,-0.9554946886494976,578,3001,2962
2026-06-06,1.3344594594594603,477,-0.6557124797497884,478,2220,2204
2026-06-07,1.4227156712608473,400,-0.5063685316138455,404,1959,1945
2026-06-08,2.100901352028042,717,-0.13594935288347237,731,3994,3936
2026-06-09,1.858888527786806,619,0.07946240894132889,625,3077,3061
2026-06-10,1.1857215836526185,773,-1.6079910980671062,789,3915,3865
2026-06-11,0.9884933960152232,656,-1.025948232159999,671,4467,3346
2026-06-12,1.7011271133375083,644,-0.11494666303003057,650,3194,3152
2026-06-13,1.2764033264033265,382,-0.4922736132733819,384,1924,1902
2026-06-14,1.5431113370615146,366,0.5381130849509718,368,1967,1938
2026-06-15,1.8675689610724424,741,0.35781176474546783,765,3879,3847
2026-06-16,1.6092033362093758,658,-0.6151088841132719,669,3477,3415
2026-06-17,1.3540507490064206,627,-0.8287896243213542,634,3271,3231
2026-06-18,1.8752282768777613,670,-0.43367628582365003,683,3395,3323
2026-06-19,1.4835594315245482,589,-0.38182354599912566,595,3096,3064
2026-06-20,1.8522784176264402,353,0.5535004073904449,356,1997,1981
2026-06-21,2.0467997951868924,403,-0.2649419108808271,412,1953,1932
2026-06-22,0.69336047604134,650,-0.5634481453395508,665,3193,3146
2026-06-23,1.2180093483640375,689,-0.7917884335287133,719,3637,3621
2026-06-24,1.3992430613961317,699,-0.48868058228093525,756,3567,3541
2026-06-25,1.9143422789265292,801,-0.3394709030904134,821,4546,4194
2026-06-26,1.6072386058981243,727,-0.8907123965961552,740,3730,3705
2026-06-27,1.7722222222222224,326,-0.3972889767058555,331,1836,1795
2026-06-28,0.4536157466837824,437,-1.9110644108010515,443,2337,2299
2026-06-29,1.7973561430793155,771,-0.5813077049106377,787,6430,4286
2026-06-30,0.41351282051282034,759,-1.4507710158944191,765,3900,3885
2026-07-01,1.7682742591516565,646,-0.4670708831354394,665,3442,3374
2026-07-02,3.725124282982785,625,-0.5852546412295974,638,5230,3240
2026-07-03,1.4343511450381683,969,-0.8399152576729562,988,4716,4575
2026-07-04,1.7859172328597903,690,0.5745557796106747,697,3238,3189
2026-07-05,1.3100233781414377,709,-0.3887705208451495,728,3422,3372
2026-07-06,1.5072334874896218,1800,-1.1604854084889433,1873,8433,8303
2026-07-07,1.9393960098387528,3290,-0.4701780409241487,3399,14636,14411
2026-07-08,1.8217992372650464,3331,-0.9693517720908025,3467,14684,14393
2026-07-09,1.7970544918998488,2168,-0.769720866285497,2232,9506,9450
2026-07-10,1.6294958726415105,1468,-0.8659720351591275,1510,6784,6679
2026-07-11,1.2335192251247433,681,-1.2153848157294893,700,3407,3359
2026-07-12,1.1475519785378938,656,-1.3449390882755161,675,2982,2934
2026-07-13,1.3027713088029809,859,-0.978673347668065,876,4294,4250
2026-07-14,1.3626789366053176,830,-0.9986981184858738,842,3912,3834
2026-07-15,0.9976313640076245,733,-0.8284307889171356,743,3673,3634
2026-07-16,2.11127300613497,780,-0.3830739604922664,810,3912,3848
2026-07-17,1.1080310077519382,611,-0.9497418179110909,625,3225,3147
2026-07-18,0.5804404824331414,360,-1.4583624300285098,368,1907,1901
2026-07-19,0.6864999999999998,433,-1.0462250916391962,436,2400,2384
2026-07-20,0.32659776992113115,733,-1.134975663179268,742,3677,3579
2026-07-21,1.164669488765874,561,-0.6822842462120979,580,3071,3007
2026-07-22,1.1958748710897222,589,-0.8650172775409531,606,2909,2873
2026-07-23,1.0518198362147404,430,-0.9796852833822669,442,2198,2190
2026-07-24,1.3097884433217555,591,-0.802260383061641,608,3167,3136
2026-07-25,1.7876029815613967,504,-1.195166938186155,521,2549,2491
2026-07-26,0.29330708661417315,374,-1.6952729382775285,376,1778,1758
2026-07-27,0.8577501881113626,577,-0.898967601166353,584,2658,2621
2026-07-28,1.6919445120467278,869,-0.25088626068097675,901,4109,4090
2026-07-29,1.4611743862313342,769,-0.7429813462979923,805,3951,3925
2026-07-30,1.1068001096791882,754,-0.5793610697743513,770,3647,3618
2026-07-31,0.8404516445753559,793,-1.2616512457077194,821,4074,4030
2026-08-01,2.1028774422735346,487,-0.5327755911439447,519,2815,2695
2026-08-02,1.4986157718120803,488,-1.52391222343753,490,2384,2344
2026-08-03,1.1442461762563731,514,-0.9773709012201985,529,2746,2690
2026-08-04,0.2728021978021979,661,-1.4686440273113939,691,3276,3232
2026-08-05,1.7654934210526323,623,-1.323281330065199,629,3040,2997
2026-08-06,1.8919875534811355,555,-0.663939055503225,570,2571,2555
2026-08-07,3.5614777297780402,1586,-0.43235795354440065,1655,6713,6580
2026-08-08,2.8225005445436726,1003,-0.4121046208713345,1020,4591,4426
2026-08-09,3.3389860139860144,756,-0.8482379324052102,769,3432,3346
2026-08-10,2.7064560439560448,790,-0.48210358155794764,805,3640,3605
2026-08-11,1.5523688663282593,1308,-1.1760321556191329,1334,5910,5838
2026-08-12,1.8344519459888806,1092,-1.3298627067850448,1126,5036,4924
2026-08-13,1.5049615055603087,979,-1.0315020377173045,1002,4676,4528
2026-08-14,1.2444907683144728,1005,-0.9889388804697593,1018,5037,4632
2026-08-15,1.0764471057884233,733,-1.0792374800637963,750,3507,3366
2026-08-16,1.6525418474891511,737,-1.2295196602023317,751,3226,3174
2026-08-17,2.2552074513124487,1035,-0.4318021468170254,1070,4724,4641
2026-08-18,0.9902949786084214,906,-1.4525029270312477,943,4441,4402
2026-08-19,0.25741610154755734,1231,-1.9241896180609495,1248,5751,5599
2026-08-20,-0.40833458027831826,1465,-2.4254248900382382,1503,6683,6519
2026-08-21,-0.497950245269797,1271,-3.2090896040769223,1291,5708,5656
2026-08-22,-0.21402841197361747,863,-3.2335219720703496,884,3942,3882
2026-08-23,0.5715758857747222,854,-2.148162668910466,861,3782,3734
2026-08-24,1.0669338677354712,996,-1.7095098581651464,1024,4491,4451
2026-08-25,0.4499725576289795,745,-2.1050190990519217,753,3644,3570
2026-08-26,1.0309337349397594,631,-1.3425268863606963,643,3320,3273
2026-08-27,1.1408698242478406,687,-1.4677463918262847,700,3357,3288
2026-08-28,1.7598763423364794,622,-0.818012827635053,637,3073,3042
2026-08-29,1.1269908386187453,547,-1.0219169573986302,559,2838,2722
2026-08-30,1.78972783143108,938,-0.23482487960797646,973,4556,4479
2026-08-31,2.071930150473713,1144,-0.14003168162551113,1189,5383,5321
2026-09-01,2.4868040089086865,374,-0.4532689648122779,394,1796,1788
