date,weighted_goldstein,event_count,avg_tone,source_count,total_mentions,total_articles
2020-01-01,2.5104761904761905,53,-1.8329157587525877,58,210,210
2020-01-02,5.134883720930232,19,-2.933319913263217,19,86,86
2020-01-03,5.88080808080808,21,-3.579366639583178,21,99,99
2020-01-04,0.3109947643979056,56,-4.295613890392668,57,191,191
2020-01-05,1.165350052246604,1004,-2.7523664389530804,1046,4785,4684
2020-01-06,1.4206523635095065,2272,-2.2561887738809556,2373,11466,11243
2020-01-07,1.252505832193709,2461,-2.0293192631397807,2632,12431,12213
2020-01-08,1.3747561109284225,3663,-1.9226846069353505,3980,18246,17901
2020-01-09,0.9038755661147819,2868,-2.4660985644597373,3027,13469,13309
2020-01-10,1.1612692307692305,2054,-2.3570205171399223,2200,10400,10201
2020-01-11,1.488074056263525,1585,-2.26411616140887,1681,8318,8088
2020-01-12,1.9829549343981747,1799,-2.4132296205131136,1911,8765,8641
2020-01-13,1.5375991292178506,2659,-1.8262830615654007,2920,12862,12467
2020-01-14,0.9906782991432835,2786,-2.104676754607785,2930,12723,12472
2020-01-15,0.5319115059079863,2343,-2.236571503964577,2448,11933,11748
2020-01-16,1.1484332575034857,2634,-2.261525493301578,2812,13627,13299
2020-01-17,1.3433982022864126,2353,-2.278138259199508,2489,11459,11075
2020-01-18,0.532658154939042,2228,-2.7987771894326006,2350,10417,10133
2020-01-19,0.9489294330518699,2657,-2.5473142950303522,2839,13264,12868
2020-01-20,1.4627338260790221,2236,-2.1013557768284037,2410,10959,10785
2020-01-21,0.9371580236831362,1969,-2.188924488160301,2038,9796,9686
2020-01-22,0.8461203856101576,1641,-2.3485852094883373,1746,8506,8406
2020-01-23,0.8090970807875083,1960,-2.1229767163245197,2073,10311,10106
2020-01-24,0.8593152475894753,2470,-1.9801426338283659,2690,12238,12035
2020-01-25,0.9159532073531301,1530,-2.5183147625240108,1623,7779,7674
2020-01-26,1.2090121999212908,1627,-2.370935367098054,1754,7623,7571
2020-01-27,0.6236962590731437,1646,-2.6518377487221323,1834,8955,8787
2020-01-28,0.7328332569857994,1807,-2.730069565791068,1924,8732,8601
2020-01-29,0.4898318042813457,2194,-2.49302258686541,2378,10464,10285
2020-01-30,0.37694911776774725,1846,-2.6121525843332782,1990,9748,9633
2020-01-31,0.6035441490986863,1948,-2.361093101545997,2043,9819,9721
2020-02-01,0.656116687578419,1212,-2.373946193950143,1298,6376,6220
2020-02-02,0.9100741656365879,1262,-2.149469121791742,1313,6472,6349
2020-02-03,-0.1569633115841267,3900,-3.088560553724873,4113,18698,18411
2020-02-04,-0.418775564943338,3230,-3.5285161683555533,3406,14913,14767
2020-02-05,-0.033985426376944794,2979,-3.3570634799764734,3204,15233,15000
2020-02-06,-0.07685459940652815,2716,-3.8123256837597435,2991,13817,13633
2020-02-07,0.4474566529361051,2097,-3.31100080286131,2242,10439,10241
2020-02-08,0.3763030998851895,1752,-3.0729788186867775,1867,8710,8511
2020-02-09,0.98806675527987,1387,-2.6931225198903537,1444,6771,6675
2020-02-10,-0.05732306065412783,2726,-3.672617928353642,2898,13239,13010
2020-02-11,-0.00013319520497262605,2831,-3.7332415606251064,3022,13514,13305
2020-02-12,-0.29519000342348506,3701,-3.7400531630046867,3917,17526,17216
2020-02-13,-0.19489974149374684,2893,-3.5031042743769882,3039,14313,13983
2020-02-14,0.26365089291918564,3140,-2.2985423625862373,3258,14391,14153
2020-02-15,0.4797887501047866,2669,-2.996594980887604,2921,11929,11666
2020-02-16,0.1077880512091039,1860,-3.247748681106065,1964,8436,8337
2020-02-17,0.43586545425283657,2639,-3.1830878398547795,2805,12427,12239
2020-02-18,0.07567641996557656,2934,-3.5194056127110707,3101,14525,14325
2020-02-19,0.033348334833483394,3398,-3.3219998907512167,3577,15554,15313
2020-02-20,-0.4651785714285715,3696,-3.74697940451214,4009,17808,17535
2020-02-21,0.4806856796116505,3522,-3.687574695828923,3733,16480,16231
2020-02-22,0.6117576429297127,2244,-3.8252628604688925,2366,10827,10522
2020-02-23,-0.16841653247450336,1872,-3.6115094811773374,1948,9315,9077
2020-02-24,-0.29660686827268057,1959,-3.2553092429688917,2037,9755,9586
2020-02-25,-0.05384505021520807,2973,-3.0889761875914035,3164,13940,13655
2020-02-26,0.3470807642536348,2754,-3.0941965958287647,2987,13137,12927
2020-02-27,-0.15567681746171438,3429,-3.687783600309337,3781,17043,16754
2020-02-28,-0.22484724067141657,8539,-4.712272164887975,9280,41405,40947
2020-02-29,0.0028495398602949693,5277,-4.510828842148606,5790,27057,26674
2020-03-01,-0.6607652135264269,5296,-4.538398321720396,5889,26999,26679
2020-03-02,-0.16110969712395012,6424,-4.269474725280968,6888,31432,31095
2020-03-03,-0.15585833843641567,5921,-4.142276375664269,6388,29394,29041
2020-03-04,0.04293062153991127,5232,-4.286560843113471,5569,25469,25173
2020-03-05,0.4733689630450366,6245,-3.8931843532541635,6915,30686,30227
2020-03-06,0.43984420561526283,5111,-3.6976290135951535,5460,24006,23741
2020-03-07,0.3124344669982525,2850,-3.901183911442258,3119,14878,14622
2020-03-08,0.6156505193054786,2411,-3.814282626377521,2560,12613,12432
2020-03-09,1.342979788946521,3272,-3.1463863987054923,3516,16773,16636
2020-03-10,1.2749535265172225,3532,-2.6226590709496564,3745,18290,18075
2020-03-11,0.7990672022877374,2930,-2.9196201157665906,3059,14687,14516
2020-03-12,0.5663227260903495,2277,-3.2668234115452446,2372,11533,11399
2020-03-13,0.8359712230215828,1785,-2.7114056452643953,1940,9591,9394
2020-03-14,0.24916191753268518,1109,-3.0783113931152406,1161,5966,5904
2020-03-15,0.4016548097742037,1231,-3.4009603234954056,1336,6466,6382
2020-03-16,0.7039643066120536,1252,-3.297609694505266,1316,6836,6732
2020-03-17,0.7059390621280649,1569,-3.228623194727505,1702,8402,8228
2020-03-18,0.10937303417907311,1611,-3.3779064991278274,1728,9538,9397
2020-03-19,0.44447510001379514,1310,-3.4295589172260783,1367,7249,7072
2020-03-20,0.014917904612978993,1056,-3.7905700712716213,1111,6395,6246
2020-03-21,-0.33388121849660324,772,-3.1650142635111305,823,4563,4449
2020-03-22,-0.03810837932764681,638,-3.607790075183795,677,3986,3940
2020-03-23,-0.15135598503740652,1021,-2.7619952265874907,1089,6416,6219
2020-03-24,0.4775988286969254,1025,-2.8542499357060707,1077,6147,6024
2020-03-25,-0.422099372099372,1373,-4.615477919781012,1474,7326,7215
2020-03-26,0.37832394606588143,1038,-3.812773928060102,1083,5859,5710
2020-03-27,0.207434424957318,1091,-3.136146534750999,1141,6443,6304
2020-03-28,-0.6059901338971106,739,-3.3089885654478453,769,4257,4217
2020-03-29,-0.49113149847094795,621,-3.4705444981608733,654,3924,3842
2020-03-30,1.0754716981132075,872,-2.9398644315571407,908,5088,4986
2020-03-31,1.1315728211843443,1167,-3.0484921384554795,1221,6873,6734
2020-04-01,1.9620574811890958,1352,-2.081835440309208,1428,8107,7922
2020-04-02,0.6856352787076117,1177,-2.5684826509499437,1236,6871,6622
2020-04-03,0.6577171572146446,1151,-2.9443002193249845,1215,6965,6816
2020-04-04,-0.08054919908466818,721,-2.7397345561612245,751,4807,4662
2020-04-05,0.4107481296758103,612,-2.577053979726716,637,4010,3844
2020-04-06,0.9056058890147225,818,-2.3579150294184794,858,5298,4919
2020-04-07,0.397983794987752,879,-2.8468372696025037,907,5307,5223
2020-04-08,0.9433859223300972,1028,-1.9073757865146705,1103,6592,6410
2020-04-09,1.0165203923593187,996,-1.8961160631792096,1051,5811,5740
2020-04-10,1.4186209801994103,1080,-1.6786002797109332,1172,7121,6985
2020-04-11,0.13657193605683834,903,-2.2953974209966113,952,5630,5456
2020-04-12,0.9520990520410139,833,-2.935225700676087,885,5169,5076
2020-04-13,1.3436292392919877,1159,-2.6050525988049427,1226,7401,7195
2020-04-14,1.4481689350357796,1147,-3.378393082752701,1274,7127,6921
2020-04-15,1.1014109926168991,1028,-2.775043931073707,1080,6095,5945
2020-04-16,1.0351104565537554,1088,-2.909161819483108,1153,6790,6627
2020-04-17,0.4118309339239572,855,-2.532900255863468,920,5418,5341
2020-04-18,0.8434219343310252,690,-2.097259170078404,741,4477,4398
2020-04-19,0.6265719657405473,762,-2.357204407520268,819,4787,4653
2020-04-20,0.3794450829092102,1080,-2.831528127664862,1139,6091,5865
2020-04-21,0.9037687366167023,1218,-2.4634783056490313,1294,7005,6775
2020-04-22,1.0347296573875804,1250,-2.0561430690531934,1360,7472,7382
2020-04-23,0.9202006769825918,1306,-1.5274853639914867,1417,8272,7981
2020-04-24,0.46172255273120605,1253,-2.905931771986233,1352,7396,7320
2020-04-25,0.131297336916687,708,-2.675706452824189,739,4093,3983
2020-04-26,0.6593652320269295,757,-2.399152011796378,805,4159,4124
2020-04-27,1.1186375518991234,1051,-2.6930118149147133,1141,6503,6453
2020-04-28,1.0906970473237159,1226,-2.6184444566798306,1278,7417,7295
2020-04-29,0.6248203285420945,1302,-2.7417430736855612,1425,7792,7693
2020-04-30,0.9131199576775557,1364,-1.9809006072303192,1468,7561,7386
2020-05-01,-0.23513947714327463,1123,-2.557361982893234,1241,6847,6710
2020-05-02,0.6374098990869774,718,-2.1548403842797037,798,4162,4113
2020-05-03,0.8072979797979799,627,-2.065612425315934,664,3960,3854
2020-05-04,0.296385751520417,909,-2.4075449197956487,989,5755,5517
2020-05-05,0.8379871290668574,966,-1.983318827257006,1015,5594,5442
2020-05-06,0.4043903247183566,977,-2.071969930808166,1066,6036,5816
2020-05-07,0.6233610900832701,1054,-2.06137347181608,1123,6605,6436
2020-05-08,0.7803579485636939,1129,-2.3841930793841617,1217,6649,6522
2020-05-09,-0.11597268120731435,727,-2.058374098638573,762,4539,4483
2020-05-10,-0.12576404302543964,979,-2.4775472852791296,1063,5857,5761
2020-05-11,0.29981152819224116,1067,-2.8350252482550373,1138,6367,6268
2020-05-12,0.6642982574631906,1247,-2.5015180576296014,1342,7403,7263
2020-05-13,0.5503447170113837,1071,-2.2488875502418404,1129,6237,6105
2020-05-14,0.8799208051476654,1004,-1.924865156104935,1056,6061,5883
2020-05-15,0.46937931034482755,1045,-2.6242764007946535,1074,5800,5640
2020-05-16,0.3979568411386594,725,-2.294718280942483,752,4356,4240
2020-05-17,-0.18012310848935623,633,-2.1404201487630363,654,3899,3813
2020-05-18,0.19009080771068973,1014,-2.3514677876062406,1093,6277,6030
2020-05-19,0.5863799283154123,937,-2.3425434720372107,1000,5580,5435
2020-05-20,0.6308534850640112,1190,-1.6881505364574927,1260,7030,6838
2020-05-21,0.6200841219768665,1621,-1.7734827057208518,1743,8559,8304
2020-05-22,0.4133757151938968,1435,-2.531259957048028,1548,7865,7755
2020-05-23,0.6343988075521693,1045,-2.081084588905358,1127,6038,5914
2020-05-24,0.7213063220398185,1040,-1.9029410124291506,1094,5726,5558
2020-05-25,0.326878324468085,1090,-1.8412435709125687,1119,6016,5967
2020-05-26,0.8821002016441754,1124,-1.9468009348582882,1175,6447,6245
2020-05-27,0.6166740315215791,1190,-2.4176350252305023,1251,6789,6617
2020-05-28,0.3583764553686934,1041,-1.9245629058316975,1112,6184,6068
2020-05-29,0.4810423452768731,1063,-1.601718753962403,1117,6140,5952
2020-05-30,0.5275981289404109,798,-2.282384023876629,833,4917,4621
2020-05-31,0.3266862889379445,721,-2.944675235455294,752,4077,4014
2020-06-01,0.7749262994569435,1066,-1.9315749046238617,1140,6445,6315
2020-06-02,0.2323802612481858,1264,-2.372701854152289,1296,6890,6828
2020-06-03,0.6691659215736366,1277,-2.182169076858981,1420,7829,7727
2020-06-04,1.1007123980236697,1565,-1.7853759186272427,1669,8703,8493
2020-06-05,0.937922573609597,1355,-2.3086459250078235,1471,7336,7190
2020-06-06,0.7605431309904152,876,-2.1884969462331805,927,5008,4894
2020-06-07,0.8093537414965986,880,-1.8719484736794363,938,4704,4640
2020-06-08,0.1811430076376086,1454,-2.222167993715648,1516,7594,7407
2020-06-09,0.36295124877303964,1595,-2.1013651582579285,1715,9169,8988
2020-06-10,0.7029389761675752,1675,-1.8969739490031412,1766,9357,9190
2020-06-11,0.2824914383561643,1707,-2.328154149564131,1806,9344,9109
2020-06-12,0.6747010773055524,1484,-2.38649606715318,1590,8447,8314
2020-06-13,1.1640566741237879,980,-1.9768868500794887,1038,5364,5253
2020-06-14,0.3913147410358567,1224,-2.2937065246902484,1269,6275,6069
2020-06-15,-0.9534950071326677,2089,-2.744153221959267,2274,11917,11763
2020-06-16,0.25419183130310147,1735,-2.530436091518119,1846,9769,9401
2020-06-17,-0.1321422783989629,2270,-2.554391493705932,2440,12342,12064
2020-06-18,-0.03490394170255047,2135,-2.3225019628870434,2272,12076,11865
2020-06-19,0.48935018050541507,1960,-2.2314875844346185,2028,9972,9885
2020-06-20,0.22926543370669442,1416,-2.028395347722529,1476,7678,7380
2020-06-21,0.32627613776137765,1287,-2.3989884999961872,1339,6504,6407
2020-06-22,0.1749741147235453,1864,-2.5895907250762877,1957,9658,9431
2020-06-23,0.029193283445884278,1995,-2.9304717520684123,2124,10958,10693
2020-06-24,0.7385049683830167,1643,-2.365912121264198,1725,8856,8683
2020-06-25,0.5884222873900294,1568,-2.2248047102328874,1623,8525,8405
2020-06-26,0.1419350615344332,1258,-2.718485211882111,1349,7638,7514
2020-06-27,-0.21095299698145753,790,-2.139130675399346,822,4638,4520
2020-06-28,-1.2379726281605192,727,-2.144402417493129,739,4311,4199
2020-06-29,-0.07225425397271842,1232,-2.8920913283856913,1312,7111,6986
2020-06-30,0.25057676174496635,1714,-2.6914122450698446,1817,9536,9302
2020-07-01,0.6465626037861176,2384,-2.5265388663293225,2535,12044,11740
2020-07-02,0.6557195890529226,2090,-2.093229431805524,2214,11583,11342
2020-07-03,-0.44463866634296345,2228,-3.796672581018322,2493,12357,12121
2020-07-04,0.051142517500990636,1363,-2.6937082231264773,1498,7571,7405
2020-07-05,0.20276232495683869,924,-2.296438962070438,965,5213,5109
2020-07-06,0.4012027853977633,1685,-2.532719041813493,1891,9478,9312
2020-07-07,0.5930818942684605,1643,-2.619528491547685,1721,9439,9266
2020-07-08,0.4329107692307695,1503,-2.0382209152845707,1558,8125,7977
2020-07-09,0.20147148988350713,1448,-2.494616982154534,1501,8155,7977
2020-07-10,-0.03398913914359475,2072,-1.2554914669803823,2185,11233,10998
2020-07-11,-0.13774201659542373,1560,-1.2452332608803722,1627,7954,7759
2020-07-12,-0.1545992217898833,1228,-1.9521258060062152,1262,6425,6330
2020-07-13,0.06827239789196315,2281,-2.405346526740999,2410,12144,11974
2020-07-14,-0.0660884380082088,2382,-2.449966691528887,2559,12913,12684
2020-07-15,0.4082003350674544,2010,-2.180548516022617,2178,11341,11161
2020-07-16,-0.08477358308390463,1892,-3.0269169768502397,2020,10357,10237
2020-07-17,0.2430291262135923,1891,-2.2495216051225237,2118,10300,10164
2020-07-18,-0.10833084947839045,1195,-2.7645783098752603,1292,6710,6638
2020-07-19,-0.11497599504413807,1110,-3.2834851771242635,1194,6457,6358
2020-07-20,0.03265432098765441,1809,-2.011437580744395,1902,9720,9463
2020-07-21,0.17715795654726954,1933,-2.1540069513096975,2019,10218,10012
2020-07-22,0.07574666557564838,2296,-2.3521874572178456,2404,12221,11999
2020-07-23,0.41687136929460566,2166,-1.8131576025934237,2332,12050,11768
2020-07-24,0.48777247956403275,2172,-1.4458270553619885,2344,11744,11587
2020-07-25,0.0723412969283276,1335,-2.0639499567836626,1371,7325,7126
2020-07-26,-0.01424272818455364,1086,-2.251319961180146,1130,5982,5860
2020-07-27,0.21476627798988746,1761,-2.2023649504362535,1835,9691,9546
2020-07-28,0.7603591295013173,1894,-2.1729209882024643,1954,10247,9937
2020-07-29,0.3879860891558646,1628,-1.9682666518220597,1696,9489,9297
2020-07-30,0.30405747126436794,1504,-1.9838026636435644,1687,8700,8574
2020-07-31,0.2908863294942412,1147,-2.0357780017733806,1187,5991,5872
2020-08-01,0.768018018018018,909,-2.267042871630542,939,5106,4956
2020-08-02,0.7845037453183521,755,-1.9467116273770795,772,4272,4176
2020-08-03,0.5690078236130871,1084,-2.3246774609952614,1106,5624,5514
2020-08-04,1.040412585336895,1271,-2.2812342646170536,1314,6738,6650
2020-08-05,0.4856676599971618,1243,-2.6456002212932135,1318,7047,6870
2020-08-06,0.9855606220039754,1558,-1.865427514596372,1689,8553,8390
2020-08-07,0.6023322569070685,1582,-1.6463933134119293,1647,8361,8129
2020-08-08,0.8129764666887637,1062,-1.9435225459057102,1120,6034,5857
2020-08-09,0.3788749999999999,801,-2.212683744213215,881,4800,4695
2020-08-10,0.8684088140848191,1655,-1.684177833397211,1708,9031,8824
2020-08-11,0.4268351626220924,1847,-2.304883470758994,1944,9931,9798
2020-08-12,0.10000000000000002,1769,-2.2203488668075337,1985,10435,10155
2020-08-13,0.33482900596588544,2277,-2.313087402372566,2511,11901,11761
2020-08-14,0.22126243417203045,2757,-1.8410419504337685,2970,13672,13462
2020-08-15,0.22623120023591847,1292,-2.2038669937720785,1337,6782,6650
2020-08-16,0.2263591694404818,1076,-2.093431451908909,1152,6309,6192
2020-08-17,0.7807495915032681,1956,-1.8551012194739385,2021,9792,9608
2020-08-18,1.2047354076765837,1751,-1.3060358524183908,1837,8806,8677
2020-08-19,0.922478176527643,1624,-1.4901903312621847,1710,8248,8148
2020-08-20,-0.01332702094922472,1550,-2.4425473177543497,1606,8449,8382
2020-08-21,0.145797280593325,1447,-1.4697697852403913,1519,8090,7904
2020-08-22,0.8670623145400592,1088,-1.2189618438063057,1144,6066,5893
2020-08-23,0.6687618746041799,1202,-1.8817449248982459,1260,6316,6251
2020-08-24,0.782691579346042,1560,-2.134342025979181,1624,7921,7754
2020-08-25,0.6145514780835881,2313,-2.540553147875586,2516,11772,11550
2020-08-26,0.17103906899418125,2310,-3.057033323284849,2461,12030,11806
2020-08-27,-0.2677062926102967,2491,-2.3142265935897965,2745,12761,12533
2020-08-28,-0.023584988190009655,2158,-2.7154583443849405,2335,11431,11193
2020-08-29,-0.5143692777212617,1355,-2.7130589596460806,1403,7864,7699
2020-08-30,-0.11976600985221678,1391,-2.743565853925088,1496,8120,7978
2020-08-31,0.1555217831813576,1811,-2.408674141432808,1893,9870,9599
2020-09-01,-0.03731015378737226,1920,-3.0035033371419617,2038,10469,10261
2020-09-02,0.30229447373559865,1978,-2.483790699795121,2063,10242,10107
2020-09-03,0.7544129637178963,1861,-2.18524498119692,1995,9812,9669
2020-09-04,0.6835157199930517,2121,-2.427483310685882,2222,11514,11258
2020-09-05,0.2855038022813688,1136,-2.4938660176691148,1176,6312,6161
2020-09-06,0.1905319865319866,1328,-2.0989842591600887,1378,7425,7308
2020-09-07,-0.055985705777248373,1956,-2.925211114494816,2030,10074,9939
2020-09-08,-0.06288007554296504,2016,-3.2490908439174744,2118,10590,10440
2020-09-09,0.7952177337684256,1529,-2.158630148942587,1596,8887,8520
2020-09-10,0.4544232320516269,1965,-2.4657787118836376,2078,11157,11036
2020-09-11,0.544539701979996,1803,-2.187641045104827,1877,9798,9623
2020-09-12,0.08836012861736332,1444,-2.536876462847469,1537,7775,7676
2020-09-13,0.5112204972863813,1550,-2.244494149483513,1617,7923,7806
2020-09-14,0.6343417483830588,1884,-2.012225540897522,2014,9586,9408
2020-09-15,0.9500104580631669,1688,-1.7784943857415134,1795,9562,9381
2020-09-16,0.4921244339436897,1952,-2.08875781300752,2043,10158,9963
2020-09-17,0.9789314726098732,1811,-1.9770594779149713,1900,9602,9476
2020-09-18,0.6078391344289068,1800,-2.2352123002632043,1896,9797,9636
2020-09-19,0.8183964506417363,1066,-2.3542570585755036,1132,6311,6198
2020-09-20,0.7122619047619048,859,-2.0508004628307126,887,5040,4866
2020-09-21,0.8919824727617243,1427,-2.2538329018546124,1504,8444,8155
2020-09-22,0.8915854978354981,2246,-2.2927260618995984,2351,11088,10960
2020-09-23,1.010846712538226,2114,-1.9193300122587453,2212,10464,10289
2020-09-24,0.9031067149623855,1393,-1.8812851023495205,1450,7178,6972
2020-09-25,0.6869165487977369,1549,-2.6024810450417597,1677,8484,8272
2020-09-26,0.48489456609894566,872,-2.118783605381856,906,4932,4840
2020-09-27,0.23746903385631712,1796,-4.112547250853359,2006,9688,9574
2020-09-28,0.17643421773499263,2559,-4.127260269007562,2713,12777,12624
2020-09-29,-0.6455133240679197,3301,-3.763318876845671,3531,16549,16282
2020-09-30,-0.5859158033943136,2749,-3.697265609135342,2947,13611,13419
2020-10-01,-0.013605047968579004,3030,-3.5700540145597484,3301,15531,15372
2020-10-02,0.2796027338744127,2680,-3.597195562944692,3044,14046,13895
2020-10-03,0.2030870519385516,1336,-3.5101656602535685,1428,6835,6762
2020-10-04,-0.2536564745667184,1378,-3.37214578568357,1448,7097,7032
2020-10-05,0.6099934561091895,2064,-3.0593389755006126,2199,10697,10548
2020-10-06,0.28133978305482266,2745,-3.616861416276705,2942,13644,13466
2020-10-07,-0.09799944429008062,2067,-3.229491292769353,2211,10797,10595
2020-10-08,0.26070411070411076,1905,-2.4273460514453546,2023,9828,9794
2020-10-09,0.28176519567027475,985,-3.1064440950851973,1081,4804,4758
2020-10-10,-0.19087255066153075,1217,-2.9796769854747023,1303,5971,5811
2020-10-11,0.14843625972376567,1175,-2.929339914373694,1257,6299,6178
2020-10-12,-0.06629874908020604,1831,-2.9250622657458294,1991,9513,9460
2020-10-13,0.4473506418299393,1882,-3.34269390168729,2035,10361,10169
2020-10-14,0.39490152954113766,1900,-3.076712780134353,2041,10003,9830
2020-10-15,0.4643600233781413,1578,-2.7030905234020057,1691,8555,8411
2020-10-16,0.7238969711423799,726,-2.3535964467535173,767,4193,4060
2020-10-17,0.8368994802890105,1435,-2.175614411760518,1648,7889,7814
2020-10-18,0.6095279217040876,1366,-2.0930709600414645,1530,6948,6847
2020-10-19,0.5843220338983048,1342,-1.5796113599055408,1407,7552,7332
2020-10-20,0.4299017628852107,1333,-2.1111070080405545,1409,7431,7285
2020-10-21,0.38001883534766906,1124,-2.282349603641719,1180,6371,6256
2020-10-22,0.19506682065665734,1035,-2.4806381674544524,1104,6061,5893
2020-10-23,0.670867387292381,721,-2.9178212391818117,777,3793,3724
2020-10-24,-0.037273259215915885,636,-2.77168546362263,718,3418,3383
2020-10-25,-0.5230080437092123,1243,-3.4128970377272974,1337,6589,6480
2020-10-26,-0.3767393675027262,1899,-3.326727802136623,2029,9170,8951
2020-10-27,-0.43513876454789613,1716,-3.3640622945676424,1855,8936,8715
2020-10-28,-0.5494818652849742,2071,-3.7377894180514333,2218,10422,10222
2020-10-29,-0.19931886583240938,1263,-3.046781640958887,1347,6313,6158
2020-10-30,-0.26577789282940706,768,-3.5932081177222694,813,3863,3810
2020-10-31,0.8144366197183098,679,-3.458085711500364,716,3408,3350
2020-11-01,1.255164113785558,841,-3.509321548429811,1011,4570,4503
2020-11-02,0.43524715474774917,1122,-3.081321848937277,1205,5887,5789
2020-11-03,0.2966599417171037,801,-2.907509020580545,833,4461,4375
2020-11-04,-0.23744372675670383,877,-3.0003345657158103,942,5109,5025
2020-11-05,-0.07326649958228897,641,-3.1249407088296643,672,3591,3528
2020-11-06,0.554367666232073,287,-1.7700099975440589,295,1534,1521
2020-11-07,0.572682926829268,168,-2.4003235055710728,179,1025,1025
2020-11-08,0.8836836836836837,370,-2.1114058450001587,385,1998,1923
2020-11-09,1.2043397626112757,947,-1.894498485975013,999,5392,5305
2020-11-10,1.6721824538038954,1154,-1.5025421725056463,1279,6007,5916
2020-11-11,1.5868225292242304,1101,-0.7842687292815309,1197,5646,5526
2020-11-12,0.9396054888507723,997,-1.438315176747072,1051,5830,5614
2020-11-13,0.9469428007889548,179,-1.0428875800735506,182,1014,1014
2020-11-14,1.286287952987267,210,-1.5625034404588118,234,1021,1011
2020-11-15,0.8194844124700238,335,-1.8996277573903853,350,1668,1658
2020-11-16,1.8247636423950897,1045,-1.0948905327464644,1136,6029,5876
2020-11-17,1.375461988304093,827,-1.0082424624327635,857,4275,4192
2020-11-18,0.9161565662724059,1543,-1.348928971756909,1583,8201,8036
2020-11-19,1.2376248460801755,1330,-1.5801876415981848,1402,7309,7212
2020-11-20,0.9781747680376678,1319,-1.868135716864991,1375,7221,7096
2020-11-21,1.0009918478260866,1386,-1.6101004305081723,1469,7360,7100
2020-11-22,0.929062226117441,1060,-1.916308075086074,1124,5705,5591
2020-11-23,-0.089837182079387,1653,-2.051657405408958,1738,9397,9187
2020-11-24,0.2914184045018206,2091,-2.1457894649632925,2206,12084,11601
2020-11-25,0.6110691695572333,1811,-1.522398934386497,1858,9802,9647
2020-11-26,0.5624703987875345,1954,-1.979136949756878,2050,10557,10409
2020-11-27,0.23730361709901357,1497,-2.4238065139152276,1546,8211,8114
2020-11-28,0.4488508239375545,794,-2.794969126529983,819,4612,4482
2020-11-29,0.08163030998851897,882,-2.9231794343902826,919,5226,5097
2020-11-30,0.30929705215419484,1333,-2.426368215239902,1418,7497,7294
2020-12-01,0.527314169937951,1387,-1.723139198170993,1450,7897,7790
2020-12-02,0.610396681358569,1336,-2.0073193899278636,1387,7714,7601
2020-12-03,0.4875970966509615,1363,-2.290560358957206,1469,7853,7781
2020-12-04,0.28041151284490956,1528,-2.803240145124352,1607,8408,8304
2020-12-05,-0.14273679884939383,870,-2.667608377774627,895,4867,4817
2020-12-06,0.4175446739382688,756,-2.0683600730281584,778,4309,4228
2020-12-07,0.5495999999999999,1409,-2.7389768747396785,1480,8625,8458
2020-12-08,0.06992355470616339,1402,-2.5749991817794347,1473,8372,8228
2020-12-09,0.6324808184143226,1636,-2.1400657624616346,1708,9384,9230
2020-12-10,0.8008243623314908,1920,-1.8225526461825052,2043,10311,10183
2020-12-11,0.44961340206185585,1793,-2.1607906411953617,1882,10088,9814
2020-12-12,0.6623551057957683,1049,-1.2720260196282107,1083,5435,5405
2020-12-13,0.39249434505449277,958,-1.7473779265534586,988,4863,4732
2020-12-14,0.15596750200251738,1607,-2.6256476470185532,1681,8739,8661
2020-12-15,-0.019072059125436292,1686,-2.691669151683175,1755,9742,9597
2020-12-16,0.03698556921432385,1296,-2.4494527848057133,1364,7484,7352
2020-12-17,-0.008702585715913012,1531,-2.391844449843592,1655,8779,8677
2020-12-18,0.8692500818687915,1559,-1.8771443556363645,1651,9161,8913
2020-12-19,0.4332544594102658,958,-2.125700798001391,1003,5494,5370
2020-12-20,-0.007372745948413613,672,-2.15416033863919,711,4381,4289
2020-12-21,0.12923235597465743,1141,-2.337441056705796,1223,6787,6656
2020-12-22,0.6484471252566731,1342,-1.8904387331136685,1380,7792,7665
2020-12-23,0.23477919528949948,1866,-2.5942197031516314,1967,10190,10005
2020-12-24,0.5245127892813644,1153,-1.4111574080803666,1193,6568,6447
2020-12-25,0.8064211886304911,1248,-1.655365090366974,1336,7740,7533
2020-12-26,0.9237895995218167,1179,-1.803079526705768,1246,6692,6572
2020-12-27,0.26008571006354375,1197,-2.2750816872474906,1231,6767,6675
2020-12-28,1.3220645161290325,1372,-1.5452259893213292,1435,7750,7509
2020-12-29,1.4023441055985433,1462,-1.4113344586007792,1545,8788,8552
2020-12-30,0.8041075972373685,1411,-1.7505784402019646,1495,8253,7994
2020-12-31,0.5078513145965549,948,-1.7332582033296298,979,5515,5419
2021-01-01,0.2014324524573969,675,-2.4918161416885676,691,4049,3911
2021-01-02,-0.920690517888416,703,-2.9518257058660016,747,3997,3913
2021-01-03,-0.25919881305638,507,-2.850325710353847,532,3370,3255
2021-01-04,0.3377757009345793,884,-1.5700881604752073,923,5350,5149
2021-01-05,0.5915798764342454,1020,-1.6458702323697367,1055,5665,5587
2021-01-06,0.406271050521251,1130,-1.6728907102627928,1158,6235,6051
2021-01-07,0.4172377830750893,1213,-1.9763844246506146,1351,6712,6514
2021-01-08,0.9524999999999997,1322,-1.2648572760649968,1345,7040,6951
2021-01-09,0.7306324110671936,700,-1.5063039441740171,721,4048,3864
2021-01-10,1.1456338769068908,688,-1.3876997296743525,748,3802,3729
2021-01-11,0.795721015440984,1344,-1.1897628109587666,1426,7642,7524
2021-01-12,0.47650921949987396,1403,-1.897340238796613,1460,7918,7763
2021-01-13,1.017307955634671,1422,-0.5214494476589543,1469,7303,7204
2021-01-14,0.8441749502982104,1406,-1.500802813100004,1487,7545,7450
2021-01-15,0.7300214438884917,1250,-1.2756221256505773,1294,6995,6890
2021-01-16,0.6193784277879341,687,-1.3570256825364424,697,3829,3702
2021-01-17,0.6466898954703832,651,-1.4854728996977025,680,4018,3923
2021-01-18,0.617766421163385,1151,-1.7167027853201235,1179,6653,6546
2021-01-19,0.3259955914768552,1232,-2.148872044112276,1253,6805,6641
2021-01-20,0.8181567418465029,1159,-1.6442602843271419,1203,6163,5958
2021-01-21,0.6763582966226137,1083,-1.5180089461032675,1111,6129,5953
2021-01-22,0.8486627630954269,1150,-1.539411520401063,1171,6319,6206
2021-01-23,0.7457189390414144,803,-1.6996987897744895,814,4298,4235
2021-01-24,0.26075378943056116,876,-2.3609018743673573,903,4882,4810
2021-01-25,0.7771081349206351,1483,-2.1482992905693585,1515,8064,7994
2021-01-26,0.3666136472085254,1094,-2.0934976211842353,1129,6287,6109
2021-01-27,0.703336006415397,1104,-1.3213088092918834,1168,6235,6162
2021-01-28,0.7587203302373582,994,-1.4637779246861888,1039,5814,5648
2021-01-29,1.114969161526921,1089,-1.652430562898366,1149,5999,5829
2021-01-30,0.6026618990862139,929,-1.9952765300243844,960,5034,4941
2021-01-31,0.2130446333687567,684,-2.034674884966853,700,3764,3692
2021-02-01,0.3512920908379014,1216,-1.920079883824246,1248,6385,6270
2021-02-02,-0.35784928262989246,1348,-2.4481943486811106,1430,7179,7053
2021-02-03,0.11330229933700096,1318,-1.9862630418325744,1354,7089,7022
2021-02-04,0.12771342771342775,1243,-2.591491213136156,1307,6993,6866
2021-02-05,-0.10077128032534004,1240,-3.1815465610354328,1345,7131,6927
2021-02-06,-0.41131949095780296,872,-2.788091658858259,906,4479,4401
2021-02-07,-0.006473402758232687,645,-1.6330100762126283,655,3553,3459
2021-02-08,0.7928863172226003,1037,-1.0532847476919143,1095,5876,5764
2021-02-09,0.8758310719131617,1071,-1.3190122923613192,1097,5896,5665
2021-02-10,0.7144506258692629,1406,-1.0919845930925776,1482,7190,7102
2021-02-11,0.2895377443998446,1396,-1.8760646804166583,1478,7723,7598
2021-02-12,0.38722913785154434,1212,-1.7293418634169875,1244,6507,6371
2021-02-13,-0.10368050117462807,705,-2.0757772707545663,707,3831,3743
2021-02-14,-1.4999382969971207,906,-3.2692019160952537,939,4862,4820
2021-02-15,-1.1721651836641567,1639,-3.6329490647999734,1744,8766,8641
2021-02-16,-0.4336627696757863,1554,-3.0178300663123228,1640,8297,8142
2021-02-17,0.2870896511114382,1238,-2.6702034956692993,1315,6793,6702
2021-02-18,0.2832232117207699,1214,-1.7760733894210456,1261,6962,6837
2021-02-19,0.5663650075414782,1248,-1.9994560729132003,1281,6630,6512
2021-02-20,0.4555438225976767,630,-1.3804356649609804,649,3788,3669
2021-02-21,-0.6016889514426464,778,-2.5732421598781334,789,4263,4174
2021-02-22,0.637790157845868,926,-1.5718380900984636,956,5385,5238
2021-02-23,0.45705249841872214,1160,-1.7522130451706897,1219,6324,6220
2021-02-24,0.2605347422350304,1246,-2.7052086648098745,1282,6246,6179
2021-02-25,0.15757876809537316,1316,-2.1500268379770806,1390,7046,6967
2021-02-26,-0.1789467068878834,1611,-1.897259167604658,1686,7956,7763
2021-02-27,-0.2565434338852348,868,-1.8627467154002793,886,4409,4317
2021-02-28,-0.1870679520338584,781,-1.947322197798895,803,4253,4185
2021-03-01,0.03561688845079671,1179,-2.0972953628948487,1239,6087,5885
2021-03-02,0.28847125241420285,1292,-2.0623240452901666,1334,6731,6617
2021-03-03,0.791365280289331,1224,-1.47257903138561,1342,6636,6531
2021-03-04,-0.1468740561763818,1198,-2.155968617234597,1255,6622,6545
2021-03-05,0.05586089906700595,1010,-2.294656612607907,1076,5895,5722
2021-03-06,-0.007227979274611369,635,-2.2753504015021973,652,3860,3713
2021-03-07,-0.24276113133576024,579,-1.9797509496957233,606,3571,3498
2021-03-08,0.3893833439287983,1101,-2.086873895378554,1142,6292,6216
2021-03-09,-0.36740088105726876,1429,-2.779158347819023,1503,8399,8173
2021-03-10,0.4927867004790083,1319,-1.46729816617897,1348,7098,6978
2021-03-11,0.3001932367149757,1299,-1.8604987970897136,1348,7245,7113
2021-03-12,0.8832419120116424,1652,-0.9634908935862776,1717,8933,8740
2021-03-13,1.1455526155098719,999,-0.7313065919133137,1028,4913,4818
2021-03-14,0.31908041320640057,808,-1.3917278901800467,923,4937,4820
2021-03-15,0.3963296703296703,1611,-1.7918649027341174,1756,9100,8900
2021-03-16,0.8362646091001928,1606,-1.4974198841479263,1680,8813,8673
2021-03-17,0.7680101465614431,1304,-1.6476185235435181,1353,7096,6983
2021-03-18,0.26998356302946025,1377,-2.244493857380254,1510,7909,7737
2021-03-19,0.1292758089368259,1607,-2.3924135997745424,1682,9086,8945
2021-03-20,0.030076515597410276,1175,-2.3782432549172343,1215,6796,6652
2021-03-21,-1.2862320958783984,1138,-3.0307400883946736,1227,6842,6701
2021-03-22,0.21438249088066696,1263,-3.0844515110084627,1336,7676,7530
2021-03-23,-0.11271422877640495,1257,-2.8878426110957918,1327,7527,7412
2021-03-24,0.9509950248756222,1537,-1.8606858413963776,1591,8442,8249
2021-03-25,0.9820408578107532,1685,-1.9858900021519592,1933,9839,9680
2021-03-26,0.5408194057567316,1548,-2.85937885134394,1621,8616,8420
2021-03-27,0.6746220520056442,833,-2.4276253102301983,890,4961,4872
2021-03-28,0.8304026050917701,591,-1.3892059702915969,606,3378,3318
2021-03-29,1.136468699839486,1149,-1.1395867171645226,1176,6230,6082
2021-03-30,1.3173859622177853,1181,-1.1772912216125688,1258,6511,6280
2021-03-31,0.7614057971014494,1160,-1.6611459558943973,1261,6900,6824
2021-04-01,0.6343071519795657,1174,-1.3128352989149732,1232,6264,6129
2021-04-02,0.31453690807799445,957,-2.0547982969294605,1004,5744,5627
2021-04-03,0.4462475633528264,676,-1.9766099410441782,709,4104,4018
2021-04-04,0.6824026278742372,698,-1.1564251873628195,749,4262,4218
2021-04-05,0.6967925873129011,1198,-2.2974352366791395,1230,7015,6841
2021-04-06,1.1076726342710994,1442,-2.032430334526394,1499,8602,8504
2021-04-07,0.47258471323610024,1509,-2.532897079786459,1594,9119,8974
2021-04-08,0.32440424610052,1415,-2.063820588653932,1514,9232,8915
2021-04-09,0.8360510422754722,1719,-2.0064825023642006,1836,10266,10065
2021-04-10,1.6014994644769718,1503,-1.5902810733926058,1611,8403,8153
2021-04-11,1.710132214594457,1492,-0.9863059313120964,1567,7866,7704
2021-04-12,1.2016844528143957,1805,-1.1748795828419702,1915,9558,9312
2021-04-13,1.283589240988784,1619,-1.6910902629071847,1698,9183,8949
2021-04-14,0.6818078629656381,1704,-1.7907559642032322,1833,9691,9448
2021-04-15,0.6160401194395527,2414,-1.877348583622538,2603,13061,12663
2021-04-16,0.7259341199606684,1502,-2.0362684813219523,1527,8136,7942
2021-04-17,0.7238240112333255,745,-1.9315442080326009,767,4273,4220
2021-04-18,-0.5176157934700072,661,-1.5706319815444856,675,3951,3859
2021-04-19,1.1234168157423974,997,-1.519759675905802,1023,5590,5467
2021-04-20,0.6451043585021489,1185,-1.5214329576934136,1273,6516,6433
2021-04-21,0.6627761194029851,1199,-1.3419595892812237,1290,6700,6527
2021-04-22,0.7643957345971566,1600,-1.8151175131771884,1669,8440,8280
2021-04-23,0.7312647121763322,1859,-2.1010403819981733,1995,9346,9229
2021-04-24,-0.49575811471765224,2198,-3.638019404081768,2371,11245,11082
2021-04-25,-0.6819011815252416,1746,-3.786239565178178,1840,9310,9137
2021-04-26,-0.031071107110711055,2181,-3.1843981068267007,2262,11110,10939
2021-04-27,0.0025882104373547116,1712,-3.3350378889120353,1772,9466,9205
2021-04-28,0.33826664820711644,1244,-2.2441036957784943,1329,7223,7100
2021-04-29,0.6334070796460177,1339,-1.8579039944141513,1420,7232,7072
2021-04-30,0.2585923064001344,998,-1.9107040549441492,1038,5953,5828
2021-05-01,-1.1009204625914562,739,-3.472748814134791,760,4237,4097
2021-05-02,-1.1440461268488344,707,-3.0061771848648764,722,3989,3908
2021-05-03,0.594498842798647,991,-2.1066480223727124,1078,5617,5449
2021-05-04,1.2109207305592167,919,-1.6373651426585707,956,5311,5171
2021-05-05,0.9562111407181828,1476,-1.6082426069616926,1539,7881,7780
2021-05-06,0.7242474413004214,1300,-1.6675448526655534,1338,6644,6420
2021-05-07,1.1128549501151188,1027,-1.4303878768684228,1045,5212,5142
2021-05-08,-0.1514937106918239,723,-2.605565358993513,735,3816,3673
2021-05-09,0.3841920374707259,611,-2.769826698886142,629,3416,3344
2021-05-10,0.8972143601966337,1376,-2.5102284968603845,1471,6713,6622
2021-05-11,0.2545894473930691,1265,-2.776421444143004,1337,6406,6323
2021-05-12,0.5761358928324819,1484,-2.6685862576197943,1561,7241,7112
2021-05-13,0.3468612219189588,978,-2.3968013002991952,993,4763,4671
2021-05-14,0.5294529881253649,974,-2.4836197851273676,1031,5137,5012
2021-05-15,0.9384866468842732,614,-2.2657035176007865,637,3370,3254
2021-05-16,0.4286766640357801,647,-2.75656815897296,818,3801,3707
2021-05-17,0.6626176778242682,1482,-3.145641947367398,1570,7648,7396
2021-05-18,0.33246829843703923,1381,-2.4085393536667974,1393,6782,6559
2021-05-19,0.257245700573257,1484,-2.771085961976695,1531,7501,7396
2021-05-20,0.6007588823732324,1035,-2.553587127308786,1082,5798,5777
2021-05-21,0.17449573312645458,1005,-2.637193155567937,1091,5156,5034
2021-05-22,0.5979242636746145,647,-1.9613866065703716,676,3565,3502
2021-05-23,-0.15733665559246948,606,-2.2671709781450735,623,3612,3503
2021-05-24,0.8348388152511863,1074,-1.7353094441334618,1135,6111,5929
2021-05-25,0.5750487329434696,1277,-1.9271870066446253,1329,6669,6426
2021-05-26,0.2523259820813232,1104,-1.7197556117845,1146,5804,5716
2021-05-27,0.3339402985074628,1211,-1.689383090253023,1281,6700,6595
2021-05-28,0.6904444054101532,1027,-1.5026257796138769,1051,5693,5594
2021-05-29,0.8860490824673887,817,-1.4968493235428033,858,4523,4451
2021-05-30,1.0050604384347466,944,-1.5405393633557722,982,4881,4797
2021-05-31,0.9328753434923809,1468,-1.6304246742562878,1553,8006,7784
2021-06-01,0.3762942358213567,1223,-1.7076320123578144,1241,6471,6369
2021-06-02,0.6919708029197079,1174,-1.9146997426204364,1241,6439,6236
2021-06-03,1.0591283863368672,1121,-1.516873284565206,1177,5943,5849
2021-06-04,0.6669533906781356,894,-0.9697199558313389,947,4999,4930
2021-06-05,-0.40305343511450376,796,-2.1385206036086166,819,4716,4668
2021-06-06,0.15211324570273005,839,-2.410531260401898,885,4945,4804
2021-06-07,0.43755102040816324,1125,-1.8430374100179108,1154,5880,5700
2021-06-08,0.5437935581088716,999,-2.0251722561189287,1020,5309,5153
2021-06-09,0.7371209651124883,1101,-1.4307232462277661,1150,6134,6046
2021-06-10,1.0287171736255434,1017,-1.520773096006237,1042,5293,5234
2021-06-11,1.3563601465712796,983,-0.815179292117265,1017,5731,5652
2021-06-12,0.4929436545550287,652,-1.2547057145193294,680,3798,3675
2021-06-13,0.5246373850868232,910,-1.53940594758189,984,4895,4802
2021-06-14,1.2723686878929228,2119,-1.4846685576620535,2279,9862,9742
2021-06-15,1.166173913043478,1652,-0.8369484304978273,1724,8050,7884
2021-06-16,1.2456421261142294,1188,-0.6835088514394475,1209,6058,5933
2021-06-17,1.13125,1545,-0.8432413573266676,1605,8336,8153
2021-06-18,1.2633397068196308,1439,-1.1532067656194027,1504,7845,7650
2021-06-19,1.1229544206479958,902,-0.7739868503822391,935,5463,5293
2021-06-20,0.6077701248385707,847,-1.1994655606303142,874,4646,4586
2021-06-21,0.8484567058180825,1259,-1.1118834557215738,1317,7322,7199
2021-06-22,1.4479454086930712,1245,-0.8946078713231386,1264,6741,6649
2021-06-23,1.0238032691185053,1247,-1.3338915770597817,1297,6852,6615
2021-06-24,1.002482888202926,1348,-1.40242915450405,1400,7451,7237
2021-06-25,1.2926466025442136,1084,-1.2695564315523513,1116,6446,6239
2021-06-26,0.06644051369033196,669,-1.487653058199773,712,4127,4072
2021-06-27,0.2363777570674122,556,-1.828153586806536,577,3219,3161
2021-06-28,0.18600212089077411,819,-1.9112984725698556,836,4715,4615
2021-06-29,0.49057169930511696,1082,-1.686630825243523,1121,6332,6140
2021-06-30,1.4542333743842366,1091,-0.9836410897597261,1133,6496,6371
2021-07-01,-0.11600917431192671,1038,-2.1554778563231842,1089,6540,6345
2021-07-02,0.7691468073494637,923,-2.2998608734386026,958,5497,5389
2021-07-03,0.47578920570264754,658,-1.7463223870613582,688,3928,3857
2021-07-04,0.776418591388651,535,-1.642671747527371,572,3507,3421
2021-07-05,0.5677709689774035,905,-1.313769838094914,925,5222,5120
2021-07-06,0.39885078776645044,947,-1.5479865251886848,1018,5395,5276
2021-07-07,0.5424411909853596,1135,-1.0705371665772732,1184,6079,5980
2021-07-08,0.9751332149200712,1104,-1.4279552855280708,1168,6193,6076
2021-07-09,1.0603356528857966,886,-1.238415485757531,910,4886,4735
2021-07-10,0.6137800252844501,535,-1.111277955757587,557,3164,3086
2021-07-11,0.5236001265422334,542,-2.1556913757958904,557,3161,3099
2021-07-12,0.8879717959352966,935,-1.2461110297739513,953,4822,4771
2021-07-13,1.2002185633105054,1210,-1.3864705371631847,1262,6863,6761
2021-07-14,0.7736571695469411,1135,-1.4805649181339702,1173,6423,6107
2021-07-15,0.6888852512686202,1118,-2.0139948887870673,1170,6109,6028
2021-07-16,-0.9980475799835931,1039,-2.092905680253619,1084,6095,5987
2021-07-17,0.46379160636758315,598,-0.741967809836825,625,3455,3363
2021-07-18,-0.244814912050407,700,-2.4119525956815435,750,3809,3663
2021-07-19,0.27435849410001867,1040,-2.2219039390764532,1117,5339,5232
2021-07-20,-0.013911255782079846,1177,-1.8974766300019443,1221,5837,5788
2021-07-21,0.8453849099961704,1102,-1.8781684398385765,1133,5222,5137
2021-07-22,0.5176657487820377,925,-2.1489052108970914,946,4721,4682
2021-07-23,0.5240016638935109,767,-2.4033414222509752,822,4808,4707
2021-07-24,-0.5251748251748254,536,-2.2084943003971427,556,3432,3359
2021-07-25,-0.5696821515892421,537,-2.8963706491949175,562,3272,3185
2021-07-26,0.06426625145971199,884,-1.7483210181230004,932,5138,4983
2021-07-27,0.9016014234875448,1085,-1.4278904700630055,1134,6182,6026
2021-07-28,0.8048400328137822,1066,-1.844974020535172,1107,6095,6011
2021-07-29,0.5689717925386717,1194,-2.319136329743798,1287,6594,6486
2021-07-30,-0.08430589242402625,1115,-2.456766173836725,1209,7009,6817
2021-07-31,-0.4108108108108108,864,-3.254513473570944,943,6068,5676
2021-08-01,-1.386571030085675,794,-4.133493943969932,848,5019,4860
2021-08-02,-0.8831070889894418,992,-3.437050528478425,1045,5967,5868
2021-08-03,-0.6484676503972754,1066,-2.9557487116706125,1097,6167,6097
2021-08-04,-0.44188857743517873,924,-2.4584092107957116,983,5708,5539
2021-08-05,-0.20511417248537447,923,-2.910829854879278,951,5299,5195
2021-08-06,-0.2808017334777898,878,-2.808353569105616,921,4615,4525
2021-08-07,0.23723723723723725,487,-2.0619437954420676,510,2997,2900
2021-08-08,-0.05249575551782684,501,-2.3664399703945627,524,2945,2859
2021-08-09,0.16755798090040905,670,-2.4925153106852633,692,3665,3596
2021-08-10,0.298067287043665,710,-1.836522017094069,732,4191,4116
2021-08-11,-0.06960154241645239,812,-2.4417726515441083,877,4668,4524
2021-08-12,-0.2565742574257425,901,-3.0892515474139346,928,5050,4984
2021-08-13,0.19318087318087307,881,-2.6841656563711616,946,4810,4713
2021-08-14,-0.8026627935124666,669,-3.782478664153238,732,4131,4011
2021-08-15,-0.26464850319542566,511,-2.35891957084705,538,2973,2902
2021-08-16,0.28990242795552534,782,-1.7999655888159651,813,4407,4330
2021-08-17,0.6325024154589373,903,-1.748956113161421,955,5175,5130
2021-08-18,1.458492688413948,965,-1.249903832066316,1012,5334,5221
2021-08-19,1.2840102974828378,1293,-1.089909937759224,1354,6992,6798
2021-08-20,1.1195608473790009,1193,-2.0438233888900106,1246,6467,6315
2021-08-21,0.7178578421774034,934,-1.6870281561954548,984,5107,5034
2021-08-22,1.0328559903186767,891,-1.6761311764169189,942,4958,4866
2021-08-23,0.4128566796368352,1078,-2.055671718005156,1111,6168,5941
2021-08-24,0.9970770770770768,975,-1.7757342961562403,1030,4995,4907
2021-08-25,1.5865190839694654,1215,-1.6210866600588176,1301,6550,6462
2021-08-26,1.2408634361233477,1048,-1.820181775191438,1114,5675,5632
2021-08-27,1.5484182898190362,1350,-1.405214241856864,1405,7239,7094
2021-08-28,1.4725754412602012,897,-1.53924256342099,940,5269,5111
2021-08-29,1.7354937163375221,988,-1.7563358956599993,1049,5570,5477
2021-08-30,1.3947582008792696,1051,-1.0584753040893211,1109,5914,5845
2021-08-31,1.7305197827773466,1193,-1.0049942060766084,1257,6445,6212
2021-09-01,0.9319633774160732,933,-1.308624071113836,976,4915,4853
2021-09-02,0.8752129323831044,1059,-1.4551126411541482,1148,5753,5681
2021-09-03,1.0655340883855207,833,-1.5090726499911937,863,4503,4388
2021-09-04,0.5504950495049505,600,-1.1412090637567232,626,3535,3445
2021-09-05,0.6406617647058823,433,-1.158357029024735,458,2720,2614
2021-09-06,0.8602024612941643,906,-0.9541200209295612,937,5038,4939
2021-09-07,1.1664373088685016,1231,-1.1383894238476628,1339,6540,6390
2021-09-08,0.5191092219552764,1034,-1.434333810485403,1066,5411,5316
2021-09-09,0.8021988006541885,979,-1.5756867722513204,1016,5503,5410
2021-09-10,0.8485984848484848,867,-1.298357511327336,917,5280,5127
2021-09-11,-0.045587044534412965,608,-0.9214116719400043,634,3705,3590
2021-09-12,0.10752604166666672,665,-1.4293069011126494,691,3840,3780
2021-09-13,0.4930337927128563,945,-0.7542203980583392,964,5297,5054
2021-09-14,0.5138430784607697,1112,-1.1544832516685635,1160,6003,5853
2021-09-15,0.692051683633516,926,-1.2798026417817026,940,5108,5010
2021-09-16,0.7262404195240018,808,-1.3567123247272064,854,4958,4839
2021-09-17,0.857734616706772,1075,-1.7148347703312776,1141,5818,5675
2021-09-18,0.16976236001092593,613,-1.1167512209186723,625,3661,3559
2021-09-19,1.5406718924972,819,-1.0743973382282346,851,4465,4350
2021-09-20,1.2664170411050093,1111,-1.2369481027478229,1143,6009,5901
2021-09-21,0.9745475113122172,1088,-1.0557822873699256,1133,6188,6078
2021-09-22,0.8937061994609165,1412,-1.0662227986134403,1483,7420,7234
2021-09-23,0.8180823056671748,1267,-1.3378860809911994,1305,7217,6960
2021-09-24,0.657868348698043,1101,-1.5136689963714638,1136,6183,5920
2021-09-25,1.3577867280398928,1011,-1.5597687689174446,1074,5214,5107
2021-09-26,0.6038199585430855,1383,-1.8252842580688609,1419,6754,6576
2021-09-27,0.6453257790368273,1855,-1.6969978052784622,1909,9178,8836
2021-09-28,0.5237142062830136,1422,-1.6364179133143608,1459,7194,6994
2021-09-29,1.878421312284164,1988,-1.2698041737324357,2097,10135,9913
2021-09-30,1.1335647875720842,1712,-1.3141677117407786,1796,8497,8304
2021-10-01,1.2664949928469238,1297,-1.5372350294363286,1388,6990,6851
2021-10-02,1.4744324970131426,895,-1.600435266640881,1010,5022,4894
2021-10-03,-0.022730799069045862,646,-1.7512403493175144,667,3867,3658
2021-10-04,1.005287356321839,947,-1.059940729225972,994,5655,5483
2021-10-05,0.7371174914998111,988,-1.586690530393361,1008,5294,5188
2021-10-06,1.0552740599107713,1068,-1.3050644873037194,1099,6276,5982
2021-10-07,0.3544158785133875,1296,-1.7181040418390472,1348,7507,7336
2021-10-08,0.5531781818181818,1198,-1.3482765712385179,1236,6875,6722
2021-10-09,0.05924236414121379,784,-1.687698254377279,837,5042,4876
2021-10-10,0.2720347648261759,617,-1.311618541628905,627,3912,3789
2021-10-11,0.014283308068047847,1096,-1.9576790374217115,1141,5937,5850
2021-10-12,0.29592426187419757,1068,-1.7437570149618997,1167,6232,6046
2021-10-13,0.8895392278953922,1171,-1.4959286755329495,1261,6424,6300
2021-10-14,0.9226533166458074,1199,-0.8029466071227989,1295,7191,6920
2021-10-15,0.6835978072706289,1253,-1.3129815860559524,1311,6932,6713
2021-10-16,1.0499248120300753,1131,-1.2463809804778587,1211,5985,5833
2021-10-17,1.2439883833494676,928,-1.2572055242071363,963,5165,4986
2021-10-18,1.3910936476751796,1185,-0.9060270307558145,1225,6108,5928
2021-10-19,0.979140422378659,1454,-1.3114865438369572,1510,8097,7853
2021-10-20,0.898444028238006,1151,-0.6478913432927651,1211,6941,6394
2021-10-21,0.27694152581087256,1628,-1.6529296355025536,1671,8756,8540
2021-10-22,0.8690288713910761,1129,-1.6428750798277194,1160,6477,6138
2021-10-23,-0.10603559453185452,1349,-1.6871976333946932,1439,7754,7502
2021-10-24,0.36369143060751835,954,-1.2772755421865671,1002,5613,5400
2021-10-25,0.09389302640487476,1357,-1.3730779227437093,1415,7385,7298
2021-10-26,0.9235205616850554,1444,-1.1834962870349484,1509,7976,7762
2021-10-27,1.2458126371722307,1607,-1.214795989335434,1664,8657,8427
2021-10-28,0.9925080520935442,1309,-1.1406299976560748,1336,7141,7011
2021-10-29,0.7128258875933444,1415,-0.45231893208237417,1459,7633,7443
2021-10-30,0.8164461632403827,763,-1.1630756982572539,801,4913,4691
2021-10-31,0.7815598235141448,1512,-1.5647547159894373,1563,7706,7590
2021-11-01,0.6694416114227434,1598,-1.0525984853276071,1664,7844,7737
2021-11-02,0.4821066194234175,1164,-1.625464860725632,1200,6209,6107
2021-11-03,0.5155950514026834,984,-1.0728799675113654,1021,5739,5602
2021-11-04,0.22614093372967298,893,-1.5009719975881988,962,5719,5579
2021-11-05,0.9339417858904786,1019,-1.3144265706810283,1107,6081,5875
2021-11-06,0.5744610281923714,735,-1.448826951892612,776,4221,4135
2021-11-07,0.11483061480552068,588,-1.4023471963124277,666,3985,3880
2021-11-08,0.7469500924214421,1131,-1.3127826875015258,1174,6492,6283
2021-11-09,0.80985,1080,-1.2030129489674999,1135,6000,5887
2021-11-10,0.2222712741665399,1231,-1.6595218133751943,1395,6569,6401
2021-11-11,0.6753344590206519,1351,-1.9872653765668349,1449,7699,7571
2021-11-12,0.36542956735698173,1758,-2.2925974806098983,1812,9754,9431
2021-11-13,0.6176775271512113,967,-2.153783895213683,1053,5985,5851
2021-11-14,0.16332940714566166,885,-2.140588861629396,939,5094,4940
2021-11-15,0.22634578079534434,1572,-1.829114318592975,1655,8248,7933
2021-11-16,0.28000245218244235,1522,-2.413277182132377,1598,8156,7989
2021-11-17,0.789138877728673,1408,-1.5782531193871194,1497,7467,7358
2021-11-18,1.2218033913840516,1726,-1.1029728292348635,1794,8728,8419
2021-11-19,0.7846303772796883,1323,-1.5650042014929766,1411,7183,7022
2021-11-20,1.1440929786724179,669,-1.1151810519043819,713,4173,4036
2021-11-21,0.6449670743179682,738,-1.053225155159648,792,4252,4165
2021-11-22,1.0418259385665531,981,-0.9794557479202917,1052,5860,5695
2021-11-23,1.080586175593308,1342,-1.6966431795733978,1399,7711,7601
2021-11-24,1.0948275862068964,1354,-0.3766879875440028,1424,7888,7678
2021-11-25,0.6634721525338682,1279,-0.7614436041024844,1345,7972,7849
2021-11-26,0.29357894736842094,1032,-2.062289561988407,1116,6650,6419
2021-11-27,0.668025579536371,612,-0.9858330653649382,647,3753,3636
2021-11-28,0.9916936353829559,590,-1.2282728567985162,626,3708,3623
2021-11-29,1.1230815347721825,1255,-1.3100266163070444,1307,6672,6424
2021-11-30,0.5727901326854793,963,-1.6466315601327461,1001,5351,5189
2021-12-01,1.20037647902474,979,-0.9752557806800639,1029,5578,5493
2021-12-02,0.8990662139219016,982,-1.2736533673580788,1055,5890,5747
2021-12-03,1.0439498240783234,1096,-1.580568325689414,1179,6537,6397
2021-12-04,0.7977374719521315,807,-1.6879557318015779,886,5348,5235
2021-12-05,0.5501600590987443,647,-0.8517527295073677,705,4061,3931
2021-12-06,1.1875725247988023,1017,-0.7640036241724332,1062,5343,5176
2021-12-07,0.136084722005918,1249,-1.4818995567554847,1297,6421,6304
2021-12-08,0.4038768866528558,1321,-1.9002683242225158,1377,6758,6633
2021-12-09,0.4230821684282305,1065,-1.3378768595059907,1136,5866,5748
2021-12-10,-0.12461882496442371,771,-1.605187164811657,824,4919,4658
2021-12-11,0.1782254697286012,716,-1.1792396573744768,766,4790,4574
2021-12-12,0.7573380035026273,448,-1.2930109105663639,473,2855,2711
2021-12-13,1.1309410234171726,778,-0.7570062788647468,813,4612,4452
2021-12-14,1.5468512898330804,949,-0.6777820781577337,984,5272,5208
2021-12-15,0.9743847027641042,926,-0.8691935298778718,993,5282,5137
2021-12-16,0.9654920084729444,906,-0.4551749914759908,948,5193,4924
2021-12-17,1.0595942228335626,1004,-0.8436612168822024,1075,5816,5568
2021-12-18,1.2924274457044014,828,-0.4309637768945612,889,5203,4999
2021-12-19,0.9337559429477019,705,-0.8766180567443573,749,4417,4337
2021-12-20,0.7222314461231945,1089,-1.3399791987357192,1133,6023,5782
2021-12-21,1.3064628099173552,1073,-1.015440415137976,1122,6050,5959
2021-12-22,0.836553799849511,1084,-0.6992701686767964,1155,6645,6425
2021-12-23,1.091533763148965,963,-0.9128799510079091,1042,5894,5648
2021-12-24,1.294949494949495,957,-0.929008365292507,1050,5643,5485
2021-12-25,0.8766355140186916,662,-0.9169485802093433,712,4066,3970
2021-12-26,0.9800118273211115,539,-1.127931523063527,585,3382,3255
2021-12-27,1.4205916764165134,1054,-0.93087585413964,1097,5983,5769
2021-12-28,-0.0630928744760644,698,-1.6354735482071385,743,4533,4375
2021-12-29,-0.5131613467424574,685,-2.2037751388751103,719,4574,4365
2021-12-30,0.539477052477601,1038,-1.5212822173496667,1090,5469,5319
2021-12-31,0.9288580629180084,645,-0.8278842642357079,685,4037,3870
2022-01-01,0.13512906846240177,425,-1.687700819903121,442,2673,2495
2022-01-02,-0.11870736086175945,409,-1.388657634236486,443,2785,2687
2022-01-03,0.3285496570993142,729,-1.998550860248148,757,3937,3863
2022-01-04,0.3932779860739154,677,-1.8030616090930054,713,3734,3574
2022-01-05,0.5144294534644409,779,-1.6742916648415807,823,4373,4230
2022-01-06,1.2586183465458665,812,-1.6269307064567753,861,4415,4307
2022-01-07,0.7128211284513808,708,-1.1726245399886386,766,4165,4098
2022-01-08,1.0595761178599123,614,-1.9551131911724848,662,3869,3701
2022-01-09,0.30865197666882693,530,-1.6518506015480692,563,3086,3023
2022-01-10,0.9101195952161915,724,-1.640968232906435,787,4348,4228
2022-01-11,0.8901622718052736,790,-1.1913689776064318,840,4930,4800
2022-01-12,0.6614852809991082,753,-1.7925843352460125,789,4484,4367
2022-01-13,0.8200037993920972,918,-1.3857056224772044,988,5264,5134
2022-01-14,1.2978913457314396,1239,-0.17935956511658369,1312,6829,6629
2022-01-15,1.4353854843264617,616,-0.6846038751767463,645,3541,3491
2022-01-16,0.7200858632321374,541,-0.7543936755016212,583,3261,3145
2022-01-17,1.4269196025293585,968,-1.3577452042369271,1028,5535,5276
2022-01-18,1.2938818249813016,1267,-1.555350672866973,1325,6685,6483
2022-01-19,1.4262462773533602,1411,-1.3801770606675459,1509,7723,7568
2022-01-20,1.271701315231226,1306,-0.5440894625308433,1360,7071,6820
2022-01-21,1.5689962476547845,1207,-1.060701129595527,1288,6396,6232
2022-01-22,0.4378384855020369,814,-1.9169305143699726,845,4173,4048
2022-01-23,0.08864335664335667,621,-1.8526026785678293,656,3575,3495
2022-01-24,0.08131197559115179,931,-1.9090048163213416,965,5244,5104
2022-01-25,0.03399286409341553,950,-1.95678575821062,1101,6166,5869
2022-01-26,1.0827553889409558,984,-1.3886949580023478,1036,5335,5206
2022-01-27,1.3693148595398499,1504,-0.8869831068103269,1577,7867,7640
2022-01-28,1.0252913328477786,977,-1.2171001358497897,1055,5492,5293
2022-01-29,0.5523149359142036,582,-1.2237818003973358,617,3823,3709
2022-01-30,0.18398255813953468,572,-1.008463312250855,591,3440,3257
2022-01-31,1.0646427953641238,1138,-1.1492291440490952,1170,5781,5659
2022-02-01,1.1677442023893183,1119,-1.0382808524792886,1163,5692,5585
2022-02-02,-0.0932713906473351,1790,-2.4123895184105164,1922,9794,9576
2022-02-03,1.7380900184969512,2898,-1.1640381715089738,3072,14597,14278
2022-02-04,1.8391442451420028,2097,-1.197294281354268,2257,10704,10323
2022-02-05,1.1343901964598329,951,-1.757656003179652,1108,5141,5031
2022-02-06,0.5709951144253022,686,-1.7833791783332777,724,3889,3715
2022-02-07,0.6309063645451517,1048,-1.1773521814950767,1095,6002,5914
2022-02-08,1.0294427454977917,1177,-1.5808413094156337,1217,5886,5774
2022-02-09,0.5608848080133557,1081,-1.144769202394334,1125,5990,5736
2022-02-10,0.7901871706341996,1028,-1.7515621847341174,1077,5503,5365
2022-02-11,-0.18330808845804308,1258,-1.9502183366230967,1328,6602,6432
2022-02-12,0.9532521315468943,609,-1.3553585795565715,663,4105,3848
2022-02-13,0.5972765536023767,689,-0.8237120555428692,740,4039,3960
2022-02-14,1.0782255274991355,1063,-0.7418669851552981,1100,5782,5570
2022-02-15,0.9136321483771251,1267,-0.6404428884732495,1318,6470,6293
2022-02-16,1.2793349168646082,1367,-1.0199490106741624,1439,7157,6966
2022-02-17,0.912568093385214,1042,-1.0953717868055204,1075,5140,4964
2022-02-18,0.5946083995459704,946,-1.1559565803617637,995,5286,5150
2022-02-19,0.4752505782575173,630,-1.65703126211967,690,3891,3790
2022-02-20,0.927832512315271,685,-0.8207977736772377,697,3654,3549
2022-02-21,0.5155897056100722,934,-1.4572314753117845,986,5401,5057
2022-02-22,1.2059779367918904,1306,-1.7829762728147063,1444,6708,6626
2022-02-23,1.121845825553481,1411,-1.5880337244699547,1541,7498,7270
2022-02-24,0.5693772636990303,1694,-2.3972750971864842,1799,8559,8308
2022-02-25,0.44199740222254286,1262,-2.0558632346003756,1352,6929,6784
2022-02-26,1.0318097591105622,1465,-1.948637952319935,1592,8095,7877
2022-02-27,0.9831501831501829,967,-2.345393290455133,1012,4914,4799
2022-02-28,0.872975503198627,1249,-2.1562884906943283,1310,6409,6299
2022-03-01,0.615685524974516,1445,-1.9460642635255123,1525,7848,7560
2022-03-02,0.5365182591295647,1371,-2.0424407553359245,1510,7996,7511
2022-03-03,0.9235796045785638,943,-2.103228631973389,983,4805,4680
2022-03-04,0.772648178357803,1016,-1.8382963103403596,1150,5517,5376
2022-03-05,2.312574257425742,1191,-1.5777993590710355,1347,6060,5984
2022-03-06,1.7494517897452435,1266,-2.065588435489503,1406,6202,6104
2022-03-07,1.6193816073661478,1797,-1.621131862782899,1911,8797,8679
2022-03-08,1.8461112478464188,1674,-1.7687086021228642,1748,8126,7945
2022-03-09,1.326081081081081,2820,-1.3691717754628243,2980,12580,12198
2022-03-10,2.1760713258556224,3797,-1.85709548973423,4100,17385,17069
2022-03-11,1.4332565505326806,2060,-1.7513961181625146,2232,10419,10232
2022-03-12,1.0663425306916252,1579,-0.8898215386324764,1716,8227,7945
2022-03-13,1.5374543311726576,1759,-1.250931171522098,1846,8485,8313
2022-03-14,1.7412624254473164,2130,-1.1274425924016824,2296,10060,9950
2022-03-15,1.8251850872554203,1518,-1.3943068237391367,1600,7564,7390
2022-03-16,1.554297361567206,1703,-1.0173681203986464,1860,8831,8665
2022-03-17,1.7969686531174647,1756,-0.6665225398703596,1869,8709,8543
2022-03-18,1.3749363356118482,1350,-1.0550627470357326,1440,7461,7175
2022-03-19,1.337927158273381,809,-1.358269477277999,840,4448,4270
2022-03-20,2.0474991607922126,1153,-1.411841282895111,1237,5958,5868
2022-03-21,1.4756229531539227,1169,-1.4281285469314853,1236,7023,6741
2022-03-22,1.4570406504065043,1185,-2.175970015993409,1254,6150,6042
2022-03-23,1.13831279945243,1094,-1.7295210258772757,1149,5844,5683
2022-03-24,1.3367507369800196,1167,-1.2625685741919768,1227,6106,5986
2022-03-25,1.6075468821466683,1339,-1.2173212394487112,1401,6559,6399
2022-03-26,0.6446973707428976,1054,-1.6312282652567427,1144,5667,5563
2022-03-27,1.7222457948173966,1183,-1.7732123571866854,1329,6599,6415
2022-03-28,1.7418383518225042,2396,-1.4988781829491966,2541,11358,11190
2022-03-29,2.2765920505983748,3192,-1.5836758218957436,3557,16127,15744
2022-03-30,1.699275680421422,1804,-1.8052846621907122,1952,9112,8778
2022-03-31,1.2965407131452902,2169,-1.7613011729609758,2422,11274,10931
2022-04-01,1.353371475275848,2043,-0.9927828221661421,2210,9788,9589
2022-04-02,1.40238753821517,1196,-1.7540862276272071,1496,6869,6645
2022-04-03,1.598884924174844,827,-1.0273921292239003,879,4484,4432
2022-04-04,1.2527287819049597,912,-1.1815015075451274,948,4819,4728
2022-04-05,0.8696239503468419,998,-1.4457378944880388,1044,5478,5320
2022-04-06,0.39020869292327,1124,-2.1839207610118048,1210,6373,6183
2022-04-07,0.47863165502288607,1560,-2.5851031483975153,1735,8302,8083
2022-04-08,1.1199939366378655,1328,-1.8453605657810033,1376,6597,6441
2022-04-09,0.7423532653623588,637,-1.6738370313571085,664,3629,3505
2022-04-10,0.48159163987138254,594,-1.5237226637118313,636,3732,3568
2022-04-11,1.2806971153846156,749,-0.518805817134396,789,4160,4064
2022-04-12,1.0924870466321246,903,-1.270537469002306,954,5018,4901
2022-04-13,0.7980704697986578,810,-1.7441532816396441,865,4768,4584
2022-04-14,1.3792074282871831,1018,-1.6143501472509671,1081,6031,5904
2022-04-15,0.7775351014040564,816,-1.5644344516073292,860,5128,4861
2022-04-16,0.37341597796143255,635,-2.433743981171236,661,3630,3505
2022-04-17,0.5577530416774528,674,-2.8892342396023616,718,3863,3783
2022-04-18,-1.0841840741322442,1128,-2.43359924667753,1166,6367,6263
2022-04-19,0.2484725640654409,1319,-2.1459446133020394,1391,6907,6768
2022-04-20,0.2194418604651163,1187,-2.4403689181640065,1257,6450,6349
2022-04-21,0.001802641802641784,1137,-2.0578209028918266,1215,6435,6362
2022-04-22,0.30898115968538503,996,-1.831781941329022,1039,5467,5371
2022-04-23,-0.4611291369240754,817,-1.3564781831883386,863,4623,4499
2022-04-24,0.7819846733341991,1509,-2.5709604046584342,1607,7699,7511
2022-04-25,0.2425008781173165,1768,-3.063067260217841,1905,8541,8342
2022-04-26,0.8497762741460222,1915,-2.3535198348272357,2027,9163,9009
2022-04-27,0.5317583268783889,1538,-2.5617198670016537,1616,7746,7614
2022-04-28,0.4302754491017964,1669,-2.026161862761679,1846,8350,8200
2022-04-29,0.29889031156636797,1413,-1.634452724735047,1480,7029,6860
2022-04-30,0.4004711183941009,840,-1.3278357270151817,887,4882,4732
2022-05-01,0.43747775800711747,829,-1.7824506666167328,856,4496,4307
2022-05-02,0.6376419379258138,990,-1.0801434805284214,1064,5284,5184
2022-05-03,0.826199494949495,887,-0.6429636321378459,931,4752,4649
2022-05-04,0.03921167135909908,769,-2.0529319046275254,783,3907,3782
2022-05-05,0.6957856161245992,755,-1.1990912100465727,812,4366,4216
2022-05-06,0.6983844532896277,843,-1.9540885442274383,896,4271,4223
2022-05-07,0.03579470198675492,517,-1.8389792590081737,555,3020,2905
2022-05-08,0.3780790085205269,475,-2.1639568296064193,504,2582,2521
2022-05-09,0.581090992436397,804,-1.8004839618057928,840,4363,4279
2022-05-10,0.78359375,864,-1.8133980848238607,911,4480,4333
2022-05-11,0.5693811693242217,899,-0.9676269864808177,947,5268,5114
2022-05-12,0.29292327004550456,988,-1.4500062488581325,1054,6373,6131
2022-05-13,0.1438827098078868,1937,-1.9010241437460218,2098,9890,9650
2022-05-14,0.5765585168018541,1730,-1.4783160708458438,1818,8630,8455
2022-05-15,0.8876048360745016,1725,-0.8621835259718229,1802,9181,9071
2022-05-16,0.5781728847435043,2548,-1.4049640435842499,2740,12008,11839
2022-05-17,0.5116585505585791,2978,-1.7100207380421015,3196,13964,13579
2022-05-18,0.26504205019535126,3016,-1.3645079618742952,3300,15101,14826
2022-05-19,0.20401819560272938,2391,-1.442610688296367,2500,11871,11703
2022-05-20,0.6594314699355384,1918,-1.6244013349965873,2034,9463,9322
2022-05-21,0.7640814458933882,1695,-1.6855909119436856,1817,8742,8627
2022-05-22,0.44506702816689236,1305,-2.0449949502757305,1338,6639,6507
2022-05-23,0.5451044033322516,1807,-1.9025560022195025,1952,9243,8968
2022-05-24,0.7011097314915409,2753,-1.5731645609667888,2953,12886,12535
2022-05-25,0.5596729580214774,2578,-1.5546517922800251,2733,12292,12105
2022-05-26,0.556597326901819,2056,-1.7351060283780686,2123,9951,9759
2022-05-27,0.030770829004778764,1682,-1.7497223994794007,1822,9626,9237
2022-05-28,0.4411754994221562,1210,-1.3259584871545456,1293,6057,5920
2022-05-29,0.9264664356308564,1564,-1.483329296774345,1643,7791,7672
2022-05-30,1.1139538945162415,2432,-1.4904996922566593,2518,11452,11340
2022-05-31,0.9101684870036404,2380,-1.42944890168795,2485,11811,11495
2022-06-01,0.7364555197351225,2229,-1.4976322294763729,2341,11477,11303
2022-06-02,0.5690146303652746,1980,-1.5044941933910285,2047,10321,9888
2022-06-03,0.8295472492761253,1396,-1.7838679743681032,1479,7598,7408
2022-06-04,0.9243600905450113,1058,-1.5107861824416629,1141,5743,5632
2022-06-05,0.5981296758104738,846,-1.8416304345161942,923,4812,4715
2022-06-06,0.9714583023636092,1291,-1.9125111406427455,1348,6727,6589
2022-06-07,1.460218839200761,2038,-1.8452912671737436,2143,10510,10373
2022-06-08,1.5236307449536457,3010,-1.7537842242727575,3281,15209,14987
2022-06-09,0.5252077562326872,1800,-1.855862605150991,1896,9025,8860
2022-06-10,0.3123032311516156,1347,-1.9299655990468807,1453,7242,7084
2022-06-11,0.5540018570102135,1012,-1.773952528682571,1092,5385,5254
2022-06-12,0.6318242565987303,1078,-2.0993804300051067,1122,5986,5858
2022-06-13,0.2220029998846198,1632,-2.385289317462095,1683,8667,8404
2022-06-14,0.3447762942141017,1558,-2.1967599756460627,1651,8538,8321
2022-06-15,0.30765060857113635,1872,-1.8165199813691544,1954,9777,9440
2022-06-16,0.7058480307651506,1498,-1.795261946065781,1538,7541,7402
2022-06-17,0.1608824358612912,1226,-1.3584271855031664,1319,7094,6903
2022-06-18,0.617274678111588,790,-0.8655239079360808,809,4660,4540
2022-06-19,0.38910750507099384,905,-1.9225207691978932,938,4930,4809
2022-06-20,0.4326888832358179,1456,-2.0274896551418653,1536,7862,7633
2022-06-21,0.888126204238921,1549,-1.6697716333980337,1626,8304,8150
2022-06-22,1.1785339717282262,1835,-0.9552826826240858,1929,8772,8627
2022-06-23,0.40663064833005885,2061,-1.4589626402905373,2162,10180,9928
2022-06-24,0.4171559783500083,1137,-2.07301191000763,1182,6097,5900
2022-06-25,0.4356291118421052,951,-1.9134424251403652,995,4864,4786
2022-06-26,0.18369854597583452,903,-1.7840700442538613,963,4883,4776
2022-06-27,0.8314806429703415,1845,-1.596311486712305,1956,8834,8625
2022-06-28,1.6692763157894743,3497,-1.100058263642302,3752,16720,16375
2022-06-29,1.3508460825220223,3497,-0.6957672750237378,3710,17256,16979
2022-06-30,1.15904181184669,2216,-0.8402739359646781,2366,11480,11253
2022-07-01,0.9231388114138597,1842,-1.4047071908462891,1932,9322,9219
2022-07-02,0.606751389992057,978,-1.4945592667456602,1029,5036,4939
2022-07-03,0.3256108396268325,858,-1.5655049656701947,921,4502,4413
2022-07-04,1.0738382541720153,1488,-1.507319982845963,1531,7790,7688
2022-07-05,0.819445947408289,1777,-1.1154357831871449,1925,9241,9123
2022-07-06,1.0439098291116227,1682,-1.6025732114427607,1768,8251,8098
2022-07-07,0.6682421134767583,1845,-1.7713759723991476,1941,8971,8811
2022-07-08,1.3750835391544385,1325,-1.6862705323761025,1381,6883,6696
2022-07-09,0.631220572256429,513,-1.201621247928064,550,2761,2700
2022-07-10,1.380670975684826,624,-1.1892412108266612,691,3249,3161
2022-07-11,1.5849912739965095,1320,-0.9391756224598946,1388,6303,6162
2022-07-12,2.0025908558030485,1791,-1.2581290096354727,1891,8530,8336
2022-07-13,2.059660394676457,1851,-1.6592063201954028,1940,8716,8555
2022-07-14,1.2923119090037,1434,-1.3054949817716082,1477,7297,7028
2022-07-15,0.46854031266467594,986,-1.7702924439121877,1050,5693,5532
2022-07-16,0.7098010316875459,797,-1.4635087634935375,843,4071,3985
2022-07-17,0.2868383060635226,806,-2.028935286996842,858,4156,4107
2022-07-18,1.1182895540623092,1826,-1.992538184163253,1891,8185,8031
2022-07-19,1.6640948346097453,2924,-1.70954318235087,3061,12274,12096
2022-07-20,0.47663150955833866,2744,-2.4286584102696254,2821,12136,11937
2022-07-21,0.35133826619165054,2234,-3.0468757449384527,2306,10947,10727
2022-07-22,2.468960364335018,2827,-1.3069717957509535,2991,14053,13820
2022-07-23,1.4095722373663246,1901,-1.873320970886799,1990,9538,9362
2022-07-24,1.3903181941800382,1473,-2.397696224416348,1572,7354,7242
2022-07-25,1.5091444216290213,1445,-1.9564894066071445,1488,7305,7110
2022-07-26,1.4058021294413203,1707,-1.7154360433609994,1777,8359,8207
2022-07-27,0.9883193445243803,1967,-2.2223296779281743,2030,10008,9727
2022-07-28,1.758548769826402,1515,-1.4856863561476616,1570,8007,7832
2022-07-29,1.1944163150492264,1426,-2.224253923598213,1517,7110,6955
2022-07-30,0.7254679916801476,857,-2.739202643010433,900,4327,4166
2022-07-31,1.5023270987385817,876,-1.8166198526397277,904,4598,4483
2022-08-01,2.07805292203198,1329,-1.1864775579062565,1378,7067,6800
2022-08-02,1.3555112881806108,1233,-1.306775098782929,1295,6777,6570
2022-08-03,0.9523248969982341,1309,-1.7311227709852113,1353,6796,6541
2022-08-04,1.4689678172419542,1168,-0.8924173292882213,1211,5997,5862
2022-08-05,1.9272049806622022,2276,-1.053718913727118,2381,10601,10473
2022-08-06,1.9561802701115678,1376,-1.5913621986326605,1467,6812,6712
2022-08-07,1.672254464285714,889,-1.3593085780334206,945,4480,4412
2022-08-08,1.457378193494346,1379,-1.8456739444500967,1451,7163,7063
2022-08-09,1.0798664537668747,1379,-1.7008488108849331,1399,6889,6742
2022-08-10,1.1363433476394849,1084,-1.5606720566819194,1113,5825,5735
2022-08-11,0.7607532605802501,1352,-2.1095032766842485,1433,7514,7347
2022-08-12,1.1630111524163567,1161,-1.7330264042557757,1208,6456,6308
2022-08-13,1.0169137974365419,714,-1.8464712884428434,734,3979,3841
2022-08-14,1.153990178023327,654,-1.8994010550019296,670,3258,3181
2022-08-15,0.7118785151856017,779,-1.3569944638939229,803,4445,4298
2022-08-16,0.32502793296089366,1521,-2.105053763693176,1619,8055,7842
2022-08-17,0.721741203394679,2163,-1.3842718337223447,2227,10487,10264
2022-08-18,2.186044808903208,2887,-1.0993681469696877,3014,13658,13480
2022-08-19,1.853593984962407,2189,-1.8937474991257686,2269,9975,9709
2022-08-20,1.0061258977608787,886,-1.7123331074806736,931,4734,4609
2022-08-21,0.20682443588332414,702,-1.7586029562361192,722,3634,3560
2022-08-22,1.4407840316489842,1016,-1.4183043811033553,1046,5561,5465
2022-08-23,0.8818571985953956,1561,-1.0216697438542695,1632,7689,7559
2022-08-24,1.025584975369458,1244,-0.8411222045880601,1282,6496,6349
2022-08-25,0.5765527616591446,832,-1.4841120786790833,856,4653,4537
2022-08-26,0.9491897622292894,1284,-1.3956961558192267,1344,6603,6381
2022-08-27,0.3565884044082413,707,-1.8762075283591393,741,4174,3992
2022-08-28,0.24924858339492487,748,-2.9721234016550957,763,4059,3988
2022-08-29,0.7905546288573813,884,-2.194202113112541,900,4796,4722
2022-08-30,1.3594547224926974,928,-1.4830309942186375,948,5135,5055
2022-08-31,0.5428070898598516,892,-1.8660376329074164,922,4852,4737
2022-09-01,1.0191211146838155,830,-1.4950081431580624,846,4665,4466
2022-09-02,1.227787178040985,984,-1.2257722118002086,996,5319,5113
2022-09-03,1.0262878913367568,1281,-1.7988765616548965,1328,6037,5914
2022-09-04,0.5941108007448788,823,-2.0269908512584496,853,4296,4248
2022-09-05,0.9687704248366011,969,-2.179833209873021,1002,4896,4844
2022-09-06,1.1126222355950053,1320,-1.6430610473717782,1356,6647,6533
2022-09-07,1.2854272025552307,1514,-1.5134206023529768,1545,7514,7371
2022-09-08,1.241340691446194,1191,-1.1988087266910832,1230,6161,5967
2022-09-09,0.7430859307732045,1092,-1.5644616117570584,1112,5807,5680
2022-09-10,0.9987106017191971,517,-1.3983125538765013,526,2792,2692
2022-09-11,0.08984757757212804,750,-2.8653297093660433,769,3674,3538
2022-09-12,0.4384011420413996,1101,-2.1829516634928687,1126,5604,5540
2022-09-13,0.9039067422810335,1318,-2.858205008199274,1356,6348,6222
2022-09-14,1.1994054696789525,1122,-2.719129036927337,1167,5887,5773
2022-09-15,1.1642248722316866,1137,-2.0123087131987214,1169,5870,5607
2022-09-16,1.5735465116279048,1331,-1.1550333500866374,1375,6536,6369
2022-09-17,0.8605072463768116,895,-1.220287319094258,912,4416,4344
2022-09-18,0.7310994184436439,764,-1.7017116995447532,782,3611,3562
2022-09-19,0.644586108468126,1035,-1.663486910822134,1096,5255,5163
2022-09-20,1.6280900109769485,1871,-1.620001640985157,1957,9110,8967
2022-09-21,0.9296904140246185,1629,-2.2354991358239547,1675,8043,7762
2022-09-22,1.4115676524470013,1630,-2.1026028299764037,1673,7642,7547
2022-09-23,0.4746893274853798,1041,-2.006359954620281,1067,5472,5400
2022-09-24,0.7404989919354837,699,-2.181675838687204,716,3968,3893
2022-09-25,0.6977224799662589,414,-2.065936534896953,415,2371,2322
2022-09-26,1.3156968641114974,1074,-1.9823218903108544,1152,5740,5593
2022-09-27,0.1465771812080535,1154,-2.6115800764949015,1180,5960,5807
2022-09-28,0.7678932406822494,1192,-2.1695179672373666,1230,6332,6202
2022-09-29,0.5455253490080827,1199,-1.4785560345198734,1261,6805,6711
2022-09-30,1.0627808676307018,949,-1.6480970447461727,969,4495,4410
2022-10-01,0.12178653805829294,900,-1.862331127403225,929,4769,4697
2022-10-02,0.062203340169938455,665,-1.7903153804408225,700,3413,3352
2022-10-03,1.9001125650766841,1355,-1.5438279073464263,1436,7107,6910
2022-10-04,1.8372994195971293,1143,-1.2618964642495327,1164,5858,5732
2022-10-05,1.3885212569316083,1033,-1.6009766421413776,1053,5410,5266
2022-10-06,1.2376145637162594,1548,-1.3713154198037858,1612,7965,7766
2022-10-07,1.3732392508572935,1440,-1.2649394480109493,1488,7582,7416
2022-10-08,0.9428298800436202,653,-1.8668961679262492,682,3668,3609
2022-10-09,1.140695652173914,615,-1.558837304447677,651,3450,3419
2022-10-10,1.2489536475650318,964,-1.7172623144471832,984,5113,5020
2022-10-11,2.0546734080349816,1493,-1.3041773386184121,1528,7318,7240
2022-10-12,1.3964748201438857,1352,-0.9869880487195153,1422,6950,6775
2022-10-13,1.7781666150510989,1916,-1.116586802034866,1989,9687,9502
2022-10-14,1.43738379814077,1494,-1.2216509290793138,1556,7530,7428
2022-10-15,1.6618790739492024,859,-2.4470385504866474,900,4449,4371
2022-10-16,0.436039924467224,644,-3.481382136721786,705,3707,3632
2022-10-17,0.7404215215901306,1056,-2.8347553009902096,1078,5836,5690
2022-10-18,0.5010038480843232,1088,-2.2122386604452973,1105,5977,5846
2022-10-19,1.2190452428476386,1139,-1.726408618817798,1169,6012,5918
2022-10-20,1.2042071713147413,1194,-1.3086784372499842,1230,6275,6157
2022-10-21,1.2444147871346594,1478,-1.3967650654591646,1528,7493,7326
2022-10-22,1.4552838231994616,767,-2.081991056175582,780,4457,4353
2022-10-23,1.5057802093244534,799,-2.5809311864515245,831,4204,4161
2022-10-24,1.163840653728295,1106,-2.507811162207841,1186,5874,5715
2022-10-25,1.183792572308746,1082,-1.4949614990539672,1113,5843,5740
2022-10-26,1.203848448687351,1232,-1.2711755606309123,1252,6704,6616
2022-10-27,1.3540981061782067,1211,-0.8626477615188982,1242,6442,6348
2022-10-28,1.7298085688240672,1076,-0.7800210234141146,1109,5485,5324
2022-10-29,2.2619881656804743,823,-0.9365563421740143,829,4225,4078
2022-10-30,2.1017861129716455,814,-2.0152625997657334,850,4479,4425
2022-10-31,1.9327588528342508,1472,-1.576002821578242,1518,7427,7268
2022-11-01,2.310552663195834,1915,-1.3223656449101298,1993,9988,9872
2022-11-02,2.049603048586852,1730,-1.0326460729663967,1834,9447,9383
2022-11-03,1.9410207029369264,1583,-0.8815379015271039,1644,8308,8184
2022-11-04,2.0454992076069716,1187,-0.8464005723675112,1298,6310,6244
2022-11-05,0.9421292281006082,881,-0.9123800952582668,921,4612,4566
2022-11-06,0.3045286243235545,670,-1.846492382658369,683,3513,3464
2022-11-07,0.7624184428012184,807,-1.1705660014768968,825,4598,4481
2022-11-08,0.6066219808159026,1672,-1.8314818558113677,1720,8653,8455
2022-11-09,0.809895744317211,1108,-1.784430279053019,1142,5851,5613
2022-11-10,0.9444143167028205,1129,-1.008405690191876,1155,5532,5381
2022-11-11,1.4386243386243383,265,-1.0627146818585913,273,1323,1299
2022-11-12,0.9858674250711001,821,-0.7114702450793531,859,4571,4455
2022-11-13,-1.3708812864575122,1069,-4.674146396535009,1109,6343,6197
2022-11-14,-1.170386554621849,2729,-5.068210099961207,2913,14875,14693
2022-11-15,-0.2063580822201513,1840,-3.1016442570880263,1991,9657,9493
2022-11-16,0.16396787783043712,1491,-2.174594298986795,1579,7596,7515
2022-11-17,1.2877657760090966,1777,-1.5652918141936656,1833,8795,8611
2022-11-18,0.8836536180308432,1686,-1.556629435958642,1758,8430,8206
2022-11-19,-0.5961050724637679,794,-2.684394707375118,819,4416,4293
2022-11-20,-4.062626712710258,1598,-4.518123829290329,1666,8977,8800
2022-11-21,-2.673050235914518,1976,-3.4504730469155676,2071,10809,10517
2022-11-22,-1.9542744811191373,2101,-3.3238372206545472,2193,10937,10751
2022-11-23,-1.093195718654434,2135,-2.790081321392037,2215,10464,10256
2022-11-24,-1.2078236279849182,1906,-2.596543249103818,1979,9548,9373
2022-11-25,-0.694377626430952,1293,-1.9437299738767155,1342,6901,6793
2022-11-26,-0.7313022284122563,1095,-2.2873736978695196,1141,5744,5622
2022-11-27,-1.1856211898255204,816,-2.3975705901669353,869,4757,4620
2022-11-28,-0.06430321371955623,1293,-2.279682396863626,1363,6939,6826
2022-11-29,0.3358714266895012,1401,-1.9545958683518923,1444,7591,7393
2022-11-30,-0.18313856427378977,1287,-2.3035937030479947,1331,6589,6426
2022-12-01,-0.13501620330888636,1187,-2.2113854761470546,1207,5863,5753
2022-12-02,-0.009553327256153234,1099,-2.338190195308964,1178,5485,5386
2022-12-03,0.20076335877862594,819,-2.658792252484768,845,4192,4132
2022-12-04,-0.5591234347048301,620,-2.4080598755366496,639,3354,3288
2022-12-05,0.24472869816381274,862,-2.020664176196043,889,4847,4711
2022-12-06,0.8013554727211126,1107,-1.5592375117235457,1151,5902,5838
2022-12-07,0.4995243562407741,1058,-2.032903550242323,1101,6097,6031
2022-12-08,1.0632185698706966,1146,-2.084017539687213,1206,6419,6330
2022-12-09,1.3820847997318588,1067,-1.7391543351613903,1110,5967,5826
2022-12-10,1.112894438138479,764,-1.1361818444627971,786,4405,4270
2022-12-11,1.0682915786296407,1245,-1.560200346186109,1304,6626,6551
2022-12-12,0.8178330219859176,1314,-1.814631375706096,1402,6959,6877
2022-12-13,0.8866568102014416,1015,-1.5812363220638428,1033,5411,5253
2022-12-14,0.3067901234567901,1289,-1.9070272208983585,1324,6804,6672
2022-12-15,0.37407796101949015,1277,-1.9022425233696605,1319,6670,6516
2022-12-16,-0.3144699453551913,834,-2.403963132318968,869,4575,4472
2022-12-17,-0.4211850649350649,436,-1.7078488136822672,441,2464,2381
2022-12-18,0.2935817157169693,585,-2.2365181004815597,622,3194,3098
2022-12-19,0.9597084430046569,943,-2.538012592464603,969,4939,4791
2022-12-20,0.762126812624396,1257,-2.2951058418164467,1295,7034,6875
2022-12-21,0.9658904619970193,920,-1.102120435988187,974,5368,5262
2022-12-22,0.6488062693639507,1005,-1.8127896150045544,1040,5487,5407
2022-12-23,-0.011815693430656976,806,-2.8131339401271145,833,4384,4247
2022-12-24,-0.098206937095826,573,-2.07582655529718,600,3402,3291
2022-12-25,0.24486460112222472,770,-2.79586207626144,798,4099,4051
2022-12-26,0.202305676855895,977,-2.8760776077192998,1174,5725,5680
2022-12-27,0.6409591836734694,1019,-1.4165700834187385,1057,4900,4810
2022-12-28,0.8670984046754072,1322,-1.9375988222339966,1364,6331,6291
2022-12-29,0.8092440668033997,1315,-2.4516634376512223,1366,6826,6658
2022-12-30,0.7079974678202161,962,-2.232342650102349,980,4739,4682
2022-12-31,1.5919342793129212,713,-1.7880107359799418,764,4017,3954
2023-01-01,1.0051431127012522,389,-1.3618298382297325,406,2236,2140
2023-01-02,0.4071163037705791,615,-2.1292869569083557,630,3766,3649
2023-01-03,1.5902067639044717,1081,-1.583966309130035,1134,6239,6153
2023-01-04,1.094597171460353,1277,-2.18670633136663,1336,6293,6232
2023-01-05,1.3990844354018293,1876,-1.715239657000355,1981,9830,9675
2023-01-06,1.0081830790568649,1074,-1.745109556082424,1125,5768,5611
2023-01-07,-0.14510869565217402,741,-2.585287083298967,800,4416,4369
2023-01-08,0.9654603756298671,788,-1.5154656121799526,806,4366,4294
2023-01-09,0.8466045914271957,1199,-1.753807103196021,1229,6229,6072
2023-01-10,1.3090071807680288,1243,-1.4732808530446628,1264,6406,6192
2023-01-11,1.1714268036134141,1529,-1.869737038088215,1610,8081,7940
2023-01-12,1.3601696038160866,1485,-1.4527271894953482,1525,7547,7370
2023-01-13,0.8154496236630138,1596,-2.1510286893977453,1656,7573,7459
2023-01-14,0.8365367503114439,1165,-2.0167321347739104,1233,5619,5539
2023-01-15,0.7632715265430527,791,-2.0592984911096384,820,3937,3854
2023-01-16,1.6166189468442673,1555,-1.895719200629741,1590,8033,7781
2023-01-17,1.2979947689625115,1731,-1.9420349098615324,1812,8029,7870
2023-01-18,1.1238216922203292,1335,-1.3334402675339025,1386,7044,6936
2023-01-19,0.48947788599712566,1221,-1.2907088560272146,1279,6263,6106
2023-01-20,0.8981913455037195,1198,-1.6263386261136672,1256,5916,5848
2023-01-21,-0.40154841985023426,1747,-2.9354289551212367,1816,7879,7710
2023-01-22,-0.16483790523690786,1365,-3.270485916061216,1404,6416,6269
2023-01-23,0.1777513161193282,1635,-2.3289293455611784,1709,7978,7823
2023-01-24,-0.03286759813705936,2207,-2.2232932137035912,2292,10521,10217
2023-01-25,0.5673142370958596,1395,-2.0722760065081185,1431,7052,6959
2023-01-26,0.19108836369110344,1292,-2.336286141922267,1336,6643,6497
2023-01-27,0.1544904881285946,1297,-2.8124519316464633,1396,6781,6715
2023-01-28,0.3382060461416068,1050,-2.551233933492455,1081,5028,4955
2023-01-29,-0.038716525146962895,1263,-3.2038359962902305,1337,6124,5858
2023-01-30,0.4208630686886716,1930,-2.2387042298856556,1989,8968,8781
2023-01-31,0.49308228268082344,1189,-1.797941378929324,1213,6028,5947
2023-02-01,-0.11557332610463551,1428,-2.035132156901762,1461,7378,7224
2023-02-02,-0.14632180920197527,1348,-2.4328752425775737,1436,7694,7363
2023-02-03,0.6165294205719417,1249,-1.507399467903724,1323,6679,6559
2023-02-04,0.6058370301190753,770,-1.9621623256972351,790,4287,4158
2023-02-05,-0.026740506329113994,704,-2.593441913323412,722,3792,3754
2023-02-06,1.2449956965449342,3004,-2.648531010073401,3178,16266,15960
2023-02-07,1.6029889711758714,3521,-1.9790075927387751,3747,18769,18488
2023-02-08,1.47518878101402,3349,-2.0197157874394516,3507,17613,17321
2023-02-09,1.8414994788952554,2763,-1.8771585914237008,2935,15352,14987
2023-02-10,1.9579548014115138,2524,-1.4886210227413665,2630,13319,13078
2023-02-11,1.6576507818317172,1987,-1.7053050277119826,2100,10744,10524
2023-02-12,1.7421916445623296,2130,-1.7249598174432073,2336,12064,11825
2023-02-13,1.5182144734536538,2098,-1.4781265966551735,2231,11414,11159
2023-02-14,1.8458478109798435,2293,-0.9351362568353373,2436,11512,11350
2023-02-15,1.978514638480961,2173,-0.4897153104368175,2252,10691,10471
2023-02-16,1.9111070347610735,2123,-0.9988471912880207,2201,10903,10618
2023-02-17,2.2094002151694427,1313,-0.4762133038077798,1366,7436,7291
2023-02-18,1.7670000000000012,1101,-1.0697328479319057,1147,6100,5918
2023-02-19,2.069579197539493,1420,-1.474521963166818,1518,7153,7033
2023-02-20,1.8244440360227885,2182,-1.0846395690081096,2311,10882,10669
2023-02-21,0.9371685781230731,1513,-1.6493807939416822,1658,8109,7970
2023-02-22,1.2229715489989468,1149,-1.7040424035962736,1199,5694,5624
2023-02-23,0.9211673699015477,1075,-1.8196628480374097,1103,5688,5505
2023-02-24,1.7315469699330122,1171,-1.1348131780858446,1222,6419,6333
2023-02-25,0.9090863704443343,725,-1.184904835004847,753,4006,3911
2023-02-26,1.0774609640190087,494,-1.249612371750083,519,2946,2879
2023-02-27,1.56175633361799,1317,-1.5888980746216665,1353,7026,6909
2023-02-28,1.5016005690912324,1062,-1.760223645079707,1086,5623,5476
2023-03-01,1.1492430408595151,1175,-1.888571483081035,1219,6143,5977
2023-03-02,0.9303077263670582,829,-1.6007453473918862,849,4517,4427
2023-03-03,1.339136522753793,801,-0.6963700271125836,823,4285,4201
2023-03-04,1.5055363321799315,612,-1.2205745947495297,634,3179,3072
2023-03-05,1.31183088987385,552,-1.5596967205766192,577,2933,2719
2023-03-06,1.4275966386554628,1084,-1.5655308071880485,1120,5950,5830
2023-03-07,0.9454454051880155,944,-1.291713519276794,970,4973,4873
2023-03-08,0.7159511876225758,875,-1.5501374682873965,902,4589,4389
2023-03-09,1.1817830138913317,1042,-1.4209781186356996,1132,5687,5561
2023-03-10,1.180078710644678,949,-1.1302526493509149,1000,5336,5237
2023-03-11,0.3664875239923225,484,-1.333872395295139,492,2605,2535
2023-03-12,0.6286874593892138,476,-1.4146175338669302,493,3078,2990
2023-03-13,1.2585089508271021,812,-1.40104683804056,833,4413,4317
2023-03-14,1.5618432203389834,878,-0.9271651221830964,902,4720,4591
2023-03-15,1.358426966292134,1429,-1.5116200555527441,1507,7120,6987
2023-03-16,1.8206201771934847,1423,-0.8747963594510562,1482,6998,6865
2023-03-17,1.841619644723091,1959,-0.3711012421307339,2042,9570,9419
2023-03-18,1.802311787072241,1388,-0.10371675309176906,1444,6575,6381
2023-03-19,1.2516759776536317,706,-0.7177317599025276,717,3580,3436
2023-03-20,1.6954215003866961,1232,-0.6533866545213592,1292,6465,6279
2023-03-21,1.4282153330540432,974,-0.9262658832414781,985,4774,4651
2023-03-22,1.506909722222224,643,-1.1442237657216126,645,2880,2763
2023-03-23,0.9513074384361525,734,-1.0672645980420319,742,3939,3836
2023-03-24,0.7318537554024066,1716,-1.6591876287987393,1742,8561,8400
2023-03-25,1.1139031805425639,1707,-0.5949807863764236,1742,8552,8339
2023-03-26,0.8538507912584782,1243,-0.9811611415148378,1266,6635,6375
2023-03-27,0.9740922473012763,1594,-0.9901769868407181,1712,8152,7999
2023-03-28,1.126147904448578,1325,-1.0668572667221972,1349,6991,6803
2023-03-29,1.0486265413258458,1498,-0.7761734705487329,1561,8191,7872
2023-03-30,1.2600876783882098,1980,-0.49777382229584954,2135,10721,10390
2023-03-31,0.7417191375691665,2018,-0.7733835322165841,2137,10482,10295
2023-04-01,0.4792463235294121,986,-0.9636194374422771,1014,5440,5282
2023-04-02,0.4298043052837573,996,-0.9678598043645217,1005,5110,4968
2023-04-03,1.064215885947047,1885,-0.45461634839702736,1946,9820,9417
2023-04-04,0.9737531622696057,2316,-0.9263477993362729,2407,11068,10689
2023-04-05,0.3956611927398446,2300,-1.718281786259149,2408,11570,11256
2023-04-06,0.19017952553964504,1736,-1.5769812454167336,1798,9358,8886
2023-04-07,1.1149153737658681,2074,-1.115247500554208,2240,11344,10889
2023-04-08,0.03364404311098162,1316,-2.3235933183508286,1363,6866,6690
2023-04-09,0.01831900048677577,1094,-2.1210524871302088,1119,6163,5902
2023-04-10,0.5512862874675476,1628,-0.8575299166450473,1667,8474,8137
2023-04-11,0.7877048122822866,1396,-1.2665898042958819,1430,7751,7399
2023-04-12,0.873098688750863,1363,-1.0065729010825806,1395,7245,7001
2023-04-13,1.0360114613180522,1605,-1.1567482354340668,1661,8725,8383
2023-04-14,0.8581682856061571,1400,-0.6371757298784274,1422,7927,7571
2023-04-15,0.8905505952380953,942,-0.5357480122400854,962,5376,5218
2023-04-16,-0.23304309969525486,753,-1.275311320378423,759,4594,4393
2023-04-17,0.5152309612983771,1264,-1.0343666615452327,1308,7209,6939
2023-04-18,0.8120799153215138,1235,-0.847519076031999,1266,7558,7187
2023-04-19,0.4867413388903364,1367,-1.0327057635526924,1438,7678,7470
2023-04-20,1.0145026469768734,1333,-0.908348607059321,1399,7178,7054
2023-04-21,0.6870231394621642,1108,-0.8926549917790342,1134,6396,6148
2023-04-22,0.03321587972750765,687,-1.0175724118894036,705,4257,4012
2023-04-23,0.42917632188750793,831,-1.1489244738537945,849,4747,4504
2023-04-24,0.7606705431151799,1560,-1.7389612942810482,1644,8083,7850
2023-04-25,1.0851910986927453,1798,-1.2683029380545328,1915,10021,9724
2023-04-26,0.7138602866949331,1812,-1.3469219842915265,1869,9906,9491
2023-04-27,0.4709735234215887,2231,-1.51271935883139,2314,12275,11957
2023-04-28,0.06547477155343655,1849,-1.719035882754452,2019,10068,9838
2023-04-29,0.6665438014498096,1380,-0.4561585579921978,1456,8139,7907
2023-04-30,0.7635306396302374,1171,-0.9328571113889493,1198,6707,6373
2023-05-01,-0.31243086647353185,1371,-1.4988113895183628,1412,7594,7271
2023-05-02,0.4114161680159572,1459,-0.8562957480119849,1508,8523,8058
2023-05-03,1.0970334736420118,1808,-1.3695530140110834,1876,9978,9671
2023-05-04,0.8892534073091309,1476,-1.5202642174415923,1522,8291,8055
2023-05-05,0.8926801928034979,1609,-0.8306800798500008,1657,8921,8682
2023-05-06,0.46544394926294125,987,-1.0102696617337965,1015,5834,5648
2023-05-07,0.2139996486913752,1029,-1.8471772266406585,1067,5693,5597
2023-05-08,-0.22779338664361373,1597,-2.1518025834494074,1713,9254,9043
2023-05-09,0.9954526271365273,1762,-1.7464347520066636,1854,9478,9220
2023-05-10,1.356607282693812,1940,-1.2743777458433552,2019,10216,10034
2023-05-11,1.3468761868590962,2018,-1.146367949157631,2119,10532,10327
2023-05-12,0.7840644409937899,2112,-1.6220794756550987,2168,10304,10014
2023-05-13,0.46778242677824344,1506,-1.5186783288534575,1570,7887,7720
2023-05-14,0.5016538037486217,1445,-1.1481204296252174,1607,8163,7914
2023-05-15,1.0373681225184341,1722,-0.635298549702208,1789,8815,8631
2023-05-16,0.9184428928994869,1427,-0.663796687287789,1499,7591,7455
2023-05-17,0.9107929739059801,1898,-0.7314160412256467,2025,9849,9729
2023-05-18,1.158585353661585,1559,-1.184270181908424,1613,8002,7807
2023-05-19,0.9892517006802725,1455,-1.1668307039106234,1514,7350,7121
2023-05-20,0.9829850194192716,952,-1.1356217221129985,993,5407,4986
2023-05-21,0.6974962816063467,737,-1.3504645587230024,745,4034,3917
2023-05-22,0.5826695842450763,1321,-0.9058502538771395,1349,6855,6697
2023-05-23,0.33149785637727736,1384,-0.9993534441512213,1433,7464,7199
2023-05-24,0.8089953943580895,1261,-1.0608485274558581,1307,6948,6809
2023-05-25,0.8620832775471958,1431,-1.5635881219427277,1516,7469,7263
2023-05-26,0.43941644562334264,1404,-1.4963668612522323,1455,7540,7345
2023-05-27,0.7821766280107054,1052,-0.7152321504248428,1073,5605,5473
2023-05-28,0.8109276729559761,1892,1.2036594036010355,1971,10176,9558
2023-05-29,1.3312389640965234,2846,1.271406770771587,2993,13592,13236
2023-05-30,1.1078668363019524,1941,0.4420962000813928,2023,9432,9232
2023-05-31,1.1497916232548442,1820,-0.02662717476237166,1906,9598,9364
2023-06-01,1.1153055983564444,1833,-0.05890447758208391,1938,9735,9462
2023-06-02,1.0013991350801323,1417,-0.11564028668252542,1483,7862,7690
2023-06-03,1.7456384655806607,1422,0.8746693432892236,1454,7612,7343
2023-06-04,1.599911806857016,1732,0.4620638626064253,1818,9071,8871
2023-06-05,1.6165898617511527,1531,-0.6008647250980446,1571,8029,7729
2023-06-06,1.2783076693078197,1247,-0.6132097058516636,1275,6689,6530
2023-06-07,1.3033899862195684,2025,-1.8280649284363855,2140,10885,10634
2023-06-08,1.012802931788628,1581,-1.4364578954956635,1643,8459,8240
2023-06-09,1.0364144912093767,1347,-1.2897914734207199,1385,7508,7162
2023-06-10,0.0276831834704419,861,-1.4050570415446553,890,5227,4998
2023-06-11,0.8957689993984361,868,-0.3245209832347492,889,4987,4834
2023-06-12,0.3460380539499035,1523,-1.2661972947877838,1589,8304,8079
2023-06-13,0.7949818181818193,1474,-0.879219924193412,1516,8250,7953
2023-06-14,1.140770480833572,1958,-1.1769355748361054,2075,10461,10214
2023-06-15,0.9034190167207387,1531,-1.191498479794816,1565,8014,7792
2023-06-16,0.9217065668048677,1359,-1.0537788651663869,1414,7477,7203
2023-06-17,0.4436303766207039,846,-0.7163924284557063,879,4859,4669
2023-06-18,0.7439440993788821,681,-0.9488081603363273,688,3864,3785
2023-06-19,0.709065743944637,972,-1.1993823619312127,1000,5780,5693
2023-06-20,0.8242632462971452,1116,-1.6382564413144662,1157,6549,6325
2023-06-21,1.2355399310161845,1387,-0.8745025526261176,1412,7538,7326
2023-06-22,1.0883509389671369,1250,-0.9548001021807246,1271,6816,6588
2023-06-23,-0.09015254493278975,1150,-1.745700265071021,1168,6621,6325
2023-06-24,1.1607633076665549,1177,-1.4308305425025352,1236,5974,5889
2023-06-25,-0.42956197210764097,892,-1.843723477208371,924,5091,4932
2023-06-26,0.8072231380188829,1319,-0.9275142037808823,1364,6673,6500
2023-06-27,0.5480220616203887,1031,-1.6650441380817709,1063,5258,5168
2023-06-28,0.5500904977375571,1675,-1.8606374885875705,1745,8840,8714
2023-06-29,0.5723517119434173,1245,-1.9765648313310022,1277,6221,6124
2023-06-30,0.837372105546581,1020,-1.9689782816026216,1063,5571,5336
2023-07-01,1.1050591715976328,585,-1.6120891161827133,607,3380,3220
2023-07-02,0.7241022519780886,656,-1.6399321984072601,680,3286,3224
2023-07-03,0.7579220779220787,1135,-2.198608376880343,1160,6160,5977
2023-07-04,0.7860791671710446,1567,-1.5176275469516165,1604,8261,8057
2023-07-05,1.2210375875375161,1298,-0.7656744232841632,1335,6997,6869
2023-07-06,1.3681384573453246,2045,-0.8831107240391142,2202,11007,10841
2023-07-07,2.1051820330969258,2306,-0.7221346670735049,2424,10575,10422
2023-07-08,2.390181015452536,2505,-0.6448357251057664,2629,11325,11108
2023-07-09,1.7690902205812746,2334,-1.0649547394450427,2444,10563,10414
2023-07-10,1.825430403392738,4397,-0.16807710516592506,4709,19807,19559
2023-07-11,1.8779411003571223,4134,0.2519656523941595,4505,19321,19011
2023-07-12,1.6506280127639334,3000,0.01786723800413137,3173,14729,14446
2023-07-13,1.3835027223230483,2230,-0.7799745861157952,2314,11024,10785
2023-07-14,1.700021953896815,1794,-0.20432975698621572,1829,9110,8907
2023-07-15,0.6543722673329174,1209,-0.9031885420705783,1245,6404,6264
2023-07-16,0.7817761989342815,976,-0.330989622590105,1018,5630,5476
2023-07-17,1.8436540891857736,2264,-0.645063129304686,2359,11078,10706
2023-07-18,2.144794611674702,2400,-0.18580450830727135,2517,12026,11706
2023-07-19,1.8163466042154537,1750,-0.76338662420039,1774,8540,8383
2023-07-20,1.3856970484499724,2139,-1.031888681564012,2173,10774,10363
2023-07-21,1.6274363920271882,2237,-1.20686141211756,2292,10887,10711
2023-07-22,1.1394319009468323,1370,-1.004438942619238,1391,6865,6681
2023-07-23,0.8601009120900447,937,-0.8658945820411454,952,5153,5061
2023-07-24,1.065527825970906,1328,-1.2631535056166705,1373,7493,7301
2023-07-25,0.7555155726516944,1460,-1.1257693162304032,1492,8059,7873
2023-07-26,0.5846654749744638,1536,-1.342362267235233,1570,7832,7683
2023-07-27,1.1665299100052944,1407,-0.8654755636953007,1429,7556,7389
2023-07-28,0.689480198019802,1027,-1.0282162273170308,1053,5656,5506
2023-07-29,0.2701571749336599,888,-1.3004217912620981,906,4899,4771
2023-07-30,0.5947420634920637,880,-1.4773598084122876,887,5040,4751
2023-07-31,0.9297912713472488,1379,-1.1706857763625291,1463,7378,7247
2023-08-01,0.5886563029090353,1182,-1.699327831303247,1208,6497,6359
2023-08-02,0.991703442188879,1729,-0.9273270108757005,1779,9064,8817
2023-08-03,0.8184804928131417,1348,-1.176630158791133,1375,7305,7103
2023-08-04,0.5767568487323464,1077,-1.4645161592194402,1097,5877,5746
2023-08-05,1.0138526222615625,854,-0.6363845627864065,873,4519,4395
2023-08-06,0.3263314285714286,782,-1.3822958267677519,802,4375,4203
2023-08-07,1.2160017600469346,1316,-0.9504234214240657,1332,6818,6636
2023-08-08,0.4578670672174241,957,-1.4389170827960467,967,5326,5140
2023-08-09,1.2959246681074408,1183,-1.5767643319811246,1272,6478,6368
2023-08-10,0.022627066748315924,1181,-1.8947371589660549,1208,6532,6320
2023-08-11,0.6119911770603567,976,-1.5698085580638501,985,4987,4900
2023-08-12,0.4647616468039003,681,-0.926791315614454,735,3692,3631
2023-08-13,0.49191286183228894,594,-1.6736367961338108,630,3351,3310
2023-08-14,0.9296742209631734,1118,-1.4433895404762103,1141,5648,5542
2023-08-15,0.07897078738634167,968,-2.6792844675150573,986,5169,5080
2023-08-16,0.5278218153399574,1541,-1.224026040053779,1581,8957,8616
2023-08-17,0.2076256499133449,1322,-2.106835926883842,1363,6924,6803
2023-08-18,0.14893300248138927,1513,-2.1154749607327443,1543,8060,7897
2023-08-19,-0.003851915257864315,816,-1.7234281024844633,831,4673,4585
2023-08-20,0.6028765920070267,784,-0.7163404652386114,792,4554,4343
2023-08-21,1.3237689273444468,1561,-0.9641315127334669,1612,7859,7703
2023-08-22,0.4267777650953086,1740,-1.6622093595042124,1825,8761,8573
2023-08-23,0.2922699568901439,1307,-1.5430166181324356,1320,6727,6457
2023-08-24,0.4406176754446438,1419,-1.282886333328412,1477,7253,7095
2023-08-25,0.7370552903126444,1250,-1.248352168286206,1274,6493,6279
2023-08-26,0.6452391799544426,789,-1.1929354911922156,811,4390,4319
2023-08-27,0.6682046596619461,787,-1.1637062426608087,802,4378,4202
2023-08-28,1.5816172124364571,1602,-0.6629520145041511,1675,8459,8169
2023-08-29,1.107735408560312,1245,-0.6062352358834292,1279,6425,6322
2023-08-30,1.3758450891668892,1344,-0.0608866915013403,1428,7514,7181
2023-08-31,1.3618429941899737,1453,-0.6852345921533914,1546,7401,7268
2023-09-01,1.1875051208521104,1503,-0.9938614566598976,1563,7323,7196
2023-09-02,0.6731980676328501,929,-0.7149249235801708,975,5175,4939
2023-09-03,1.5321261115602265,1309,-0.8089735516466833,1385,6185,6120
2023-09-04,1.9141566501689042,3013,-0.5454104555272908,3157,12729,12533
2023-09-05,1.7326751838946957,2219,-0.8527669475237944,2292,10332,10102
2023-09-06,1.0602379043036632,1419,-1.4248223453418165,1480,7482,7383
2023-09-07,1.4661149110807123,1433,-0.8324059998629393,1513,7310,7135
2023-09-08,1.3959501557632392,1415,-0.9536715724449786,1486,7383,7219
2023-09-09,0.6591002888980603,1268,-0.9511305485880182,1324,7269,6594
2023-09-10,1.5018572257690088,1388,-0.5864213179946658,1443,6892,6420
2023-09-11,1.4968691296180323,1574,-0.6273557965853556,1682,7985,7794
2023-09-12,1.4912433894969819,1509,-1.7652689378269932,1657,8131,7991
2023-09-13,0.5851494830958376,1275,-2.1619478553805274,1314,7158,6986
2023-09-14,1.0058465128338083,1514,-1.7131188448144847,1565,7714,7641
2023-09-15,1.2481526531853433,1219,-1.2362335238548288,1259,6577,6416
2023-09-16,0.8897767773400869,975,-1.561971479896663,1002,5331,5254
2023-09-17,-0.06327265832385295,957,-1.6657880601621324,973,5274,4978
2023-09-18,1.0134650947757755,1820,-0.9670807143778017,1876,8652,8509
2023-09-19,0.9692556634304212,2152,-1.3236412664056794,2239,10197,10053
2023-09-20,1.1160410278100887,2148,-1.1346928325417616,2219,9457,9280
2023-09-21,1.1008313127814353,1678,-0.959663746421107,1709,8661,8420
2023-09-22,0.9711317659923457,1414,-1.1752907654542526,1458,7316,7171
2023-09-23,0.6953168685927305,757,-1.0147174483107904,769,4292,4134
2023-09-24,0.9246037215713298,845,-1.8011600402915138,885,4353,4265
2023-09-25,1.525467532467533,1524,-0.8137369847011287,1599,7700,7548
2023-09-26,1.538051964674263,1591,-0.5962532303172245,1665,7813,7615
2023-09-27,0.9906652023846887,1262,-1.0639954928645488,1291,6374,6245
2023-09-28,0.8605542095699587,1255,-1.3824023778585237,1314,6604,6512
2023-09-29,0.5616354234001293,1167,-1.1513549113093622,1197,6188,6081
2023-09-30,0.11942385087905101,832,-2.057822778866631,850,4721,4566
2023-10-01,-2.6011645267243946,1751,-4.807993768857162,1876,10047,9818
2023-10-02,-2.1359877913429544,1916,-3.8154634353131516,1952,10812,10659
2023-10-03,-1.14083217431618,1512,-3.0935046585193167,1568,8628,8476
2023-10-04,-0.5757424714434061,1788,-2.880062906809918,1831,9630,9468
2023-10-05,-1.0570707510225397,2124,-2.157784052169878,2286,11491,11319
2023-10-06,-1.704080459770115,2007,-2.7391931127124156,2091,10440,10281
2023-10-07,-1.145463637662523,1375,-3.7120497162216703,1427,6999,6850
2023-10-08,0.060457746478873045,1184,-2.756093660920227,1243,5680,5596
2023-10-09,0.11679806714140399,1571,-2.920121924837026,1628,7864,7698
2023-10-10,0.7454645168366791,1899,-2.9518938395309187,1934,9117,8988
2023-10-11,0.5096110512393457,2123,-3.002663339405809,2186,10207,9987
2023-10-12,1.2627084224027367,1803,-2.3928837650866046,1862,9356,9172
2023-10-13,1.119904216797104,1739,-2.417877486115976,1781,8561,8425
2023-10-14,0.7982501286670101,1181,-2.0157798370187425,1218,5829,5735
2023-10-15,0.2316386969397828,812,-2.377443657433796,824,4052,3917
2023-10-16,1.0613023952095813,1581,-2.721698065009251,1710,8016,7783
2023-10-17,0.6990027086924406,1558,-2.991208428937068,1616,8122,8008
2023-10-18,-0.3045800176834659,2369,-4.514229712232969,2529,11310,11132
2023-10-19,0.5445380089975774,1901,-3.1548685792133413,2062,8669,8571
2023-10-20,0.2816899316899318,1314,-2.3398847627633987,1382,6734,6487
2023-10-21,0.7403619909502259,1148,-2.0659216685991413,1167,5525,5336
2023-10-22,1.1321667746813573,931,-1.7976822198092686,971,4629,4464
2023-10-23,1.0123897058823532,1904,-0.6828620804859533,1981,10880,9586
2023-10-24,1.2607391304347833,1854,-1.4327615637607267,1919,9200,8951
2023-10-25,0.6560740808655003,2300,-2.777660408199187,2370,10907,10733
2023-10-26,0.5554230423042312,1813,-2.5983478909340816,1937,8888,8618
2023-10-27,0.37667306461932193,1502,-1.477356335460421,1562,7815,7345
2023-10-28,-0.07335125077527362,1933,-2.8424782015914682,2057,9674,9281
2023-10-29,0.8848188050930466,1694,-1.096910806698664,1723,8168,7985
2023-10-30,0.9047727577423251,1425,-0.9550433253536632,1452,7459,7282
2023-10-31,0.8054528771791852,1526,-1.5410059385571917,1568,7629,7484
2023-11-01,0.9707556427870466,1601,-2.309023514361177,1653,8152,8065
2023-11-02,0.8129920712199199,1348,-1.924712852427501,1437,7189,7042
2023-11-03,0.8166019955654112,1432,-1.475575960867769,1469,7216,7067
2023-11-04,0.36039603960396027,1979,-2.1681544093265517,2106,9696,9615
2023-11-05,0.20615739616225387,1762,-3.1266538731738223,1828,8234,8046
2023-11-06,0.7871327903358669,2501,-2.888906998572759,2646,10927,10845
2023-11-07,0.5215188494225325,1808,-2.0560412352234865,1885,9178,9005
2023-11-08,0.8593516560958429,1306,-1.0410665965779922,1354,7095,6774
2023-11-09,0.3992878560719641,1536,-1.9556923248829292,1585,8004,7849
2023-11-10,0.6708094948265375,1572,-1.8053532499575073,1621,8215,8072
2023-11-11,1.409754860524092,1249,-2.168270308162538,1281,5915,5812
2023-11-12,0.570046374367622,976,-2.201525791004949,1005,4744,4681
2023-11-13,0.8769160464812641,1366,-1.6731601469931714,1430,7659,7514
2023-11-14,0.955072796056403,1756,-1.6768519778394644,1808,8723,8534
2023-11-15,0.9236556898707802,1850,-1.8890549804930057,1940,9596,9323
2023-11-16,0.8355168457285908,1908,-2.1013990790450188,2004,9587,9437
2023-11-17,0.8689119703825593,1944,-2.172051927900229,2014,9724,9547
2023-11-18,0.52270836321905,1319,-1.8313462769706106,1376,6971,6812
2023-11-19,-0.21860834990059655,950,-2.7387900036812907,995,5030,4895
2023-11-20,1.1020678607834582,1310,-0.9930868906431233,1370,6867,6749
2023-11-21,1.3251708837990173,1623,-0.8282202168931073,1668,8339,8162
2023-11-22,1.011072247014836,1528,-1.0337102050692708,1568,8291,7622
2023-11-23,1.3192018630252982,1656,-1.1062059145661927,1874,9447,9139
2023-11-24,0.6912544901906604,1186,-1.124179072176109,1438,7238,7009
2023-11-25,0.7461325966850828,814,-1.3733604990847197,831,4344,4226
2023-11-26,1.1547352721849367,734,-1.268708198026061,763,4023,3838
2023-11-27,0.9282594131046499,1380,-1.5940325282313097,1431,7463,7140
2023-11-28,0.954702428916773,1633,-1.9929441925038047,1738,8687,8502
2023-11-29,0.8565183752417797,1968,-1.443168004931226,2067,10340,10140
2023-11-30,1.2199542682926834,1289,-1.203640682162372,1337,6560,6354
2023-12-01,0.7161394203447622,983,-1.674906305419904,1016,5279,5215
2023-12-02,1.0023882307986254,1043,-1.7884238667096872,1069,5234,5084
2023-12-03,0.5227369416213665,793,-1.973506327335163,820,4231,4084
2023-12-04,0.23118903242815725,1475,-2.1023412955445675,1527,7586,7420
2023-12-05,0.7112066612066612,1315,-1.334071811132421,1438,7326,7176
2023-12-06,0.3745369856936901,1806,-1.8667369545371166,1882,9017,8873
2023-12-07,1.3551094213649846,2089,-0.6081676192286359,2195,10784,10443
2023-12-08,1.3757269563264851,1640,-0.2691985248586593,1750,8907,8409
2023-12-09,0.3946836325605718,1149,-2.5980576932701833,1235,5737,5648
2023-12-10,0.26211302211302195,821,-2.5310799305217,845,4070,3987
2023-12-11,0.5380409197899692,1040,-1.491760424540624,1099,5523,5397
2023-12-12,0.8552252416560279,1009,-1.6291940422740188,1036,5483,5382
2023-12-13,0.22400823353293406,923,-1.695845736066473,984,5344,5156
2023-12-14,0.896299957633103,1362,-1.1967284934098823,1494,7081,6956
2023-12-15,0.6558672699849172,1304,-1.1974693517130166,1363,6630,6433
2023-12-16,1.400647637323099,729,-0.3002623115097722,757,4169,4055
2023-12-17,0.8774557578866373,760,-1.0468928288715793,779,3899,3844
2023-12-18,1.5325349922239508,1228,-0.12829453908238697,1275,6430,6251
2023-12-19,1.464705882352941,1357,-0.11748487255134916,1408,7293,7148
2023-12-20,1.0827636363636366,992,-0.745261786213969,1027,5500,5396
2023-12-21,1.0260232248239105,916,-1.0653323583214853,945,5253,5057
2023-12-22,0.48643578643578644,1029,-1.0222668751328732,1062,5544,5397
2023-12-23,-0.4159593544530781,810,-2.17594319314352,837,5019,4950
2023-12-24,-1.8067235323632715,703,-2.5189926152718254,721,3986,3934
2023-12-25,-1.381126644736842,830,-2.5174002691366857,863,4864,4733
2023-12-26,0.29610566037735886,1245,-1.6905100882392792,1298,6625,6456
2023-12-27,0.2738883742473362,1805,-1.9575724912696566,1843,8636,8527
2023-12-28,0.16850393700787375,1150,-2.225061804113371,1239,6223,6125
2023-12-29,-0.5290500591249507,894,-2.2556240612154173,917,5074,5005
2023-12-30,-0.48205727644652246,557,-2.313420197260193,568,3422,3280
2023-12-31,0.6450505780346821,453,-1.1682310753807,465,2768,2722
2024-01-01,-0.9086593970493906,613,-1.7809375428668732,617,3118,3068
2024-01-02,-0.8646336580808753,1333,-3.738564138650234,1371,7493,7340
2024-01-03,-0.12434991163847521,1517,-3.7293770882586443,1586,7922,7863
2024-01-04,0.5484210526315789,1133,-2.9689243684109896,1178,5985,5888
2024-01-05,1.0474144789180595,1394,-1.9821661235690669,1477,7542,7218
2024-01-06,1.4703631856881145,2044,-2.5719081108911928,2121,9279,9213
2024-01-07,1.4352723915050791,1239,-2.4803006279427033,1285,5415,5319
2024-01-08,1.0,900,-1.6763347045480972,915,4781,4707
2024-01-09,1.0072555777253764,1047,-1.20141080452554,1132,5513,5331
2024-01-10,1.1586715282181357,1166,-1.5590053006686133,1241,6308,6076
2024-01-11,0.8568951392681601,1315,-1.793080362811324,1390,7324,7018
2024-01-12,0.5116633996079528,1368,-2.3549722809344056,1421,7142,6932
2024-01-13,-2.48959618620303,1147,-4.027731051390698,1174,7132,6673
2024-01-14,-1.0759738627795925,752,-2.305422749053354,784,3979,3920
2024-01-15,-1.2752425614488994,1085,-2.723262670146945,1111,6184,6091
2024-01-16,-0.8755381303813038,1230,-3.0644767394457157,1244,6504,6410
2024-01-17,0.24050125313283185,1085,-1.497944884664334,1118,5985,5860
2024-01-18,0.6796422235363697,1203,-1.096919778189119,1247,6764,6600
2024-01-19,0.8761940022213998,953,-1.0183129678303273,997,5402,5253
2024-01-20,0.31452791581408945,605,-0.8878509470031103,627,3421,3362
2024-01-21,0.8308926261319536,739,-1.9676381927225954,746,3865,3795
2024-01-22,0.7413702733058783,927,-0.9711428725108089,951,5342,5202
2024-01-23,1.3899112284069093,1659,-0.7691558912026121,1733,8336,8168
2024-01-24,1.1816820512820523,1995,-0.7656702144108767,2112,9750,9600
2024-01-25,1.5814175171021647,1653,-0.6378601199429945,1737,8917,8752
2024-01-26,1.5205759539236865,1306,-0.6132706225164449,1352,6945,6813
2024-01-27,1.6986091298145518,951,-0.37336962459190143,1063,5608,5402
2024-01-28,-0.7336594646011682,1243,-3.3891280558514105,1369,7359,7206
2024-01-29,-0.20595251618766328,1539,-2.593460271142985,1663,8803,8605
2024-01-30,0.5716062176165804,1251,-1.226865950208738,1268,6755,6668
2024-01-31,1.006354055292501,1293,-1.284504297324679,1320,6547,6485
2024-02-01,0.3413892491713503,1195,-2.040730652460425,1234,6939,6794
2024-02-02,-0.024132050188817127,1450,-2.9649170960999283,1554,8209,8098
2024-02-03,0.46186363636363625,694,-2.1368595879131385,735,4400,4347
2024-02-04,0.08819518431706853,759,-1.6298612172026776,782,4693,4190
2024-02-05,1.3415157710280377,1266,-1.195436724595118,1432,6848,6691
2024-02-06,-0.12890235210263667,1439,-2.384133031748559,1540,8418,8211
2024-02-07,0.9213537595748011,1141,-0.8578119941184015,1177,6397,6271
2024-02-08,0.3405410062026187,970,-0.9786745016935823,996,5804,5647
2024-02-09,0.4708082706766916,915,-0.7417816550213574,935,5320,5100
2024-02-10,0.44492717847445074,712,-1.3310436078432117,731,4051,3913
2024-02-11,0.8851851851851851,575,-0.6560914306509108,600,3321,3262
2024-02-12,1.0937123493975909,931,-1.0667039751943164,954,5312,5208
2024-02-13,0.8677963156065357,1117,-1.523357423084337,1176,5754,5479
2024-02-14,1.550289872949301,1694,-0.9485015988592728,1769,8107,7950
2024-02-15,1.2332331238043193,1398,-0.694216545773991,1430,7318,7157
2024-02-16,1.0292057416267946,974,-0.7204761273272151,987,5225,5109
2024-02-17,0.4503786816269285,639,-0.8501092090424434,648,3565,3535
2024-02-18,0.8304201165286722,560,-0.5906843874030483,568,3261,3160
2024-02-19,0.8284882663270878,999,-0.2558767053729909,1022,5497,5296
2024-02-20,1.0415686274509808,1188,-0.49876888508400263,1218,6375,6227
2024-02-21,-0.0939252336448614,1284,-0.7181599019662832,1314,7918,6948
2024-02-22,1.1620442505453428,1215,-0.6225868699609501,1240,6418,6271
2024-02-23,1.1063470496894414,1005,-0.8141242145564098,1023,5152,5079
2024-02-24,0.7305821837736729,763,-0.9111960524978413,775,4277,4138
2024-02-25,0.5128126906650395,568,-0.8611796697305325,584,3278,3193
2024-02-26,1.2468308381138955,1324,-0.3693606490385317,1381,7147,7006
2024-02-27,0.2725457570715473,981,-0.841171548101945,1003,5409,5285
2024-02-28,0.8008117141492923,1139,-0.95560552127605,1178,6283,6141
2024-02-29,0.7082085168869312,1180,-0.9471671851738618,1227,6810,6728
2024-03-01,1.0084417119886506,1577,-0.7482607725080822,1639,8458,8273
2024-03-02,1.4841756298806552,1242,-0.5488216254828183,1280,6787,6588
2024-03-03,1.0825825825825834,982,-0.6857275209730007,997,4995,4891
2024-03-04,1.2988824249846915,1265,-0.6957502902215245,1292,6532,6422
2024-03-05,0.591356262167424,1475,-1.8830342036189227,1542,7705,7515
2024-03-06,1.1333019312293922,1144,-0.6509697126730092,1185,6369,6282
2024-03-07,1.6314226159458052,1469,-0.6015061267791693,1539,7676,7527
2024-03-08,1.827720104604169,2593,-0.2449612634892031,2737,12619,11982
2024-03-09,2.0050549450549457,1913,-0.7625227278262294,1972,9100,8968
2024-03-10,1.5376879515719593,1032,-1.106901466492714,1060,5121,5008
2024-03-11,0.865127140633108,1068,-0.8767205225415321,1125,5781,5723
2024-03-12,0.9294846050870151,1124,-0.6167715556209348,1158,5976,5870
2024-03-13,1.2947777101096245,1279,-0.4394653432714747,1318,6568,6473
2024-03-14,1.2660371564563182,1198,-0.7350992772085339,1267,6513,6419
2024-03-15,0.9798398576512467,1056,-0.9702685604955101,1125,5620,5543
2024-03-16,0.34774718397997484,565,-0.9698562266983743,577,3196,3098
2024-03-17,0.23867541393314587,525,-0.6332717128541772,537,3201,3109
2024-03-18,-0.052755654667091326,1100,-0.27472183143003215,1129,6278,5793
2024-03-19,0.8380038725576491,1114,-1.1970923349774398,1150,5681,5605
2024-03-20,0.7595282224094361,1012,-1.40897551622087,1044,5935,5816
2024-03-21,0.9232595252343908,866,-0.45935912036374016,889,5013,4862
2024-03-22,0.6233532934131738,861,-0.9548294277374374,880,5010,4919
2024-03-23,0.28425440686040954,738,-3.8109641022832292,763,4198,4120
2024-03-24,0.49046329723225024,561,-1.4283440425893104,575,3324,3302
2024-03-25,0.4452033250954842,791,-1.7410855631616982,823,4451,4393
2024-03-26,0.282602048616419,1110,-2.030518812814473,1150,6541,6230
2024-03-27,0.2225066934404283,1071,-1.1090808776283978,1114,5976,5880
2024-03-28,0.6843607097128234,999,-1.1094845994509888,1022,5467,5339
2024-03-29,1.2842521008403371,1168,-0.8949416077576667,1204,5950,5886
2024-03-30,0.26824120603015056,684,-1.14838696364814,696,3980,3855
2024-03-31,0.16548876512387173,901,-1.1595431410234678,951,5207,5031
2024-04-01,0.5176937362822892,1042,-0.5269846238572314,1069,5923,5702
2024-04-02,0.0938542730677562,999,-1.6501931493150273,1036,5874,5620
2024-04-03,0.10934715025906724,883,-1.197553146193499,947,4825,4696
2024-04-04,1.0347460791635557,1009,-0.4587524594347031,1033,5356,5243
2024-04-05,0.7701324503311262,1163,-0.7517462457980474,1184,6040,5880
2024-04-06,0.5540804728347352,740,-1.2632706745482842,759,4399,4263
2024-04-07,0.5826607291956583,642,-1.223316047810629,654,3593,3486
2024-04-08,1.089551607445009,884,-0.8696114718693209,892,4728,4618
2024-04-09,0.6695915279878977,1298,-1.9782775475721155,1374,7271,7128
2024-04-10,1.0226965882138301,1063,-2.013258294101166,1121,5481,5395
2024-04-11,1.0122845779938139,842,-1.858934581373561,863,4526,4409
2024-04-12,0.44867176947321014,809,-1.9648497214736738,829,4442,4345
2024-04-13,0.1274589187901881,645,-2.586495661203754,691,4199,4017
2024-04-14,-0.19512365842277182,787,-3.104320836224749,805,4286,4162
2024-04-15,0.5878599661208357,984,-2.003329241434161,1032,5313,5255
2024-04-16,0.6913006029285097,1118,-2.044725519294967,1142,5805,5723
2024-04-17,0.969641561456973,1351,-2.201469415610428,1384,6891,6700
2024-04-18,0.9435668600327238,1226,-1.4365526694491473,1245,6723,6497
2024-04-19,1.2708989104116228,1248,-1.1747882798058589,1296,6608,6497
2024-04-20,1.5063829787234058,1413,-1.656457093435192,1452,6439,6330
2024-04-21,1.190998162890387,1372,-2.0167504374222514,1416,6532,6454
2024-04-22,1.2875139127795223,2014,-0.9500225512323383,2151,9883,9552
2024-04-23,0.5219488428745436,1589,-1.3611811747787388,1635,8210,8011
2024-04-24,0.3131413030040793,1549,-1.8815897267024586,1619,8089,7914
2024-04-25,0.4643160345063677,1370,-1.4221609358553153,1413,7303,7107
2024-04-26,0.34827702702702706,1752,-1.7247199100969535,1847,8880,8667
2024-04-27,0.42349284099472506,1009,-0.9254760488610752,1023,5308,5202
2024-04-28,0.6394965675057214,771,-1.3611821952671845,783,4370,4212
2024-04-29,1.2056844390177721,1390,-0.5896841043439417,1451,7371,7179
2024-04-30,0.41804001356392034,976,-0.9816792707843494,1001,5898,5607
2024-05-01,0.5224430157802457,1217,-2.228899235320321,1338,6844,6677
2024-05-02,0.7333163784333678,1490,-2.3809803610227886,1518,7864,7698
2024-05-03,0.24171833480956584,1513,-2.535529576195191,1551,7903,7809
2024-05-04,0.45476839237057215,809,-2.3940348762185883,819,4404,4345
2024-05-05,0.02330018812147277,737,-1.4537393411362738,748,3721,3670
2024-05-06,1.3803212851405624,1000,-0.8294638738550283,1035,5478,5370
2024-05-07,1.0812267657992574,1074,-1.0460324947141328,1116,5918,5698
2024-05-08,0.9035922766052991,1221,-0.5569999326266225,1257,6681,6607
2024-05-09,0.8111163745460293,1084,-1.15199238240104,1120,6333,6186
2024-05-10,0.44451970443349775,819,-1.3140947641785186,848,4872,4762
2024-05-11,1.0370614035087717,587,-0.6669284889256905,613,3648,3564
2024-05-12,1.0850987432675059,850,-1.0896182933488168,900,4456,4402
2024-05-13,1.3063666044776139,1689,-1.0990205854917283,1767,8576,8270
2024-05-14,0.7913623276253977,1253,-1.6954931603668897,1285,6599,6453
2024-05-15,0.35584072172966213,1170,-1.9846524615716106,1203,6429,6256
2024-05-16,0.35664211674849966,1330,-1.6132439651481172,1405,7332,7136
2024-05-17,0.5292893153358273,1084,-1.5171683908149574,1106,6149,6008
2024-05-18,0.9005379388448469,619,-0.9494859768933597,633,3532,3464
2024-05-19,1.3586149053438774,722,-1.1932229455260281,742,4173,4050
2024-05-20,1.2232194103835128,1435,-1.336922219797478,1467,7666,7487
2024-05-21,1.4888227725956913,1159,-0.7358856484673888,1176,6218,6045
2024-05-22,1.1777351542120624,1278,-0.9795837719106275,1309,6517,6363
2024-05-23,1.161695644380713,973,-0.867969373008577,995,5579,5531
2024-05-24,0.9773631840796021,914,-0.9228566294766849,943,5226,5141
2024-05-25,1.1350058004640373,619,-0.7879810711551539,637,3448,3384
2024-05-26,-0.17774193548387096,504,-1.4443614750778844,523,3100,3037
2024-05-27,0.08614784305224348,792,-1.905477946656415,826,4613,4582
2024-05-28,0.2462962962962962,909,-1.7532698881314177,938,5130,5012
2024-05-29,0.4449301861702129,1109,-1.488222756423559,1143,6016,5941
2024-05-30,1.0040898301990147,923,-1.6129093881694214,954,5477,5110
2024-05-31,0.4451527725386645,987,-1.0533602848189354,1018,5302,5183
2024-06-01,0.590110468174645,672,-1.116008641143284,689,3802,3730
2024-06-02,0.07657797029702972,605,-1.6740720382690288,612,3232,3091
2024-06-03,0.5122386445565975,926,-1.376080155421738,1020,5548,5425
2024-06-04,0.7769984447900476,1204,-0.5633414459109748,1281,6430,6260
2024-06-05,0.9747492720802332,1050,-0.496806111491075,1101,6182,6037
2024-06-06,1.2004044311587838,985,-0.16979100910227324,1003,5687,5432
2024-06-07,1.386847563083305,1075,-0.10988403959612411,1114,5786,5669
2024-06-08,1.6775669907517192,770,-0.14894564953245326,780,4217,3983
2024-06-09,1.0156436156436168,726,-0.7236927171057499,744,3861,3758
2024-06-10,1.2710521327014217,974,-0.16831920255886557,997,5275,5165
2024-06-11,0.957732768095462,1069,-0.367546928956549,1094,6369,6145
2024-06-12,0.9712163723386703,1110,-0.6891304363330775,1134,6059,5896
2024-06-13,1.0442975942975947,1243,-0.5168448144620637,1321,6734,6519
2024-06-14,1.0141068759342309,985,-1.0808465616075182,1020,5352,5277
2024-06-15,0.36994031470428634,687,-1.0945590245968,719,3686,3616
2024-06-16,0.3689126084056038,580,-1.876110956968455,585,2998,2952
2024-06-17,0.5358184764991893,798,-2.174747011440565,821,4319,4231
2024-06-18,0.28497773611436594,782,-2.5417675887051927,799,4267,4202
2024-06-19,0.4886126704089816,695,-1.7149591136870121,704,3741,3679
2024-06-20,1.1640423704551963,666,-1.1242730024306462,673,3493,3410
2024-06-21,0.25065956367326236,674,-1.6170108449277252,707,3942,3829
2024-06-22,0.306922218087086,441,-1.8612228582472707,452,2687,2646
2024-06-23,0.16531007751937957,363,-1.3841174535012941,369,2064,2001
2024-06-24,0.31686292981629754,729,-1.371759099097385,741,4246,4187
2024-06-25,0.36581706435285594,1016,-2.331890053149065,1048,5532,5475
2024-06-26,0.1938094414663668,1019,-1.4977729892461769,1045,5783,5626
2024-06-27,0.23135700126148842,950,-1.2807443514163777,986,5549,5420
2024-06-28,1.115309446254071,925,-1.170843084057848,954,5219,5080
2024-06-29,1.0433598531211747,575,-0.7678840298394771,584,3268,3180
2024-06-30,0.8276217902567802,724,-1.9157994782356789,755,4167,4095
2024-07-01,0.26843247383201446,1425,-3.1245168987608,1488,7834,7649
2024-07-02,-0.24650069859011822,1475,-3.2680773117337427,1525,7873,7807
2024-07-03,0.6386489622276662,1589,-1.7081705427248048,1634,7757,7666
2024-07-04,0.907545442657252,1548,-1.3407614453817276,1591,7647,7474
2024-07-05,0.8676073809893017,1269,-1.1033929796784439,1295,6449,6334
2024-07-06,1.1834292565947246,718,-0.3534563099606159,732,4170,4100
2024-07-07,0.9712785388127858,824,-1.1257444951154423,865,4380,4253
2024-07-08,1.1696748264523207,961,-0.6102734170129687,991,5474,5398
2024-07-09,1.3926266510616958,1155,-0.9535604310265238,1196,5981,5923
2024-07-10,0.959051306873185,1145,-0.7270783042612458,1197,6198,6087
2024-07-11,0.5701077073716606,1438,-1.2633007901056896,1469,7149,7009
2024-07-12,0.7201780787559571,1629,-1.1024204909784208,1744,7974,7793
2024-07-13,0.6268362201271651,930,-1.3230440689105007,944,4561,4542
2024-07-14,0.5100357568533969,919,-2.032896768386746,933,4195,4150
2024-07-15,0.883071827057183,1076,-1.6020283486609945,1107,5736,5656
2024-07-16,0.49365988544341294,905,-1.3928407866514334,931,5063,4921
2024-07-17,0.7908622398414273,840,-1.4293610441416924,874,5045,4887
2024-07-18,0.0780689440024954,1185,-1.3311085360621593,1247,6411,6322
2024-07-19,0.7234776487152411,980,-1.2340683713430134,1014,5682,5581
2024-07-20,0.3621775251421077,1231,-1.3245625958854466,1341,6861,6800
2024-07-21,0.17025641025641025,939,-1.8938485991217129,971,5070,4979
2024-07-22,0.8994340359094463,924,-1.377065798743886,947,5124,5028
2024-07-23,0.18290886775084378,1156,-0.9541671860276271,1205,6518,6261
2024-07-24,0.6079271216237815,1172,-1.604891479501646,1220,6257,6106
2024-07-25,1.2907153075822613,1278,-2.04463502368781,1332,6990,6713
2024-07-26,0.4644747657405885,1057,-2.0173840750095273,1098,6083,5739
2024-07-27,-0.15514142215173182,652,-1.1503918466703171,668,3783,3722
2024-07-28,0.2226772759185585,810,-1.5964506305140675,826,4273,4202
2024-07-29,0.5336130692626162,1788,-2.375284085624967,1839,8937,8793
2024-07-30,0.33867898510755673,1363,-1.7600434403856369,1433,7252,7122
2024-07-31,-0.32069224981188726,1929,-3.8928705912168713,2065,9303,8999
2024-08-01,1.0087949621090841,1794,-2.774305108139522,1892,9369,9002
2024-08-02,0.4824059561128528,2031,-3.2640519921370292,2105,10208,9957
2024-08-03,-0.3274025709038971,884,-2.6374017988214806,911,4901,4677
2024-08-04,0.582569234349546,714,-1.5084696521657555,735,4297,4006
2024-08-05,0.8278918449971093,1269,-2.7481221984449893,1318,6916,6693
2024-08-06,0.4200113700966456,947,-2.343143914317553,973,5277,5164
2024-08-07,0.8455736750145606,1219,-3.024665022426434,1268,6868,6745
2024-08-08,0.6098067545602315,988,-2.5796090454311935,1002,5537,5406
2024-08-09,0.18275146254010177,943,-2.108666641934294,984,5299,4909
2024-08-10,-0.02728764874846135,830,-2.34738326089534,875,4874,4702
2024-08-11,-0.2140326975476836,816,-2.5001965545552953,849,4404,4355
2024-08-12,0.9859354838709681,1007,-1.180671402905943,1019,5425,5224
2024-08-13,1.0102522109400596,1067,-1.620934145048993,1154,6106,5907
2024-08-14,0.8595672533505574,1154,-1.3416761266712702,1197,6193,5781
2024-08-15,1.1400767018216689,1485,-1.857181913057495,1568,7301,7159
2024-08-16,0.10221994535519122,1065,-2.2958663947303206,1098,5856,5634
2024-08-17,-0.17330729166666667,654,-2.338009209778636,669,3840,3756
2024-08-18,-0.04892830746489292,695,-1.2831394418203272,712,4059,4018
2024-08-19,-0.16284779050736528,747,-1.9286784755696407,766,4277,4167
2024-08-20,0.5028465632955333,772,-0.9486226897109614,793,4321,4243
2024-08-21,0.9956982670744146,804,-1.2620022790746661,830,4905,4634
2024-08-22,1.0038123167155426,791,-1.003629690374387,834,4774,4596
2024-08-23,0.10359638306617319,840,-1.3228824690783656,859,4866,4811
2024-08-24,0.060124101894186814,498,-1.3864697655927902,517,3062,3024
2024-08-25,0.5661960132890362,681,-1.247944390568475,693,3612,3563
2024-08-26,0.4454975236380007,760,-1.1854968169140065,781,4442,4296
2024-08-27,0.4887296289024148,916,-1.4620697019924478,928,5093,4896
2024-08-28,0.9344852411807058,1022,-0.8043830986528271,1041,5556,5449
2024-08-29,0.7781730769230768,1127,-0.5933043767267251,1166,6240,6116
2024-08-30,0.8360190236396712,1145,-0.738405965490773,1190,7149,6909
2024-08-31,0.6079344820251011,771,-1.2533045637846563,791,4701,4285
2024-09-01,0.43892321270962037,648,-1.5499802623977783,659,3399,3351
2024-09-02,0.5589626933575983,1102,-0.9486516845746817,1125,6594,6385
2024-09-03,0.11669233503139427,1493,-1.3606685377374652,1538,8441,8132
2024-09-04,1.091670137442733,1794,-0.2663357239914224,1922,9604,9255
2024-09-05,0.8121058404167812,1361,-0.555726432632087,1403,7294,7083
2024-09-06,-0.05610058218753833,1542,-1.9211600123404082,1601,8073,7916
2024-09-07,-0.17143109540636023,1205,-3.208156818473327,1235,5660,5458
2024-09-08,-0.21564033913431496,874,-2.383216857188423,892,4482,4406
2024-09-09,0.290866025166543,1296,-1.9021659608564914,1346,6755,6650
2024-09-10,0.08984855300644772,1252,-1.9770263344782415,1287,6669,6519
2024-09-11,0.6031266702298244,1519,-1.166152661461983,1548,7484,7283
2024-09-12,0.07288444040036365,1430,-1.735014275399231,1499,7693,7436
2024-09-13,0.004676573426573403,1303,-1.9098200387758923,1358,6864,6656
2024-09-14,-0.37662801070472784,1032,-2.3200510034782833,1124,5605,5538
2024-09-15,-0.6672797676669894,733,-1.5224131170718829,769,4132,3914
2024-09-16,0.04458908101806882,888,-1.2545695093076041,909,5147,4920
2024-09-17,0.44355306799336647,784,-1.0766257487993218,799,4824,4572
2024-09-18,0.2440410152966882,977,-2.1827862828340354,1007,5949,5772
2024-09-19,0.9015403573629083,1121,-2.0166868842992387,1168,6492,6328
2024-09-20,0.5043332676777623,847,-1.1703823968528233,900,5077,4913
2024-09-21,0.5644927536231883,832,-1.9238938611918721,870,4692,4607
2024-09-22,1.1378247734138975,635,-1.4420194205926569,642,3310,3259
2024-09-23,0.6175033517056461,1259,-1.2830468934546957,1308,6713,6567
2024-09-24,0.9190836485918461,1873,-1.9998668019172876,1993,9516,9319
2024-09-25,0.9735802744616765,1789,-0.7618729363028203,1840,8963,8764
2024-09-26,0.6446551315477606,1668,-1.230899457619358,1742,8438,8314
2024-09-27,0.5796078954387841,1492,-0.982209612795808,1570,7498,7300
2024-09-28,0.4619321563181909,971,-2.6988872006635027,1001,5041,4907
2024-09-29,0.2976808905380335,542,-1.1553211970739092,552,3234,3154
2024-09-30,0.26593652983787525,967,-1.106519192294394,1002,5798,5382
2024-10-01,0.4943399184697398,1131,-1.9481551102001957,1184,6378,6223
2024-10-02,-0.1657570093457945,993,-2.4341647353601696,1028,5350,5262
2024-10-03,0.6265233644859816,927,-1.6638136005114585,984,5350,5281
2024-10-04,0.13556962025316446,959,-1.2975077684465357,985,5530,5316
2024-10-05,0.028621495327102637,563,-0.7505202577372486,574,3424,3348
2024-10-06,-0.10580010357327822,655,-1.3643821801970777,667,3862,3727
2024-10-07,0.17241838774150542,1065,-1.682927529151763,1101,6004,5789
2024-10-08,-0.3786287732819521,1095,-2.4912600201656114,1152,6228,6027
2024-10-09,0.5938818289008257,1366,-2.104065088410817,1431,7633,7435
2024-10-10,0.7979406631762651,1623,-1.2239572161717893,1714,8595,8427
2024-10-11,1.1442361019411078,1411,-0.79039208411554,1453,7573,7363
2024-10-12,0.748954412379757,823,-1.064913004797412,847,4782,4683
2024-10-13,0.6310019518542616,533,-0.7985456375480692,541,3074,2972
2024-10-14,0.5663931144915932,891,-0.6608414611458526,911,4996,4884
2024-10-15,0.842369054786274,1186,-1.4454241570043878,1214,6644,6174
2024-10-16,0.1491989818835154,1193,-1.6727080464768311,1259,6679,6621
2024-10-17,0.8808114812189937,990,-1.4832667059225104,1019,5644,5568
2024-10-18,1.0984453838810866,1355,-0.9932730259642377,1412,7333,7030
2024-10-19,1.0689060092449933,1234,-2.065697239093213,1265,6490,6338
2024-10-20,1.3046915317851278,763,-0.7760103396847934,791,4263,4112
2024-10-21,0.10072012693762963,1581,-2.4646030184194005,1692,8193,8005
2024-10-22,0.9292632163174694,1370,-1.0298359223665725,1417,7207,7070
2024-10-23,-0.8748616874135551,2081,-3.8973923910738,2178,11568,11366
2024-10-24,-2.17234328122533,2299,-4.418993801797763,2370,12666,12344
2024-10-25,-1.0600473260766703,1995,-2.89508551248746,2063,10565,10217
2024-10-26,-0.03949095247564131,840,-2.2648758397110287,872,5029,4887
2024-10-27,-0.3798017348203222,735,-2.5750615130492736,747,4035,3856
2024-10-28,-0.11488784370477576,942,-1.2027609196882159,970,5528,5372
2024-10-29,0.5895354150799701,1145,-0.47775424783859843,1185,6565,6309
2024-10-30,0.21092119195280587,1118,-0.8478536043261453,1159,6611,6430
2024-10-31,0.5718543637337143,1000,-0.8983078122613554,1030,5603,5462
2024-11-01,1.1683489653118966,1210,-0.9559407145371054,1249,6717,6619
2024-11-02,0.32626832018038326,632,-1.353530347893395,642,3548,3430
2024-11-03,0.6770284237726096,669,-1.3481842922029645,683,3870,3761
2024-11-04,0.7001851540144761,1084,-1.1486180407498527,1108,5941,5834
2024-11-05,1.459467721632801,1018,-0.22920604887930218,1035,5561,5414
2024-11-06,1.9267747440273055,1105,0.6966772953596362,1128,5860,5727
2024-11-07,0.8599647266313939,1031,-0.4254087327191235,1053,5670,5506
2024-11-08,0.9379929824561409,1308,-0.49584470958410143,1367,7125,6929
2024-11-09,0.8179757630161582,773,-0.9883338058138035,787,4456,4339
2024-11-10,0.5261106974435346,693,-1.420341980913423,700,4029,3911
2024-11-11,0.82398310735719,864,-0.7193140307378575,889,4499,4445
2024-11-12,0.94702868852459,950,-0.5463842687451276,962,4880,4752
2024-11-13,0.5642339994207931,1289,-0.643351855120767,1353,6906,6719
2024-11-14,1.0445446210268956,1141,-0.16715864393486723,1168,6544,6284
2024-11-15,1.2254754842086906,979,-0.0450765367800751,1010,5731,5508
2024-11-16,0.6989750445632805,739,-0.7588418943334128,772,4488,4361
2024-11-17,0.23530594015185333,805,-1.198461890215614,821,4478,4418
2024-11-18,0.8334222560975615,1523,-2.060597557779382,1576,7872,7695
2024-11-19,0.8230625292374866,1256,-1.5747332097815696,1278,6413,6276
2024-11-20,0.5133037354562155,1161,-1.4833761663329676,1184,6532,6439
2024-11-21,0.033339228864520495,937,-1.5817940788367753,958,5654,5439
2024-11-22,1.180381086803105,992,-0.8771054057084395,1026,5668,5473
2024-11-23,0.9431266261925412,780,-0.8874901225410256,826,4612,4494
2024-11-24,0.7787172480308634,1179,-0.787967995491149,1211,6221,6020
2024-11-25,0.5330330330330334,1349,-1.307098077078229,1400,7659,7453
2024-11-26,0.750648097076669,1336,-1.232324173876999,1389,7252,7138
2024-11-27,1.107765391436535,1390,-1.0030058491919336,1419,7894,7646
2024-11-28,0.5970987654320993,1493,-1.1458249010418333,1553,8100,7885
2024-11-29,0.5562228850325385,1296,-1.7965387806702646,1384,7376,7169
2024-11-30,0.8246906035141333,1309,-3.1048376261758652,1368,6545,6467
2024-12-01,0.5870035518243465,1248,-3.268260434797613,1333,6194,6082
2024-12-02,0.7743652996196944,2034,-3.080216022420399,2099,9729,9515
2024-12-03,0.8258830178016393,2249,-2.7341875992756632,2316,10617,10327
2024-12-04,0.4952625017315424,1389,-2.069497106250282,1446,7219,6992
2024-12-05,1.0453247965853014,1388,-1.600859939938844,1431,7497,7297
2024-12-06,0.8358266843971637,1761,-2.324587960308826,1888,9024,8895
2024-12-07,1.7212417160795237,1935,-3.246129172863836,2026,8601,8461
2024-12-08,1.2989146377236738,2279,-3.3568876092069195,2575,10227,10004
2024-12-09,0.571320495185696,2749,-2.870756198500992,2986,13086,12910
2024-12-10,0.1443484155227926,2368,-2.4871655229156953,2466,11802,11575
2024-12-11,0.6170569148469703,2401,-2.1863483702787323,2533,11403,11256
2024-12-12,1.1346615538512819,2526,-1.5764453526378708,2633,11996,11798
2024-12-13,1.2369478565037022,2528,-1.7173280493665053,2714,12293,12071
2024-12-14,1.3101269980293415,1895,-1.8062671661240246,1953,9134,8935
2024-12-15,1.6212599359354587,1690,-1.8679363284125725,1724,8429,8169
2024-12-16,1.0505520319473804,1601,-1.7722187785535846,1638,8514,8214
2024-12-17,1.0425056947608193,2174,-1.8271738856326318,2234,10975,10646
2024-12-18,0.9382780686445613,1980,-1.5252288510747851,2123,10314,10076
2024-12-19,0.41041776837652033,1856,-1.5755519185019025,1904,9455,9236
2024-12-20,0.5296965918536998,1884,-1.981211855030844,1943,9624,9374
2024-12-21,0.49687554547041374,1039,-1.2831071064685906,1074,5729,5568
2024-12-22,0.8139287298536159,1282,-1.7175619290128847,1328,6763,6619
2024-12-23,0.45635071090047497,1557,-1.5273450007705989,1615,8440,8216
2024-12-24,0.9170200023954975,1556,-1.3320560205251566,1596,8349,8149
2024-12-25,0.5363522210014137,1191,-1.4470432934607242,1233,6371,6280
2024-12-26,0.8264972144846807,1070,-1.3038521902702132,1096,5744,5588
2024-12-27,0.9993458274398876,994,-1.1610027067107547,1022,5656,5522
2024-12-28,0.49847036328871946,764,-1.3644988347892095,803,4707,4550
2024-12-29,-0.06326350606394705,791,-1.4900266720385802,832,4535,4408
2024-12-30,0.4290642201834865,1031,-1.6640113464053894,1058,5450,5346
2024-12-31,0.814035087719299,932,-1.2370580789059125,975,5130,5025
2025-01-01,-0.02415792379900628,612,-1.244193604032866,635,3622,3554
2025-01-02,0.07290514674606552,832,-2.0790395871885132,849,4702,4589
2025-01-03,-0.5278208440999141,830,-1.8846082941454092,849,4644,4576
2025-01-04,0.17638737758433076,639,-1.3454132151392146,662,3676,3616
2025-01-05,-0.10564399421128802,735,-1.8702167205760316,770,4146,4036
2025-01-06,0.37720225510923233,1052,-1.1545497353689813,1072,5676,5466
2025-01-07,0.3589156448515289,1254,-1.6434573658067246,1291,6769,6624
2025-01-08,0.07237237237237273,1326,-1.9046546006102238,1359,7326,7163
2025-01-09,0.2252469813391876,1112,-1.6256242202733882,1145,6377,6262
2025-01-10,0.24273033907331795,1085,-1.6466131761399736,1117,5633,5548
2025-01-11,0.31374733349134853,764,-1.1223343296775783,783,4219,4079
2025-01-12,0.5543076923076923,822,-1.3893870047247785,859,4550,4458
2025-01-13,0.34434063959755623,1141,-1.8752307057198416,1172,5566,5517
2025-01-14,0.9047636103151866,1027,-1.5706855239306288,1061,5584,5453
2025-01-15,0.7796996996997004,1175,-0.9208628149971991,1248,6660,6519
2025-01-16,1.0644437267883105,1224,-1.0896517308461882,1257,6193,6046
2025-01-17,0.2217743611053397,900,-1.4603793995135672,917,4813,4665
2025-01-18,0.8502860256061024,677,-0.8287659021372558,685,3671,3537
2025-01-19,0.6019428571428572,657,-1.1969951966193093,663,3500,3431
2025-01-20,0.9164110201042444,1180,-0.25688728304722963,1202,6715,6421
2025-01-21,0.3703908895044628,1269,-1.6548067237252235,1298,6498,6416
2025-01-22,-0.10623238333855338,1260,-2.2633357359791613,1323,6386,6315
2025-01-23,0.4177190032105185,1237,-1.2860279706017606,1279,6541,6405
2025-01-24,0.530132337970819,1070,-1.3340836342781817,1103,5894,5522
2025-01-25,0.3405199579831934,677,-1.8092237518929006,716,3808,3730
2025-01-26,0.5530053258939891,744,-1.7529016811798033,758,3943,3843
2025-01-27,0.574460903806488,971,-1.4188829733455557,1005,5333,5229
2025-01-28,0.5423746701846965,954,-1.4625509846769724,966,5685,5456
2025-01-29,0.6780397222670764,1093,-1.253278989848145,1114,6193,6016
2025-01-30,0.6476860779020447,967,-1.7500716303751047,994,5186,5060
2025-01-31,0.8843961737744117,900,-0.9681023224805896,926,5018,4903
2025-02-01,0.0923239012642987,542,-1.0593751947434582,548,3322,3179
2025-02-02,0.6444195873726074,734,-1.4218894505504904,755,4023,3978
2025-02-03,0.7100677637947727,1196,-1.6103344382264544,1233,6198,5937
2025-02-04,1.879980761008975,1796,-1.2175559081139464,1880,9356,9146
2025-02-05,0.6817050067659003,1546,-1.694349861359115,1569,7390,7200
2025-02-06,0.4450832332246436,1176,-1.5306082564707575,1217,5827,5712
2025-02-07,-0.2516094649328503,857,-2.013178495353893,896,4691,4634
2025-02-08,0.42830188679245257,581,-1.1139291612267053,590,3392,3289
2025-02-09,1.0968690443778932,746,-1.1554805500059246,760,3673,3590
2025-02-10,0.7063199586705715,1198,-1.1511019317610074,1219,5807,5674
2025-02-11,0.5413292847503378,1087,-0.7528136485961402,1101,5928,5729
2025-02-12,1.5536345207066327,1351,0.7609729829298244,1382,6906,6698
2025-02-13,1.0737647433854003,1304,0.774359343547785,1345,6274,6109
2025-02-14,0.7791725601131544,1113,-0.6742057852152472,1125,5656,5490
2025-02-15,0.10874604847207578,705,-1.4565277556522813,723,3796,3707
2025-02-16,0.5286883010635395,640,-0.7611520106420323,660,3667,3528
2025-02-17,1.643221063429648,1187,-0.5252505357938506,1255,5849,5765
2025-02-18,1.3829022271047637,1961,-0.38620261488266594,2022,10013,9780
2025-02-19,0.9680391547545061,1296,-0.982589034862579,1334,6436,6345
2025-02-20,0.6673690799081996,900,-1.1422267416330543,914,4793,4711
2025-02-21,0.7775456919060056,856,-0.8940441771588702,868,4596,4491
2025-02-22,0.23290801186943633,628,-1.0991105979794256,636,3370,3340
2025-02-23,0.9903339604891814,765,-0.8766266071682075,781,4252,4104
2025-02-24,1.217551380658178,1475,-0.8468778973162874,1544,7931,7722
2025-02-25,0.7703786191536749,1226,-0.5532435071663734,1240,6286,6122
2025-02-26,1.6573672301344333,1355,-0.5038240828114398,1385,7513,7442
2025-02-27,1.0621157323688977,2507,-0.8955037709095925,2687,13272,13020
2025-02-28,1.7222019464720197,1780,-0.8186198124970235,1953,9864,9706
2025-03-01,1.4353809649354072,1463,-0.9802712747019355,1569,7586,7474
2025-03-02,0.8943159714717965,998,-1.707852232949037,1026,4627,4543
2025-03-03,1.0660636069320133,938,-0.9166681219219251,967,5251,5112
2025-03-04,0.3509594526948105,1034,-1.160734701203686,1104,5993,5870
2025-03-05,0.6685002507941818,1112,-1.2014852392248294,1157,5981,5906
2025-03-06,1.2606969736669726,1313,-0.0893519861503608,1365,7633,7438
2025-03-07,1.0807881773399026,1222,-0.5234602367907637,1275,6699,6452
2025-03-08,0.046558872305140615,914,-1.8758096549730383,944,4824,4691
2025-03-09,-0.1854526695898891,681,-2.279939778358279,696,3877,3769
2025-03-10,0.11297635333203052,898,-2.0281267316383755,931,5117,5039
2025-03-11,0.7185120772946867,949,-0.8362597276020709,971,5175,5119
2025-03-12,1.1269437202883001,1211,-0.25392285068474585,1230,6521,6371
2025-03-13,0.9830232175201715,1206,-0.4339022233899494,1239,6073,5882
2025-03-14,0.912377850162867,1060,-0.7062764133278744,1100,5526,5434
2025-03-15,0.4031957013574661,624,-1.1603321999186345,646,3536,3446
2025-03-16,1.088118811881189,853,-1.3009918941375398,889,4545,4452
2025-03-17,0.33760873003321207,1206,-1.029637092785244,1242,6323,6224
2025-03-18,0.6308137851143935,1401,-1.7343589575075322,1441,6906,6757
2025-03-19,-0.47524519419380157,1360,-3.058188504633189,1398,7647,7449
2025-03-20,-0.6276026392961874,1469,-2.838007484646309,1518,8184,8060
2025-03-21,-0.7488268021286888,1328,-3.302167654262124,1388,8268,8022
2025-03-22,-1.3525264095710825,1225,-4.273676403862284,1433,7857,7604
2025-03-23,-0.8857661177783979,1231,-4.678204222151914,1303,7166,7035
2025-03-24,-1.0406564319745892,1668,-4.190685308030356,1717,9445,9232
2025-03-25,-0.9273788468340993,1562,-3.87168786583523,1649,8481,8350
2025-03-26,-0.09031795098255692,1689,-2.6621222991872746,1757,9058,8915
2025-03-27,-0.5515783059110301,1574,-3.3015359748865465,1699,8205,7893
2025-03-28,-0.13561334087054844,1840,-2.458602277209467,1938,8845,8633
2025-03-29,-0.721781064137598,1175,-3.344097790115327,1218,6221,6105
2025-03-30,-0.6924932493249324,1106,-3.6251535667292196,1142,5555,5473
2025-03-31,-0.23777426368847604,1065,-2.6161902053026687,1086,5059,4984
2025-04-01,-0.21085288313966252,837,-2.3279981611586553,850,4561,4512
2025-04-02,-1.0604119785355717,889,-2.5858327453582923,926,5777,5571
2025-04-03,-0.18627249357326472,1032,-2.6421616018031897,1049,5835,5630
2025-04-04,0.530886850152905,1194,-2.1110052631696834,1260,6213,6029
2025-04-05,-0.14328397673188795,631,-1.8491819525067048,642,3782,3725
2025-04-06,0.0690174515897681,711,-1.6391345814254457,752,4183,4015
2025-04-07,0.4477316857899391,1026,-1.6331532188032611,1056,5665,5528
2025-04-08,0.21069662286279484,1271,-1.5735262695131178,1313,7077,6927
2025-04-09,0.7256765854315339,1326,-1.281855943505012,1365,7427,7277
2025-04-10,1.1392344062556827,2026,-1.1064798443678692,2095,10998,10746
2025-04-11,1.218697993147333,1999,-0.9481845489380205,2027,10215,9994
2025-04-12,0.5900853027548597,1312,-0.600480819844763,1339,7151,6958
2025-04-13,1.4688752424046545,1117,-0.2653855557393863,1145,6188,5992
2025-04-14,0.659385819659792,1250,-0.976620211451075,1278,6643,6439
2025-04-15,0.7385442394304814,1260,-1.0870383754795785,1290,6883,6676
2025-04-16,0.7434194762964229,1013,-0.9099927671167864,1025,5843,5622
2025-04-17,0.559063022866704,957,-1.1565316118020084,972,5379,5260
2025-04-18,0.3673662480646823,1036,-1.5487304063323728,1082,5813,5674
2025-04-19,0.20288737050914682,779,-1.5714391678669315,787,4537,4422
2025-04-20,-0.2392583512105426,627,-1.7980467590490825,629,3263,3226
2025-04-21,0.34595940252776725,924,-0.6674807146836967,956,5222,5093
2025-04-22,1.0387029623698971,1143,0.27231970093620206,1193,6245,6096
2025-04-23,0.3901738714308501,1107,-1.2272358610062821,1148,6269,6097
2025-04-24,0.7052074139452782,1127,-2.02339607049351,1302,6798,6693
2025-04-25,0.33152613976412604,949,-1.6157502858592983,1056,5681,5533
2025-04-26,0.010826666666666498,594,-1.1713158679414346,606,3750,3625
2025-04-27,0.9869578497251071,600,-1.2160977138098974,611,3274,3255
2025-04-28,0.9672809326814598,935,-1.5394667673364197,950,5318,5234
2025-04-29,0.7454530340814634,1097,-1.1866051634152768,1130,6015,5824
2025-04-30,0.5501081159002452,1267,-2.0990787460326055,1310,6937,6685
2025-05-01,-0.004681895412497825,1020,-2.149640027339523,1051,5297,5167
2025-05-02,0.16241988735676827,860,-1.5287096656088643,896,5149,5031
2025-05-03,0.7820697954271963,908,-0.903863144717232,939,4986,4890
2025-05-04,-0.39740543161978675,750,-1.6212647633517439,768,4124,4015
2025-05-05,0.4757190529159384,1163,-1.0198178182551771,1203,6293,6209
2025-05-06,0.5662992939555709,1067,-0.9034202420789024,1084,5807,5675
2025-05-07,0.1764899242532514,1163,-2.373194589022382,1189,6997,6848
2025-05-08,0.2649499100950424,1386,-1.7092437951787713,1425,7786,7665
2025-05-09,0.6218978102189786,1618,-1.950925488343214,1687,7809,7612
2025-05-10,1.0297583869285587,1089,-1.2555590735683257,1130,5753,5656
2025-05-11,2.183474678943544,2683,-0.4605526667921789,2771,12381,12159
2025-05-12,1.4750812763395507,3609,-1.1814624675581815,3768,16610,16379
2025-05-13,1.5117007146922994,3514,-1.0597443549648553,3605,15811,15534
2025-05-14,1.5516835104990279,4177,-1.000435920116429,4297,19097,18706
2025-05-15,2.03333833965381,6254,-0.8958422655718985,6560,26633,26371
2025-05-16,2.1393480691493942,5398,-1.129715465138803,5666,23254,23035
2025-05-17,1.696930693069305,2682,-1.7448228112656967,2775,12120,11987
2025-05-18,1.1173343488194976,1424,-1.6369504309897103,1484,6565,6452
2025-05-19,1.3629518465353014,1707,-1.9598887216007945,1780,7663,7551
2025-05-20,0.9746388443017667,1558,-1.515792422518503,1602,7476,7408
2025-05-21,1.3772504091653035,1416,-0.9270401001346809,1434,7332,7237
2025-05-22,1.142742049469965,1330,-1.1557047469453718,1356,7075,6914
2025-05-23,0.866082326970524,1426,-1.582250420209943,1475,7701,7533
2025-05-24,1.5369128486775545,1325,-1.2080077705754542,1363,6919,6690
2025-05-25,1.7621459783136453,1304,-0.7002600466744542,1318,6179,6124
2025-05-26,1.1594094538081363,1602,-0.6435537514967704,1636,7891,7613
2025-05-27,1.3504761904761906,1887,-1.0304465314434392,1971,9345,9160
2025-05-28,1.0645213454075033,1783,-0.6307352093498959,1829,9276,9054
2025-05-29,1.4861068025703532,1800,-0.9044142336301124,1842,9026,8771
2025-05-30,1.7591411169608753,2014,-0.8356302563735074,2060,9687,9543
2025-05-31,0.6018816471229885,1416,-1.4725460607817302,1486,7334,7205
2025-06-01,0.9907906976744182,1239,-2.063465884614787,1283,6450,6276
2025-06-02,1.8060507796329464,2884,-1.5687845849594186,3095,14494,14286
2025-06-03,1.4823331292100432,1887,-2.233527584912717,1939,9798,9630
2025-06-04,1.654367026496565,1568,-1.9052069711992154,1635,8152,8028
2025-06-05,0.658594051757435,1029,-1.613669378069128,1059,5178,5092
2025-06-06,0.6971486175115204,638,-1.393073052154387,652,3472,3425
2025-06-07,0.9334431137724551,591,-1.9506080260765186,617,3340,3244
2025-06-08,0.9114399544678436,658,-1.3934934018075782,672,3514,3421
2025-06-09,0.7724994455533374,837,-2.2719721286437657,878,4509,4392
2025-06-10,0.9744085173501579,927,-1.4989204055423637,938,5072,4901
2025-06-11,1.3292699843939662,1057,-0.8411282647865705,1092,5767,5697
2025-06-12,1.2779649745067614,763,-0.6001712707224203,790,4511,4480
2025-06-13,0.18312938489149944,1176,-3.2317410321475717,1218,6129,5990
2025-06-14,0.8683096147171124,538,-2.1223534833114432,559,2881,2855
2025-06-15,0.8999999999999999,6,-2.6486151673539635,6,30,30
2025-06-16,4.58,5,-4.66200466200466,5,5,5
2025-06-17,-0.14285714285714285,12,-0.3538554311043586,13,77,77
2025-06-18,1.4210526315789473,7,-3.3831998307257085,7,38,38
2025-06-19,1.0422535211267605,11,-0.9295984532458421,11,71,71
2025-06-20,3.0,1,0.42105263157895,1,8,8
2025-06-21,1.6153846153846154,11,-2.6058248852366472,11,52,52
2025-06-22,-2.142857142857143,7,-4.61334139955194,7,14,14
2025-06-23,4.724675324675325,22,1.9711925703228714,22,77,77
2025-06-24,2.7870967741935484,8,-0.23227080175710843,9,62,62
2025-06-25,1.2685314685314686,18,-3.074750828667893,18,143,133
2025-06-26,2.3142857142857145,13,0.9079247388181864,13,70,70
2025-06-27,3.3636363636363638,13,-2.46600205921731,13,66,66
2025-06-28,2.21978021978022,22,0.760862563202123,22,91,91
2025-06-29,1.0,3,-0.3043907170964899,3,14,14
2025-06-30,0.6068181818181818,17,-1.6071342436355784,17,88,88
2025-07-01,-2.0244444444444443,13,-0.35422222210305954,13,90,90
2025-07-02,-0.0042200580898685384,1030,-1.838555593491967,1050,5853,5737
2025-07-03,0.8543457189014545,1054,-1.0751912729139876,1103,6190,5894
2025-07-04,0.3017389807162534,1101,-2.238715454780963,1132,5808,5730
2025-07-05,0.19391538850497203,1094,-2.393844145021866,1118,5933,5803
2025-07-06,0.12006063668519448,713,-2.154939118743725,725,3958,3792
2025-07-07,0.8101386481802436,1076,-2.0204643337598,1098,5770,5667
2025-07-08,0.6958217270194985,1072,-2.0197278677478114,1129,5744,5688
2025-07-09,0.6818454732185181,1219,-0.5989659047348157,1279,6329,6219
2025-07-10,0.9975314861460963,1067,-1.2893547096333022,1080,5955,5749
2025-07-11,1.1048504793246536,1207,-0.8583876470370896,1245,6989,6769
2025-07-12,0.5745307068366169,702,-0.7617399901865721,724,4315,4266
2025-07-13,0.8034700315457415,611,-0.697867314602009,612,3487,3396
2025-07-14,0.7133652007648187,819,-1.1755167137125113,838,5230,5111
2025-07-15,0.6737903225806455,939,-1.4354964621769326,951,5208,5122
2025-07-16,0.4295345653661873,1097,-2.289358151501835,1121,5844,5733
2025-07-17,0.7891022099447522,1366,-1.8275246129260079,1411,7240,7138
2025-07-18,0.9576736448079862,1395,-1.4943316887813864,1453,7213,7123
2025-07-19,0.7412261741010026,830,-1.6744525816236304,871,5089,5051
2025-07-20,0.6381355932203393,942,-1.2570585106878631,972,5310,5226
2025-07-21,1.941301893891885,1438,-1.585274354331871,1499,7973,7858
2025-07-22,1.5501854457091702,1507,-1.798091402259693,1566,7819,7708
2025-07-23,1.8938217967599367,2646,-1.2074564159197583,2719,13580,13221
2025-07-24,1.5186660596403356,1684,-1.9263970423764516,1746,8786,8600
2025-07-25,1.7133041335888324,1417,-1.5556682780106084,1461,7306,7165
2025-07-26,1.3902399349329,909,-1.428744353109626,934,4918,4826
2025-07-27,-0.8066987740805609,847,-2.7612747275732743,881,4568,4410
2025-07-28,0.2578029375764993,1183,-1.7307249545513976,1222,6536,6324
2025-07-29,0.5691907514450865,981,-1.906777094475006,998,5190,5059
2025-07-30,0.9563839531049642,979,-0.919560390918511,995,5459,5342
2025-07-31,1.285270684371808,866,-0.45065270641201877,874,4895,4787
2025-08-01,1.3413108739159445,1138,-1.3207373183064801,1180,5996,5793
2025-08-02,1.442153570629058,777,-0.3593003964936008,801,4467,4389
2025-08-03,0.8179569034317636,669,-0.807790878407149,682,3759,3689
2025-08-04,1.3956595584072473,982,-0.7798400513950091,990,5299,5110
2025-08-05,1.229395002192022,861,-0.47722095764255795,873,4562,4510
2025-08-06,0.4313675755654196,838,-1.5877934331748638,843,4731,4461
2025-08-07,1.3267046406433245,1117,-1.1853066648782649,1141,5969,5779
2025-08-08,0.446211328650426,1201,-1.8064551862833835,1242,6691,6591
2025-08-09,1.1708447363619783,970,-0.5518104920738105,1040,5481,5420
2025-08-10,0.5372564302416211,715,-1.7437272037156222,737,3849,3733
2025-08-11,1.2720207253886018,944,-1.1115725842895303,960,5018,4944
2025-08-12,1.1504148278905564,1044,-0.8136091598905237,1078,5665,5574
2025-08-13,0.6363813229571983,1030,-1.3015573406719092,1056,5654,5535
2025-08-14,0.7176231025546094,1000,-1.3203543555808384,1016,5402,5251
2025-08-15,0.17509433962264134,753,-1.9347228825919156,766,4505,4288
2025-08-16,0.6590641636312689,616,-0.34459034508496017,643,3569,3505
2025-08-17,0.4229859335038363,546,-1.015002715902026,556,3128,3053
2025-08-18,-0.16964777105118334,613,-1.8970265514611482,620,3634,3542
2025-08-19,0.9812956810631243,1129,-0.721282713711886,1151,6020,5860
2025-08-20,1.2683382194105852,1250,0.09990231842005172,1280,6481,6360
2025-08-21,1.3809110997790248,1195,-0.4555223602857096,1214,5883,5758
2025-08-22,1.1639913232104122,832,-1.1845179836867166,840,4610,4512
2025-08-23,0.43677545056015604,768,-1.1152359026066296,797,4106,4040
2025-08-24,0.6000557258289219,738,-1.4742315761158082,747,3589,3513
2025-08-25,1.0861089030206683,849,-0.9235769471994179,870,5032,4844
2025-08-26,0.2861215932914045,845,-1.3973970171473478,864,4770,4654
2025-08-27,-0.12470366886171222,928,-2.329503466324795,948,5315,5219
2025-08-28,1.120324340709306,1293,-1.1412816384570899,1325,6598,6438
2025-08-29,0.0935460122699385,1494,-2.309974810905149,1546,8150,7968
2025-08-30,0.6774824253075571,833,-1.2351855860237528,855,4552,4451
2025-08-31,0.8511853448275858,731,-0.45859094240038994,764,3712,3630
2025-09-01,1.3686006825938584,1176,0.6122774691435948,1207,5567,5481
2025-09-02,0.6675208397653606,1228,-0.9458555571673471,1271,6478,6378
2025-09-03,-0.3911880409126673,904,-1.7159892533198384,923,5084,5045
2025-09-04,-0.5165685449957949,802,-1.8914257185834227,815,4756,4621
2025-09-05,-0.19102040816326535,642,-1.9764569160984107,649,3920,3870
2025-09-06,0.42086141224728996,601,-1.0137894748143566,615,3413,3322
2025-09-07,-0.12946031746031744,532,-0.8544093850801878,541,3150,3037
2025-09-08,-1.2060912863070539,1006,-2.935950146977382,1030,6025,5713
2025-09-09,-0.06109642164639525,1019,-2.83016715223049,1041,5673,5498
2025-09-10,-0.27383617193836185,1024,-2.2237625628423925,1061,6165,5992
2025-09-11,-0.03317651486639087,923,-1.561327962334684,929,5314,5165
2025-09-12,0.4371833480956599,998,-2.1233541050349136,1033,5645,5468
2025-09-13,0.27556534508076336,606,-1.5545780430124216,626,3405,3337
2025-09-14,0.5346033277067761,820,-2.061248971257507,837,4147,4020
2025-09-15,0.6767623577373872,1073,-1.7355948295719898,1099,5887,5746
2025-09-16,0.6798865851497435,1081,-1.1873866087424803,1109,5643,5553
2025-09-17,0.3663737872963572,988,-0.9051366241844458,1007,5463,5300
2025-09-18,0.3779649244660532,1013,-0.8259304570746111,1025,5759,5567
2025-09-19,0.8074115456238367,1070,-0.9395189094635774,1103,5370,5300
2025-09-20,0.4163519115614923,789,-0.8986347631178904,809,4342,4222
2025-09-21,0.8417691857059169,696,-0.6719878069880643,723,3414,3383
2025-09-22,0.5830674846625766,1108,-0.7374484461207627,1166,5705,5525
2025-09-23,0.9713763957007201,2097,-1.628266639288816,2222,9583,9450
2025-09-24,0.6620244077530508,1743,-1.2840977721342832,1802,8358,8269
2025-09-25,1.55003707136237,2343,-0.9574658249372745,2470,10790,10621
2025-09-26,1.292689609820253,1886,-0.49995742812729776,1989,9124,8923
2025-09-27,1.1955220188025735,799,-0.6746482011133427,823,4042,3989
2025-09-28,0.9535662299854439,628,-0.8749601084333322,638,3435,3330
2025-09-29,1.2780971438966717,994,-0.7053252715509383,1012,5497,5409
2025-09-30,1.441515672530089,1553,-0.8985410481824121,1668,7561,7486
2025-10-01,0.5229567854435182,1274,-1.4480416680874948,1296,6595,6378
2025-10-02,-0.23967930425329526,1419,-2.4800222108702843,1509,7359,7293
2025-10-03,0.46552930883639576,1271,-1.4649363899920211,1305,6858,6655
2025-10-04,1.1654209445585213,922,-1.028187916012353,947,4870,4744
2025-10-05,0.7617409374278454,830,-1.77310802802751,847,4331,4233
2025-10-06,0.43044109638772937,1031,-1.4876583274609239,1044,5509,5379
2025-10-07,0.7498066126013729,1604,-1.1976145802959621,1634,8015,7785
2025-10-08,1.0732084592145033,1652,-1.2329491672662012,1684,8275,8196
2025-10-09,1.5051056539120469,1786,-0.10760238206868988,1838,8755,8643
2025-10-10,0.8973310317354943,1456,-1.0993920025398585,1630,7531,7393
2025-10-11,1.343114045071705,827,-1.033444683774812,840,4393,4283
2025-10-12,1.6263067061143992,786,-0.292293050811052,796,4056,3932
2025-10-13,2.3413774028488428,1605,-0.08308949791304268,1645,7231,7044
2025-10-14,2.25331629221041,1610,-0.03377407963864623,1709,7433,7217
2025-10-15,1.1050416281221096,1149,-0.7078104094514114,1171,6486,6338
2025-10-16,1.0509602697551692,1177,-1.1540267349145696,1232,6821,6688
2025-10-17,1.8061101194562672,1221,-0.8048219227439964,1271,7283,7081
2025-10-18,1.4150934355534261,745,-0.7376344860764411,753,4174,4094
2025-10-19,1.5497382198952887,949,-0.7987796620194109,1026,4966,4872
2025-10-20,1.2014666029013252,1217,-0.12108861141261473,1250,6273,6189
2025-10-21,1.76964928057554,1247,-0.54904189636824,1286,6672,6442
2025-10-22,1.1435852927252639,1247,-0.3779128314301107,1263,6337,6247
2025-10-23,1.311385900112415,1144,-0.0015404536291799206,1179,6227,6086
2025-10-24,0.9112864721485419,1421,-0.8981302332824452,1452,7540,7362
2025-10-25,0.8724438902743145,737,-1.363287241955377,792,4010,3931
2025-10-26,1.140720752089137,1124,-1.378619524639045,1159,5744,5647
2025-10-27,1.3521147444683752,1851,-0.8165972053073803,1960,10214,10000
2025-10-28,0.74888772572625,1348,-0.7852261947604068,1391,7642,7458
2025-10-29,0.8257947198275862,1333,-0.7430494523597558,1385,7424,7224
2025-10-30,1.4634904254099286,1663,-0.8243861740872443,1714,8721,8593
2025-10-31,1.1890744518103018,1396,-1.4574032843887565,1485,7844,7668
2025-11-01,1.1970826235093694,815,-1.368492562478934,854,4696,4575
2025-11-02,1.5325569871159568,745,-0.7360359369540554,755,4036,3903
2025-11-03,1.5114068441064643,1495,-1.4228751441777892,1518,7101,7002
2025-11-04,1.5489188796981568,1255,-0.4120906596868082,1277,6891,6727
2025-11-05,1.4000936329588014,1197,-0.36405044908824835,1264,6408,6280
2025-11-06,1.1939408099688473,1174,-1.5561895050488646,1228,6420,6217
2025-11-07,0.2935908691834941,1239,-2.1947087560689087,1281,6834,6655
2025-11-08,0.08411962258116104,1161,-2.6596883665941835,1274,6253,6091
2025-11-09,0.7702821869488538,888,-1.3535909511566828,902,4536,4405
2025-11-10,1.0394408764639222,1040,-1.4316749557559885,1054,5294,5127
2025-11-11,0.875127863019791,1722,-2.758542356370386,1778,8994,8835
2025-11-12,1.1064261168384877,1786,-2.3675788604133836,1804,8730,8550
2025-11-13,0.7959092646871417,1444,-1.702708474586888,1467,7847,7723
2025-11-14,0.7767168913560667,1115,-1.284170649319128,1138,6305,6076
2025-11-15,0.5471732365145227,641,-0.5994099880061342,663,3856,3794
2025-11-16,1.3588821940577611,899,-1.4271921216414778,954,4813,4736
2025-11-17,0.9180231582480288,1073,-1.2250714108698515,1146,5959,5782
2025-11-18,1.379009701398514,1492,-0.8532599501410476,1534,7937,7588
2025-11-19,1.5725067628494145,2225,-1.0762538864981923,2334,11090,10795
2025-11-20,1.4143621575342473,1766,-1.2646953212538417,1887,9344,9157
2025-11-21,0.466648774378243,1019,-0.9754479392415046,1047,5589,5474
2025-11-22,1.3801355578727836,669,-0.6388250695675164,686,3836,3748
2025-11-23,1.5165126556850148,972,0.007436869004435938,1002,4978,4840
2025-11-24,1.6175677411069727,1517,0.2654648987783604,1669,7787,7657
2025-11-25,1.7479435236341323,1580,-0.4500322106051372,1627,8145,7955
2025-11-26,1.3329049752416893,1557,-0.47860846213368724,1671,8482,8343
2025-11-27,1.4630797610681623,2125,-0.19324584300763936,2277,11384,11087
2025-11-28,1.1671235833783087,1807,-0.47558157917514154,1893,9265,8945
2025-11-29,0.723232014663205,1263,-0.542359566707247,1280,6547,6318
2025-11-30,0.6635652853792033,1451,-0.8528385238965215,1515,7674,7518
2025-12-01,0.8958025064170326,1275,-1.2977642229982134,1323,6623,6495
2025-12-02,-0.14634310298467343,1443,-2.180311036576166,1468,7438,7310
2025-12-03,0.6548554992466794,1375,-1.038412221641263,1421,7301,7047
2025-12-04,0.8494868238557556,1241,-1.5227913979231908,1293,7210,6922
2025-12-05,1.1892683803703041,925,-0.7686148134757537,968,5563,5415
2025-12-06,0.8485162846803376,791,-1.6465240535111934,815,4145,4082
2025-12-07,1.3654668470906637,702,-1.3671420921309776,729,3695,3633
2025-12-08,1.4221190295678545,1016,-0.14340831600615217,1034,5276,5086
2025-12-09,0.6312925170068031,940,-1.1464882545730144,973,5292,5161
2025-12-10,0.9158733205374282,865,-0.6409683477443636,883,5210,5062
2025-12-11,0.953085614950022,769,-0.7228909369267078,803,4602,4504
2025-12-12,0.6281707933299658,1496,-0.7555137432119142,1522,7916,7814
2025-12-13,0.5204708478940606,1135,-0.8912136108396264,1152,5437,5370
2025-12-14,0.9072482781239747,566,-1.4576790679500056,571,3049,2973
2025-12-15,0.45704225352112665,781,-1.4313684230304244,824,4686,4557
2025-12-16,0.1321989033843827,940,-1.3118102181378732,967,5289,5186
2025-12-17,0.6449677650429797,950,-1.3200734563818883,965,5584,5376
2025-12-18,0.5950561066840144,1138,-1.0684259852572455,1183,6149,6068
2025-12-19,0.585078642384106,809,-1.5472253965577374,833,4832,4754
2025-12-20,0.9875394653757108,824,-1.0504508778638506,859,4751,4630
2025-12-21,0.9975546305931322,654,-1.2228635364140252,662,3844,3745
2025-12-22,0.6051826258637716,1072,-0.991051263673858,1121,6078,5857
2025-12-23,0.8466137434879686,1419,-1.966093258977016,1580,8062,7811
2025-12-24,0.9901489853583364,1521,-2.386882584083481,1642,7786,7659
2025-12-25,0.6415909756812191,1018,-2.4380624687500636,1079,6826,6631
2025-12-26,0.614915138007886,993,-1.7954704941098907,1015,5833,5655
2025-12-27,0.36959604641168875,856,-1.8486823528025358,886,4654,4587
2025-12-28,0.08239143367043424,598,-1.451217237194093,628,3362,3233
2025-12-29,-1.2264409098683078,1079,-2.8774002681186834,1103,5847,5726
2025-12-30,-0.1717113095238094,1207,-2.5551835683241673,1238,6720,6664
2025-12-31,-0.2865175097276265,919,-1.9060836734483615,941,5140,5042
2026-01-01,0.3718418514946962,541,-1.0009207667601099,549,3111,2985
2026-01-02,0.04856076759061807,718,-1.7213375596788227,725,3752,3664
2026-01-03,0.08975576662143823,522,-2.0697483045903886,553,2948,2894
2026-01-04,0.6001803101334294,499,-1.0474814192082715,507,2773,2749
2026-01-05,0.7143315937374549,859,-0.9890230734562461,869,4982,4875
2026-01-06,0.3377856667406255,842,-1.1864888265980176,856,4507,4377
2026-01-07,0.28424408014571934,787,-0.8657947170354668,791,4392,4238
2026-01-08,0.8793325987722337,1101,-2.1823040520438814,1121,6353,6229
2026-01-09,0.5250784245381667,1010,-2.283212993680962,1035,5738,5631
2026-01-10,-0.3238503850385037,752,-1.3941119168348441,766,4545,4391
2026-01-11,-0.13933209647495365,578,-1.7110511303048674,585,3234,3119
2026-01-12,-0.014245149077141504,739,-2.159795884972945,752,4226,4147
2026-01-13,0.1238631790744467,799,-2.021538606815167,821,4970,4871
2026-01-14,0.577714791851196,976,-1.560669629783871,1005,5645,5493
2026-01-15,0.5284798404331104,1184,-1.8489726079800985,1230,7019,6811
2026-01-16,-0.10176777074804647,929,-1.1106740490771805,961,5374,5228
2026-01-17,0.31848314606741546,627,-0.981650164946981,654,3560,3467
2026-01-18,0.12378964941569284,659,-1.2817298092633722,665,3594,3425
2026-01-19,0.40219290426100895,1055,-1.223909840153198,1067,5609,5475
2026-01-20,0.32813972380178713,1129,-1.7983328035378208,1174,6155,6088
2026-01-21,0.09366840731070504,1136,-0.4972711974989635,1190,6128,5959
2026-01-22,0.2260238465526177,1035,-1.0484714187914865,1053,5787,5453
2026-01-23,0.9090246125797633,996,-0.662356274585501,1043,5485,5331
2026-01-24,0.3055130572408335,706,-1.4856860917800696,726,3791,3711
2026-01-25,-0.08642058923129034,495,-0.9483203204095615,498,2953,2910
2026-01-26,0.6749070995501658,867,-0.894449237733002,891,5113,5017
2026-01-27,0.6571531143421291,1049,-1.098291378831657,1065,5571,5399
2026-01-28,0.7124393678610548,1256,-1.045380906067244,1269,6391,6214
2026-01-29,1.3002775343266142,1388,-1.403121323215058,1433,6846,6768
2026-01-30,1.2500562851782369,1629,-1.8730264274490043,1688,7995,7877
2026-01-31,0.9618885096700797,822,-1.5977420638293156,840,4395,4349
2026-02-01,0.7713792252652357,666,-1.4910707729645556,678,4053,3867
2026-02-02,1.4241071428571448,1214,-1.0212867797752676,1257,6496,6348
2026-02-03,1.5914715500327035,1545,-0.8669878797554564,1591,7645,7456
2026-02-04,1.4415104445634719,1483,-0.8495961137908756,1560,7468,7354
2026-02-05,1.199018538713196,1237,-0.8287296291794126,1276,6419,6163
2026-02-06,1.1252359750667864,1034,-1.339459151216539,1039,5615,5482
2026-02-07,0.9075748678802114,607,-1.170546168417454,618,3406,3302
2026-02-08,0.21674389867160934,579,-0.9244833996870652,588,3237,3145
2026-02-09,0.7479846449136276,884,-0.9905774161019504,910,5210,5070
2026-02-10,0.09000498919008808,1061,-1.1622668880411995,1079,6013,5719
2026-02-11,1.006003348481225,1602,-0.5576340913844595,1642,8362,8181
2026-02-12,0.8918749017758916,1228,-0.4066704320819322,1253,6363,6277
2026-02-13,0.7640525400811282,857,-0.7273445036602636,878,5177,5021
2026-02-14,0.33468834688346893,476,-0.363309123915065,486,2952,2854
2026-02-15,-0.022967479674796593,560,-0.39705789265545804,588,2952,2874
2026-02-16,0.0006044487427466314,694,-1.391743173740155,707,4136,3932
2026-02-17,1.0772258219342454,717,-0.4682302092713728,729,4167,4112
2026-02-18,1.0261473197069033,905,-0.5812332526095355,916,5186,5123
2026-02-19,0.9884126407555396,910,-0.9135374303536808,943,5506,5397
2026-02-20,-0.1907605524217079,950,-2.3333738330457394,965,5141,4966
2026-02-21,0.5329962073324904,523,-0.6417556368105325,534,3164,3116
2026-02-22,0.2068879371877231,489,-1.3569289808758405,500,2802,2718
2026-02-23,0.2856264411990776,577,-1.5294251736451385,602,3903,3756
2026-02-24,0.24911543564794333,655,-1.5810327574239809,662,4522,4228
2026-02-25,0.11096550395066473,839,-1.8278013400265767,856,5189,5012
2026-02-26,0.5103766182816788,862,-0.8524195598544998,881,5098,4952
2026-02-27,0.29442284941693403,1162,-3.1183906922068445,1245,5917,5766
2026-02-28,-0.016150824823252117,1148,-3.468190678308162,1168,6365,5883
2026-03-01,-0.010454035874439577,723,-3.2016156394478705,750,3568,3446
2026-03-02,-0.5219728601252606,1039,-2.9989377453770127,1066,5748,5600
2026-03-03,-0.2738909090909092,997,-2.4100225798472454,1009,5500,5343
2026-03-04,-0.6976120534445178,1663,-2.646367584657678,1740,10553,10352
2026-03-05,-0.6083046136742631,1590,-2.9015778062934796,1645,8995,8782
2026-03-06,-0.02978723404255325,1113,-2.348107356571345,1154,6533,6472
2026-03-07,1.188660874775315,907,-2.1597687735680853,988,6676,5540
2026-03-08,0.5591815856777493,669,-2.0112005960695543,694,3910,3838
2026-03-09,-0.6949625668449192,1468,-2.615104271887175,1544,9350,9135
2026-03-10,0.07846449136276357,1409,-1.8622473836191211,1442,7815,7735
2026-03-11,0.5832411886662063,991,-1.6509444408606004,1011,5788,5639
2026-03-12,0.49792455938066205,1007,-1.8905764310671338,1027,6071,5925
2026-03-13,-0.22731481481481478,1145,-2.057303797259807,1158,7128,7018
2026-03-14,-0.22001226492232215,808,-1.6513673234868897,830,4892,4637
2026-03-15,-0.6727088167053364,583,-1.9397604992031188,592,3448,3354
2026-03-16,0.33114639271538643,724,-1.7359542897826996,747,4283,4196
2026-03-17,0.4565983012222911,775,-1.4847620204814698,792,4827,4761
2026-03-18,0.6071358748778104,1112,-1.9321519848267454,1131,6138,6017
2026-03-19,0.7728027541514794,882,-2.108984864467062,900,4938,4753
2026-03-20,-0.008355228586442567,656,-2.049840460990562,676,3806,3775
2026-03-21,-0.3455977093772369,503,-2.1842371672143805,511,2794,2722
2026-03-22,0.1894022735606894,466,-2.4528529652757487,470,2727,2671
2026-03-23,0.9119526627218938,753,-2.3330950113683544,778,4225,4131
2026-03-24,0.5379852677682659,912,-2.0531248027410354,948,5023,4866
2026-03-25,0.9176622482354965,1034,-1.8691954276580904,1085,5809,5673
2026-03-26,-0.3095189355168885,1024,-2.381748871889246,1059,5862,5636
2026-03-27,0.8766024915062288,761,-1.5336777454438253,777,4415,4307
2026-03-28,0.5431900021181952,868,-2.3315914550652574,896,4721,4605
2026-03-29,1.532943849399546,1201,-2.875609444445973,1430,6162,6018
2026-03-30,0.7582510822510834,1189,-2.5090162387466535,1200,5775,5649
2026-03-31,0.8261451460885957,958,-2.385508521542806,1026,5305,5118
2026-04-01,0.9630551034643107,737,-2.26694603722949,748,4301,4220
2026-04-02,0.800563512561634,765,-1.518821451454056,790,4259,4146
2026-04-03,-0.250476980506014,818,-2.101251791279765,830,4822,4641
2026-04-04,2.008686399690463,1080,-1.1531852280440966,1111,5169,4999
2026-04-05,1.7298668885191357,737,-1.5122642817580714,772,3606,3535
2026-04-06,0.8382901866345582,907,-2.0129392225604468,931,4983,4822
2026-04-07,-1.6093431038995025,1307,-3.937157983368297,1467,7642,7393
2026-04-08,-0.11005361930294931,1260,-2.479574039990509,1306,6714,6577
2026-04-09,0.033679525222551805,929,-2.180609057423286,934,5392,5308
2026-04-10,0.4397722651484347,883,-1.7810639072228711,896,4918,4809
2026-04-11,0.07439794248304887,721,-2.071130964217062,726,4277,3990
2026-04-12,-0.7391881541996427,774,-3.983126097331314,816,3917,3855
2026-04-13,0.1132331106161842,973,-2.992523814971047,1001,5388,5312
2026-04-14,-0.525953666608605,1027,-2.352560090979272,1056,5741,5677
2026-04-15,-0.7239634056367128,1347,-2.995966290743154,1381,6777,6670
2026-04-16,0.12169825859146255,1233,-2.3512099094199974,1246,6489,6331
2026-04-17,1.4337934496172633,1545,-0.6216164754963133,1589,7969,7875
2026-04-18,1.3383239323126515,1139,-0.4372408824680146,1204,6205,5955
2026-04-19,1.2893974877581436,923,-1.0642244706592656,951,4697,4607
2026-04-20,0.8212652311801039,1019,-0.8746472998353712,1057,5991,5786
2026-04-21,0.49410892138164864,805,-1.5421084431342165,821,4719,4670
2026-04-22,0.7772010512483576,1035,-0.6338175485703712,1113,6088,5919
2026-04-23,0.6636241610738256,916,-0.6464646795454846,947,5215,5109
2026-04-24,0.09072046109510071,825,-1.7853519885356817,853,5205,5038
2026-04-25,0.1344473684210526,629,-1.3097266490894415,638,3800,3558
2026-04-26,0.5320155312389694,485,-1.1527195643315187,505,2833,2786
2026-04-27,0.4547602970965563,770,-1.0986472021689007,778,4443,4340
2026-04-28,0.5936359489051094,766,-1.3098870776118265,780,4384,4251
2026-04-29,0.8422247706422015,751,-1.1087387570774707,769,4360,4306
2026-04-30,0.25080992413368863,839,-1.8385461058942738,865,4877,4793
2026-05-01,-0.7443220753793441,730,-2.090849956848522,746,4086,4017
2026-05-02,0.6492124606230312,469,-1.3978327797804018,471,2857,2815
2026-05-03,0.5930485436893197,440,-1.5299962943210277,443,2575,2510
2026-05-04,1.1909004514136379,688,-0.5279791283422041,697,4209,4132
2026-05-05,0.6282274382840958,824,-1.0338992243134602,840,4942,4724
2026-05-06,1.0877953659096127,713,0.010232745738262352,719,4359,4273
2026-05-07,0.9700673724735326,899,-0.7342220015920202,923,5195,5026
2026-05-08,0.42975917431192634,883,-0.8030258768086698,892,5232,5007
2026-05-09,0.9800950871632329,552,-0.2925485305492046,561,3155,3083
2026-05-10,0.9633567988143755,469,-0.5757874272709355,474,2699,2602
2026-05-11,0.6802154547337893,858,-1.7474716874318261,874,4827,4750
2026-05-12,0.43844189016602797,822,-0.9928543457384875,835,4698,4591
2026-05-13,0.2684562545191612,898,-1.220413288071443,909,5532,5353
2026-05-14,1.0871694599627568,935,-0.13943431254207006,951,5370,5231
2026-05-15,1.0384028185554905,815,-0.6794679248275929,842,5109,5011
2026-05-16,0.46332101222632904,584,-1.0431810401480073,589,3517,3420
2026-05-17,0.9186646993729252,441,-0.7469545096678895,453,2711,2636
2026-05-18,0.06102787786838606,871,-2.1329958699692395,893,5273,5153
2026-05-19,0.31716606498194944,1002,-1.8654637682459376,1031,5540,5496
2026-05-20,0.4821750751754093,1042,-0.9533281687853938,1054,5986,5881
2026-05-21,0.7122115522430846,1224,-1.3262068963480456,1266,6977,6847
2026-05-22,0.8718732234224005,1210,-1.1110778998592021,1248,7036,6851
2026-05-23,-0.28980420248328576,708,-3.0988863380480365,743,4188,4100
2026-05-24,0.487355769230769,750,-1.3584865108234223,825,4160,4085
2026-05-25,0.6776447540269918,1011,-1.0787939754969982,1027,4594,4540
2026-05-26,1.4145311236863383,1033,-0.8626463780368306,1043,4948,4862
2026-05-27,0.8612515644555695,797,-0.772100937001056,810,3995,3897
2026-05-28,0.5221959548200681,678,-1.2454782690127546,711,3807,3765
2026-05-29,-0.8421120913336795,654,-2.1628957618898363,661,3854,3786
2026-05-30,0.86013851481339,429,-0.8821624592446716,435,2599,2541
2026-05-31,0.37355516637478103,487,-1.2830155155946725,500,2855,2813
2026-06-01,0.30569779116465867,738,-1.3157402751890237,760,3984,3942
2026-06-02,0.6257465318598635,728,-0.9892462445221131,734,4253,4205
2026-06-03,0.9097608780870244,905,-0.28837382381357024,915,5102,5057
2026-06-04,1.3447716119290298,874,-0.7484187256755634,893,5298,5149
2026-06-05,0.47253074176913923,833,-0.7692492875002851,855,5042,4998
2026-06-06,0.6187089403027711,638,-1.3175426137080948,641,3501,3424
2026-06-07,0.5699394325788969,532,-0.7230601469604494,538,3137,3088
2026-06-08,1.2429080647556823,1190,-1.2739197288817108,1324,6733,6678
2026-06-09,0.7701741784880595,1000,-0.6180668319336122,1024,5569,5473
2026-06-10,0.26518084946720694,1262,-1.6076748938204966,1313,6663,6576
2026-06-11,0.7424843078956063,1110,-1.4795815325074846,1141,6054,5930
2026-06-12,1.268516542155817,874,-0.4775483246372859,883,4685,4603
2026-06-13,0.6184713375796176,545,-0.38303029689374124,549,3140,3099
2026-06-14,0.48799373040752325,535,-0.0534119674920833,539,3190,3092
2026-06-15,1.6248318385650238,1021,0.9699201486726068,1032,5352,5262
2026-06-16,0.7510207673354453,979,-0.8630687200556006,994,5682,5586
2026-06-17,1.0248718474472016,817,-0.44575447890512937,829,4877,4769
2026-06-18,1.3096674541159372,938,-0.5319289821458566,955,5503,5411
2026-06-19,1.2676347722299592,855,-0.18833382092942672,864,5027,4971
2026-06-20,1.1668569874932035,577,0.08734747853589166,593,3678,3640
2026-06-21,1.145396505376344,553,-0.32933651821415943,560,2976,2913
2026-06-22,0.6146861669713587,899,-0.5261341138011656,915,4923,4819
2026-06-23,0.37794956745812636,931,-1.4156812433504544,958,5433,5324
2026-06-24,0.8428072111846948,966,-0.5468551400466813,980,5436,5354
2026-06-25,0.9591702337833385,978,-0.4835280145719757,989,6074,5641
2026-06-26,0.796192668673632,971,-0.7788786282619609,993,5647,5471
2026-06-27,1.1480179926904694,537,-0.4232784291988555,555,3557,3457
2026-06-28,0.12770642201834861,654,-2.686190734852237,670,3815,3760
2026-06-29,0.8396334012219961,1218,-1.1422245014099286,1247,7365,6609
2026-06-30,0.2801933186365947,1049,-1.4247895390791545,1060,5897,5801
2026-07-01,0.47670231729055235,1008,-1.2183023249777982,1039,5610,5520
2026-07-02,0.3605039034776433,988,-0.5754195922456405,1018,5636,5438
2026-07-03,0.9047490785370008,1363,-1.2445504151345588,1413,7054,6881
2026-07-04,0.7508651766402311,1074,0.31036794659424205,1082,5548,5400
2026-07-05,0.42512344459806395,973,-0.825488035667546,999,5063,4995
2026-07-06,1.1022794751460596,2114,-1.0816651313024632,2186,10441,10317
2026-07-07,1.5505890131025313,3635,-0.4315273847926737,3868,16638,16375
2026-07-08,1.445746517785195,3862,-0.9096782749936544,4107,17374,16944
2026-07-09,1.845839463789434,2601,-0.5904154023971725,2716,12234,12034
2026-07-10,1.470271434726411,1861,-0.897693410156093,1906,9284,9148
2026-07-11,0.5279164248403944,959,-1.291082777130176,984,5169,5104
2026-07-12,0.9717567881178935,819,-1.1679635678261666,843,4309,4221
2026-07-13,0.9294601867975307,1144,-0.9002757908433813,1176,6317,6143
2026-07-14,0.6211876953446291,1119,-1.1684197829248477,1150,6079,5955
2026-07-15,0.32451235370611164,1117,-1.442583691545418,1131,6152,6022
2026-07-16,1.5959350899742937,1103,-1.10876307731859,1150,6224,6152
2026-07-17,1.008164642375169,786,-1.037325104301617,798,4446,4354
2026-07-18,0.8018823529411766,480,-1.0577876372900321,488,2975,2941
2026-07-19,0.6958345221112694,607,-1.2673162758115328,616,3505,3455
2026-07-20,0.2607935314027828,972,-1.1888406304374333,979,5318,5189
2026-07-21,0.3457463884430177,751,-1.3608009990003587,766,4361,4265
2026-07-22,0.36379772961816287,841,-1.2964631448750998,865,4845,4784
2026-07-23,0.9111493264545714,576,-0.8630175620724095,586,3489,3413
2026-07-24,0.8143756786102062,789,-0.8421942508013149,799,4605,4559
2026-07-25,1.4993038150932898,639,-1.2104946185701162,657,3591,3519
2026-07-26,-0.20021420921099622,486,-1.47194893534947,495,2801,2741
2026-07-27,0.8546235472460841,753,-1.0304155310073533,763,3958,3867
2026-07-28,1.2211609110947832,1067,-0.5910959926120818,1101,5444,5337
2026-07-29,0.8765364008824454,1113,-0.7876394447406463,1163,6346,6249
2026-07-30,0.684579976985041,1179,-0.25072812044550274,1201,6083,6029
2026-07-31,0.8062292909211407,1040,-0.8500620409089559,1064,6036,5928
2026-08-01,1.452139865234019,690,-0.4426602435569923,720,5491,4283
2026-08-02,0.6697544642857142,639,-1.2024839934513374,648,3584,3508
2026-08-03,0.37774307724338946,832,-1.2744938735699838,862,4803,4647
2026-08-04,0.520798130505123,973,-1.74602778835072,1034,5563,5284
2026-08-05,0.7914846278317156,903,-1.174988840322815,909,4944,4803
2026-08-06,0.8291550802139037,877,-1.176187854732987,900,4675,4641
2026-08-07,2.6280386314599786,2110,-0.473480869519763,2217,9733,9576
2026-08-08,1.696933158584535,1484,-1.307674800701498,1513,7630,7369
2026-08-09,1.828741865509761,1334,-1.800782273044379,1347,6454,6302
2026-08-10,1.616902738432483,1180,-1.0116487518484507,1194,6354,6170
2026-08-11,1.2976611589481055,1732,-1.2190182189816596,1765,8594,8409
2026-08-12,1.2930318003294075,1594,-1.4221896741609505,1624,7893,7637
2026-08-13,1.0992686850958029,1309,-1.0462300025719706,1357,6837,6612
2026-08-14,1.3333383731478694,1294,-1.1421590853295682,1307,6614,6231
2026-08-15,1.1432361279870398,970,-0.941918624675416,994,4938,4836
2026-08-16,0.922676419965577,903,-1.120393831648365,917,4648,4544
2026-08-17,1.5573976608187134,1366,-0.4809979840931295,1401,6840,6749
2026-08-18,0.8696688571060432,1526,-1.7078463354100366,1592,7761,7637
2026-08-19,-0.22332151300236394,1741,-2.1558620938195405,1762,8460,8316
2026-08-20,-0.4172226905937602,1712,-2.2016880496865374,1751,8303,8100
2026-08-21,-0.3426515072493996,1862,-3.6622024413033643,1906,9587,9454
2026-08-22,-0.4911114859166809,1154,-3.3149608409255267,1180,5929,5865
2026-08-23,-0.21078278900984926,1090,-2.1658956964120515,1104,5787,5711
2026-08-24,0.46743906625472015,1097,-2.0933284720176064,1122,5826,5668
2026-08-25,0.38638925729442936,1093,-2.1319785051492692,1110,6032,5889
2026-08-26,0.47533321793318334,979,-1.338968813511804,996,5777,5645
2026-08-27,0.5326090705294015,1066,-1.1706732840779606,1096,5799,5697
2026-08-28,0.4600577478344569,939,-1.2478236103195093,959,5195,5050
2026-08-29,0.7233216237314597,854,-1.2482472181639346,868,5124,4945
2026-08-30,1.1546456473214295,1317,-0.6088164113914378,1376,7168,7031
2026-08-31,1.5988066272737802,1642,-0.2722540037328055,1699,8631,8427
2026-09-01,2.043291666666667,458,-0.6282759180621023,475,2400,2378
